FlatSize,Speed,Repeat,RMS,Peak,CrestFactor,Kurtosis,Skewness,ShapeFactor,ImpulseFactor,SpectralEntropy,BandEnergy_0_200Hz,BandEnergy_200_1000Hz,BandEnergy_1000_3000Hz,FFT_PeakFreq,STFT_SpectralEntropy,CWT_SpectralEntropy
0,5,0,0.0732796593639516,0.2882442440171331,3.9334823130868544,3.03831852600242,0.0082230004219106,1.2565971685812125,4.942802737289219,8.938441359414401,0.0622141607102056,0.2536036736511267,0.6841821656386677,808.3333333333334,6.996354964892701,5.571253154110573
0,5,1,0.1162618218223571,0.4538722351813686,3.903880294210983,3.054444859867267,-0.0167930514164914,1.2558228375225509,4.902582028424407,8.93022834776934,0.0544978693939874,0.2658342022001799,0.6796679284058326,493.33333333333337,6.994872815380509,5.574585477282184
0,5,2,0.1645768486893326,0.7331988155298356,4.455054409954558,3.024448075702764,-0.0098338259585766,1.2539481472956948,5.586407223464033,8.923693593945762,0.0704083975717938,0.2582539769686655,0.6713376254595407,1026.6666666666667,6.996286390568136,5.575941171135694
0,5,3,0.0595840147251824,0.2363403444134344,3.9665058741593695,2.9668021921386374,0.0094917954047872,1.249744568342848,4.957119171530673,8.931999642739484,0.0573068884925354,0.2547096583431857,0.6879834531642789,2120.0,6.993378007179251,5.5658332419431655
0,5,4,0.10991968513425,0.4091820404945698,3.722554699777539,2.950505132929176,0.0069025922752184,1.2520594941631698,4.6608599543981954,8.925157359263272,0.0716735143375066,0.2740177981926716,0.6543086874698216,3711.666666666667,6.995050694364439,5.57709011642741
0,5,5,0.0596764530018671,0.2612816186348127,4.378303426087303,3.0262720522010755,-0.0090750090033509,1.253096685840085,5.486437512832289,8.928853287006369,0.0667409996095549,0.2726631861339674,0.6605958142564775,3296.666666666667,6.996686707978446,5.579090210858398
0,5,6,0.1692818726111504,0.6065259475342032,3.582935007621435,2.921383908066717,0.0066850678664974,1.248980718341219,4.475016739588921,8.915150617739252,0.0668926742783233,0.281525680363492,0.6515816453581846,335.0,6.988222227122287,5.576941197328043
0,5,7,0.1650258944687785,0.7116555064856784,4.312386906167125,2.998127768245856,-0.05896345047225,1.253601055673134,5.406012778042109,8.928592417750576,0.0745985182075531,0.2641040936207047,0.6612973881717421,4956.666666666667,6.995612973027591,5.574800885317804
0,5,8,0.1541521136899633,0.5741990411748393,3.724885941750307,3.010417184736175,-0.0459458141005071,1.2548912076604777,4.6743266178405785,8.928084600468253,0.064132070229747,0.265070401445091,0.6707975283251619,2548.333333333333,6.996381729568858,5.569600275075248
0,5,9,0.0881117255799598,0.3611665349394645,4.098961092433859,2.993938521428137,-0.0271107252950105,1.2519124879054022,5.131540579056318,8.92106068377889,0.0756103323743417,0.2723699327391604,0.652019734886498,4055.0,6.994887422329218,5.567668955568384
0,5,10,0.1024907227243172,0.3805983878825409,3.713491111837374,2.9192857821092497,0.0084212055894444,1.2474913617327898,4.632548083888618,8.932399030360994,0.0738128718992469,0.2549616586600945,0.6712254694406584,3893.3333333333335,6.998324484686739,5.566766831079731
0,5,11,0.188935733196905,0.734229039362271,3.886131156550849,3.0433865191047254,0.0250232704775383,1.257047912210756,4.885053056919415,8.933306178183887,0.0667670155206935,0.2553999157620658,0.6778330687172407,3860.0,6.998049059658866,5.578522492674916
0,5,12,0.1329618124962363,0.5867419563906329,4.412860695677124,2.9522781227079578,0.0104816572018053,1.246255258839899,5.499550848515511,8.934638735115747,0.0676237791616113,0.2636462113659008,0.6687300094724878,3548.333333333333,6.995950610987716,5.572332091596643
0,5,13,0.0855308966937844,0.3062803968731347,3.580932840791697,2.9342764106570294,0.0084629763257577,1.256990128731807,4.50119723252671,8.930530894200375,0.0601643548757498,0.2707628212316423,0.6690728238926078,3813.3333333333335,6.997139388374436,5.5724939385803935
0,5,14,0.1601782961578823,0.6144320903430952,3.83592599672474,3.0528054150094786,0.0249529112501448,1.2582665154773334,4.826617237527756,8.921076488452451,0.069187855351206,0.2463269206957835,0.6844852239530105,2570.0,6.99502253118599,5.577511275934317
0,5,15,0.1538699700670437,0.572395597687346,3.719995509441794,2.942829671729222,0.0063292027650625,1.246822283839684,4.638173296955586,8.924881994918906,0.0596473729527495,0.2658662052241382,0.6744864218231122,420.0,6.991742749025788,5.574393003386685
0,5,16,0.1554799542924995,0.5879501101129265,3.781517127325845,2.9930532216497827,0.0213289441944533,1.257832417578672,4.756514830379421,8.924969012329395,0.0607607286881258,0.28550903822321,0.6537302330886642,841.6666666666667,6.994476418574575,5.572612938281091
0,5,17,0.0713106341790169,0.2992679704141635,4.196680815695545,2.978603667523932,-0.0060127421685053,1.2532331917354438,5.259419693349034,8.91011887355766,0.0634753435416675,0.2587410869189647,0.6777835695393677,2883.333333333333,6.991431475186946,5.572267951561999
0,5,18,0.1327980609763304,0.5104869878724279,3.844084650930375,3.0233699332069626,-0.019239577801684,1.2561322264485868,4.82867861123001,8.928195530013376,0.0603442272950032,0.2792584514780289,0.6603973212269678,3510.0,6.998647022911152,5.576953307989068
0,5,19,0.1944358883496287,0.7188551727977647,3.697132144170531,3.131873254710156,-0.003357092834827,1.2566030447528551,4.645827509218341,8.929241815784579,0.0679328085204415,0.2841153663571629,0.6479518251223956,2795.0,6.995486875260867,5.568515220697703
0,5,20,0.0826238107174292,0.3355270511844824,4.060900220784707,3.064245896284705,-0.0204434820641601,1.2608931738608953,5.12036136811764,8.920923500050353,0.0755651457008278,0.259988484169728,0.6644463701294442,4135.0,6.997254148081926,5.575916910293804
0,5,21,0.1289044127127639,0.4637845239379802,3.597894860057472,2.9826325645291383,-0.0199439631180083,1.2552762140631866,4.516351838530341,8.921585247142467,0.0614357641170482,0.2709673241915513,0.6675969116914005,4331.666666666667,6.988740318506338,5.580063987099435
0,5,22,0.0960942612946869,0.3524599403575547,3.6678562862009545,2.934033842421249,0.022451264984703,1.2503336145223702,4.586044007874237,8.927761912206194,0.0553901376409158,0.2590058654963492,0.6856039968627351,3151.666666666667,6.993044815040907,5.566742188671172
0,5,23,0.0879329890499239,0.4046967273139421,4.602331066946624,2.8430001796198177,0.0207404754514635,1.2430488344803734,5.720922268660814,8.922356518502362,0.0702873210677824,0.2680119638805314,0.6617007150516862,111.66666666666669,6.992882959574625,5.562964590187238
0,5,24,0.1030409722958022,0.3903548383845045,3.7883458364882583,2.924629330869589,-0.0268250771039588,1.2466363774729343,4.722689730214396,8.934125528772629,0.0760520371866507,0.2530786500918888,0.6708693127214606,3276.666666666667,6.996752654067248,5.555252198159715
0,5,25,0.1546963813349531,0.5714461844066647,3.6939854667275824,2.9616137012930897,0.0060344428212221,1.2513349865615553,4.6224132543661405,8.928730872670437,0.0666797967732881,0.2739743736987439,0.6593458295279679,4256.666666666667,6.997078635546504,5.572235136663832
0,5,26,0.0972751765645836,0.388706509898525,3.995947616095586,3.0286734938555333,0.0392829855060947,1.2513611363465846,5.000373549658798,8.932926480056466,0.0629393456349297,0.2741276941313527,0.6629329602337175,178.33333333333334,6.991169415598161,5.577142986022219
0,5,27,0.0994991138787085,0.3508943170409414,3.526607457717549,2.956519206611749,0.0177589426690542,1.2560942977938967,4.429751518196444,8.917023222340712,0.0555016820411545,0.2608400852416858,0.6836582327171596,1415.0,6.99092189784992,5.575603491086985
0,5,28,0.0967264988319147,0.3508172708288032,3.626899299213048,3.0206830633376973,-0.0230391491606487,1.2589544894091602,4.566101155379204,8.936166238519977,0.0668122892718556,0.2516431842641637,0.6815445264639807,1765.0,6.9976182512144085,5.576956117460805
0,5,29,0.0968151285399938,0.3391859346721422,3.503439387905436,2.9406228913630854,-0.0160237938575977,1.250534193629267,4.3811707498833385,8.923615296360087,0.0517884573534178,0.2769869455932039,0.6712245970533782,2350.0,6.994469150704704,5.571802764350632
0,5,30,0.130116946795881,0.5717895971164281,4.394428329258403,3.006703336166128,-0.0507516749390414,1.25791787193378,5.527829932306247,8.938972114869156,0.0606337533807778,0.2625336760625317,0.6768325705566904,1161.6666666666667,6.9980176218047045,5.569149509468196
0,5,31,0.1899371257197486,0.6732165381518144,3.5444178466991345,2.985330751897634,-0.0269577378841431,1.2553252426572752,4.4493971934863685,8.925251906443032,0.0696668769740424,0.289355336812424,0.6409777862135336,4193.333333333334,6.99380232500712,5.578158279446765
0,5,32,0.1394261390169265,0.5250086888816683,3.765496861516988,2.917953239306805,0.0091295259407061,1.2517223033123743,4.7133564046135605,8.922026149728604,0.0776193697560195,0.2609105938470953,0.6614700363968852,4623.333333333334,6.991704342466779,5.560247160296085
0,5,33,0.0848758886590099,0.3252278033248019,3.831804396551404,3.0680202309578384,-0.0128613940410422,1.2554441993104968,4.810616602542919,8.926501598895339,0.0618589358444469,0.264721981443224,0.6734190827123291,2970.0,6.998759564516144,5.575787990745344
0,5,34,0.1597785115916536,0.6125385965317387,3.8336731919070894,3.026535287966426,0.0006762184427763,1.2570730939717811,4.81920742062732,8.925122707418236,0.0688585114646673,0.2653725326952906,0.6657689558400419,4403.333333333334,6.995326589788539,5.578636748857258
0,5,35,0.1543312225331004,0.571425425096352,3.7025911913177176,2.9504859279344786,-0.0299328836182118,1.2497844344975029,4.627440838216449,8.936063194166545,0.0731303117028814,0.2772007029571326,0.649668985339986,3801.666666666667,6.997072451765881,5.578461343004434
0,5,36,0.1163895256152984,0.4704132153119884,4.041714345213864,3.05118351073234,-0.0511120421213508,1.256012471056068,5.076443622034825,8.922863440086743,0.0568882933779778,0.2635489781272303,0.6795627284947917,3510.0,6.994208576556041,5.573895441602081
0,5,37,0.1929455573479263,0.8522095180477617,4.41683928752517,3.103977891468955,0.0347205143418509,1.2505230700198922,5.52335942562045,8.932397025286784,0.0646270964654383,0.2559231952167468,0.6794497083178149,4128.333333333334,6.998653798503776,5.5742883249542645
0,5,38,0.1471163725563486,0.5432682132148814,3.6927787422626825,2.946945917669803,-0.0587391970765679,1.2453607415857864,4.598841672976481,8.928628208433992,0.0607805043827339,0.2625646585449585,0.6766548370723076,423.33333333333337,6.996497518324047,5.574907658689707
0,5,39,0.1368501551201079,0.4940847824619742,3.610407178774007,2.985251823570766,-0.0045145085479583,1.2508973836015929,4.516248893664813,8.931641922286701,0.065344684043875,0.2617466154978043,0.6729087004583206,3966.666666666667,6.998803241536154,5.575854797844563
0,5,40,0.126139530069378,0.489405493665249,3.879874083850407,3.008022537924265,-0.0060310551162224,1.252255532832312,4.858593788194369,8.935986437636865,0.0661086489210606,0.2517671263677861,0.6821242247111533,4016.666666666667,6.998054829935789,5.569312135526067
0,5,41,0.0810796741001774,0.3485605281246536,4.2989877795264935,2.965347281877728,0.0027363944039709,1.251652812540106,5.38084014531988,8.92208784591781,0.0771682184678091,0.2694209747914505,0.6534108067407404,3390.0,6.998136798844985,5.576761490726452
0,5,42,0.0703411019334499,0.2971805093459065,4.224848647197344,3.007638128525601,0.0045940196481621,1.2492633462226104,5.277948558281824,8.92880002182378,0.0566466263949048,0.2619777787194278,0.6813755948856673,2620.0,6.99156605510691,5.570214579745263
0,5,43,0.0503418071976951,0.1975643039355965,3.9244579194336464,3.0408127805520437,-0.0247825923943383,1.249194518669424,4.902411321705324,8.914389180951913,0.0629112840546349,0.2605766361930683,0.6765120797522967,4156.666666666667,6.996291416589651,5.576979942884666
0,5,44,0.1566145388665685,0.5834578077745282,3.725438340508213,3.00700057419701,0.0145252426085287,1.2600722406013094,4.694321436946208,8.920125330068105,0.0561758912997912,0.2953490280971105,0.6484750806030982,4491.666666666667,6.993460979147135,5.57563534005224
0,5,45,0.1588141622274341,0.6045844699775155,3.806867482710413,2.9456865746142245,0.0501149724788044,1.2471875670826829,4.747877793967778,8.914509927145282,0.0728971506936926,0.2550500680511646,0.6720527812551428,535.0,6.993952830307848,5.580016688541589
0,5,46,0.1810435340698927,0.6556098511940543,3.6212828840435303,3.035145413758718,0.0168386131401835,1.2579352114233435,4.555339250363033,8.921849128877245,0.073808016194485,0.2587567019233679,0.6674352818821471,36.66666666666667,6.991950955441508,5.577900138195478
0,5,47,0.0881725539224005,0.3281816239650498,3.722038314256814,2.982545447046783,-0.0199830506026817,1.2510261036014845,4.656367089740139,8.929647373119607,0.06984997381386,0.2715546992220439,0.6585953269640961,3376.666666666667,6.99706114550827,5.5784734999753045
0,5,48,0.1001518907387977,0.380832614512903,3.802550423198077,2.969083000508238,0.015692031184956,1.2473197540020793,4.742996258443928,8.92730634700261,0.0647472335259944,0.2771671337315558,0.6580856327424498,151.66666666666669,6.994207316590014,5.578255914020781
0,5,49,0.143435479163838,0.553605068555227,3.859610410077663,3.069091993808787,-0.0228845211095638,1.260347115607119,4.8644488477085925,8.927571258677606,0.0706888159264879,0.2712622563574283,0.6580489277160838,3226.666666666667,6.992615665259974,5.559982286492215
0,10,0,0.1320006673303315,0.525202083331082,3.978783546728323,3.103626826412969,0.0047408587448347,1.2566152011940304,4.99979988707951,8.935699885157488,0.0637287016732801,0.2772452527179863,0.6590260456087336,2941.666666666667,6.9940311478968935,5.578091000923145
0,10,1,0.1713201609556139,0.7229022236609347,4.219598088331392,3.103089350045185,-0.047702571375371,1.2594819583101338,5.314507663573318,8.92792882054791,0.0589510731955721,0.2451488078973407,0.6959001189070871,2345.0,6.996909967104941,5.579076057044396
0,10,2,0.0950521336072768,0.3696482536418567,3.8889001184246736,3.0475762525592507,-0.0590996590588766,1.259137403233114,4.8966595965461925,8.930937872290933,0.0589013554144405,0.2778579211886716,0.6632407233968878,2025.0,6.9971424676833625,5.574446410595831
0,10,3,0.1105908768419054,0.3811107394497451,3.4461318178583547,2.92943072512106,-0.0158238575175494,1.2519153202915436,4.3142652185210215,8.91998071084279,0.0631304637636902,0.2944503305358505,0.6424192057004591,2793.333333333333,6.99334667755973,5.56127446094745
0,10,4,0.1967452210096208,0.72855012904539,3.703013091279935,2.965676185556287,-0.0432611189253553,1.2534674653300275,4.64160643361057,8.92524222429546,0.0535821691093252,0.266183126335582,0.6802347045550927,498.33333333333337,6.994911528639329,5.564091481030538
0,10,5,0.0866009912787786,0.3292865783959525,3.802341907795729,3.0122561253863696,-0.041527869579575,1.252808712027446,4.763607068193549,8.926282296488875,0.0563154651212342,0.2685113132843156,0.6751732215944501,1630.0,6.994403248502953,5.573082925436108
0,10,6,0.0673961639408257,0.2655409271256602,3.9400006112930552,2.983311756320618,0.0132122529975573,1.249260735742205,4.922088062488699,8.929910609311214,0.0593223467956495,0.2610383621166773,0.6796392910876731,1783.3333333333337,6.995905621797595,5.579183841890839
0,10,7,0.1048458073938348,0.3771252933569207,3.596951587585336,2.9471280542742866,-0.0154867784226712,1.2542684297824005,4.511542819763972,8.926016899698329,0.0622075988835245,0.2499616819474949,0.6878307191689805,4910.0,6.996215654679833,5.577494947664799
0,10,8,0.1709106034734923,0.5919777794935238,3.4636691197766294,2.979920920135149,0.0232156383483242,1.2533528526412876,4.341199571877576,8.930799491796428,0.0673903164974734,0.2585057987639425,0.674103884738584,2750.0,6.9944330780826505,5.570248395000351
0,10,9,0.1269881664607252,0.4520292686642383,3.559617256179861,3.0240424817206977,0.0199896126449879,1.25284590909839,4.459651917360975,8.92618381093058,0.0689770858117846,0.2822956744871882,0.6487272397010272,1970.0,6.994928219097425,5.576730361723061
0,10,10,0.1843321051752174,0.7036392909623379,3.817236776488238,3.030346075352921,0.0102234303434843,1.2568930638087883,4.797858427283885,8.930190630545424,0.0656389267027883,0.2557738608767422,0.6785872124204695,2058.333333333333,6.997901354992004,5.564098900908469
0,10,11,0.0720171090977905,0.2545184452084587,3.5341386011878577,2.960875016372433,-0.0579867065160158,1.254693976660205,4.434262415592727,8.922934477175541,0.0560682944772785,0.2488990332387111,0.6950326722840104,2518.333333333333,6.9946171281957215,5.571876723595677
0,10,12,0.0710482275669963,0.2543272634037541,3.5796426190073687,2.852957837042897,0.0398044945097517,1.2439390255159843,4.452857151183513,8.938488013358413,0.0696445576127049,0.2623440450834696,0.6680113973038253,2058.333333333333,6.998310870966156,5.575090176811495
0,10,13,0.1289670174206776,0.4601867298607798,3.5682513177745,2.9623923378979304,0.0338359977990699,1.250163719132476,4.460898338228327,8.926172011977183,0.054372944771519,0.2707261518647281,0.6749009033637529,595.0,6.997404448793123,5.566125337327339
0,10,14,0.1299466231966311,0.5607416620231797,4.315169168918556,3.019358344568146,-0.0151379909522246,1.2503924793359336,5.395655075878053,8.923615642778666,0.0716721456394007,0.2718823798604873,0.6564454745001118,2215.0,6.995771910448412,5.564988066822499
0,10,15,0.1438241532313313,0.5227019989252496,3.634313063429056,2.968059659508508,0.0003231672938008,1.2524214279941484,4.551691556677606,8.93081371451785,0.0726960367236567,0.2822205626181981,0.6450834006581453,2168.333333333333,6.993369073712468,5.570015681932167
0,10,16,0.0704447934021197,0.252747816998664,3.587884991810603,2.972828539467208,0.0337261876943844,1.2525304186899493,4.49393509100392,8.929461357264383,0.0602959391862925,0.2615352742376743,0.6781687865760331,4696.666666666667,6.99764983028306,5.565747572273921
0,10,17,0.1180734868200394,0.4475921900820244,3.7907933621391017,2.968306666534665,0.0046798872752725,1.2515785095525358,4.744475506207703,8.929334071451885,0.0744974588113012,0.2488982984196335,0.6766042427690652,3715.0,6.9948386063192505,5.5749516790742
0,10,18,0.1457819125264953,0.6211751398799276,4.260989097443974,3.0207274169530582,-0.0253151556304829,1.2549113845483086,5.347163727818665,8.921601752757361,0.0708309237136726,0.272079403462227,0.6570896728241005,1541.6666666666667,6.997526010158685,5.573802667602356
0,10,19,0.1930844349370488,0.7790805628282823,4.034921629401589,2.994752191120767,-0.0646035284255983,1.252945251447383,5.055535895521057,8.927987384088786,0.070142991743246,0.2692871062253822,0.6605699020313717,675.0,6.994498647313328,5.573247493089752
0,10,20,0.1303300471207437,0.5148437366687493,3.950307300907936,3.056651617456504,0.0123722903195612,1.257990197520248,4.969447861734851,8.931395037876264,0.069583165145249,0.2660744431356686,0.6643423917190824,2191.666666666667,6.996438616241829,5.546751340337481
0,10,21,0.084548152491452,0.32409974084831,3.833315469324738,2.997672645300675,-0.0288357887541666,1.2571217433976014,4.818944225790509,8.93121116247785,0.0695412843250767,0.2639229028659867,0.6665358128089366,4478.333333333334,6.998385134069416,5.577410847789089
0,10,22,0.0497551757315684,0.1924046587440611,3.867028021006163,2.9379033009105178,-0.0072862961846872,1.2505530119815296,4.835923539086231,8.927593112332483,0.0646149344511016,0.2566026768656258,0.6787823886832725,4620.0,6.996702131256065,5.572356589462374
0,10,23,0.1943463806836937,0.647449843592369,3.3314221819552103,2.959269710985958,0.0675980790581859,1.252564706672384,4.172821848142601,8.932367546580766,0.0731089436256703,0.2535298061726757,0.673361250201654,2653.333333333333,6.990923889881908,5.569214113559967
0,10,24,0.1308032347246084,0.497865320793966,3.806215663107765,3.005123538970583,0.0960289518546412,1.251521228917262,4.76355970421676,8.936246315284247,0.0681996042548256,0.2711094556844723,0.660690940060702,4435.0,6.995712595600198,5.5752617694565565
0,10,25,0.191401452480428,0.9339530534733212,4.8795505016808765,3.085058932575108,0.0417644603579293,1.2532273612026157,6.115186199076423,8.939398529000284,0.0746463588210657,0.2778397024736329,0.6475139387053014,255.0,6.998227613251682,5.558821808519574
0,10,26,0.0585377499159931,0.208447704313664,3.560910773181494,2.97202804217652,0.0177154973218207,1.2547438718291968,4.468030970780047,8.929972648949267,0.0612323185924346,0.28130815187095,0.6574595295366154,4940.0,6.997019574443138,5.569475573979613
0,10,27,0.0859784297756983,0.3458073665838365,4.022024680911055,3.018339082415554,-0.0326463182650451,1.2515015405378234,5.033570084241332,8.92780964869564,0.0780724499904359,0.2590112828423706,0.6629162671671934,3918.3333333333335,6.998135624554031,5.57145235884806
0,10,28,0.1263538046296605,0.4720911313311869,3.7362636820859705,2.9476166705086437,-0.0219251938130807,1.249965759743572,4.670201671980906,8.931674203528543,0.061066752554162,0.2623690998916451,0.6765641475541928,4401.666666666667,6.998651254446571,5.569005733615539
0,10,29,0.0604555243568729,0.2405123164657025,3.978334801067021,2.9588954835096075,-0.008369630679966,1.2519940528857283,4.980851511324237,8.927108846748343,0.0479614089217483,0.2552431747919876,0.696795416286264,3316.666666666667,6.994169976851836,5.564107611885076
0,10,30,0.0544132869754638,0.2017339176513705,3.7074385479108622,2.9747821733193445,0.0333933464887865,1.2487208404327694,4.629555779400098,8.919954127121548,0.0621897974626467,0.2608374461008164,0.6769727564365369,2476.666666666667,6.9932762781076825,5.576017134611378
0,10,31,0.0910163944290388,0.333539861545042,3.664612992388829,2.954777115949475,-0.0124051292741958,1.2513527935914646,4.585723705457337,8.924776388046173,0.0692057263026209,0.2739081178057025,0.6568861558916764,3958.3333333333335,6.994746768713677,5.5816142776897415
0,10,32,0.1483214053678233,0.5534918746578347,3.7317059751775288,3.0424816420822656,-0.0014292688300612,1.2550141062210112,4.683343639117033,8.92031527638037,0.0687857766145137,0.265435579502165,0.6657786438833212,3668.3333333333335,6.99635780834825,5.575473835702174
0,10,33,0.1724996539862225,0.6079538523812383,3.524377228198935,2.992879319269373,0.0632956365170061,1.2556120617576223,4.42525055791048,8.93235823921766,0.0698671787897095,0.249280320994056,0.6808525002162344,2453.333333333333,6.998139858297963,5.5743586316287566
0,10,34,0.1076566569118221,0.439545927448896,4.082849496328989,3.0307072810752733,0.0353129707447771,1.2536176572486804,5.118332220486902,8.921751911857397,0.0670709086985778,0.2698626646643228,0.6630664266370994,1936.6666666666667,6.994349289457222,5.577232067428656
0,10,35,0.1343925358548223,0.5548227314415144,4.128374599917232,3.0437553568759497,-0.0289678391432938,1.2538657860640776,5.176427662892192,8.923390413729724,0.0521386542346108,0.2642407754899488,0.6836205702754403,2155.0,6.992686554636037,5.560018521186564
0,10,36,0.1316360468637071,0.4721227667032748,3.5865766099167318,3.049528306075783,-0.0177274953108144,1.256497742511664,4.506525413705509,8.921853615963126,0.0674517363981462,0.2720780801550057,0.6604701834468479,3160.0,6.99301967110843,5.567811872775662
0,10,37,0.1698186001850561,0.6741803508851079,3.970002992313176,2.947417932177617,-0.0107556027721608,1.2460299263293244,4.946742536039184,8.924154720907236,0.0699846834193858,0.2637554707721642,0.66625984580845,4018.3333333333335,6.997473406683888,5.581360832704122
0,10,38,0.0816254583230338,0.3016760279717486,3.695857079023821,2.956035290745461,-0.0181755910217723,1.2530204861769316,4.630984633998882,8.91139660652849,0.0667431876154478,0.2618896701046518,0.6713671422799004,1663.3333333333337,6.992547319242417,5.564441120821416
0,10,39,0.1017162700578795,0.3816331865345431,3.751938468815094,2.988732752122496,0.0224397214957075,1.2568901048724304,4.715774335543909,8.93315153935701,0.0628324683865549,0.28645169802994,0.6507158335835049,1796.6666666666667,6.997529107041292,5.563959450307911
0,10,40,0.1128496450146934,0.388807880355324,3.4453620151370425,2.998803072170689,0.0135737367219128,1.2527180797589097,4.316067287676764,8.932204345108246,0.0596163177898024,0.2602273555498954,0.6801563266603022,4210.0,6.996785710636714,5.5705445692604005
0,10,41,0.1374800190250678,0.5696918882962739,4.143815896566013,2.947509026549955,0.0106692615784886,1.2532461632390173,5.193221373540204,8.934889384138652,0.0680237807093731,0.2738625676241734,0.6581136516664533,2950.0,6.99399659960502,5.576519072175809
0,10,42,0.1918886080735353,0.6641660500994236,3.4612062527698506,2.8903076930429354,-0.000781170703264,1.2490496116246348,4.323218325774939,8.922540867034026,0.0658328159940183,0.2638747666720288,0.670292417333953,4033.3333333333335,6.996319877922369,5.577376217510923
0,10,43,0.0510510248624433,0.1898620617048317,3.719064645938333,2.991677038392828,0.0037324998225802,1.2550802462596875,4.667724571679982,8.91722908934969,0.0577241037395856,0.2583257867437565,0.6839501095166578,1676.6666666666667,6.99325219706723,5.566980441732845
0,10,44,0.1335574391901159,0.4796717307845354,3.591501407134152,2.992967262239957,0.0197466770560799,1.253878477442646,4.503306316110491,8.92163500127122,0.06150874863547,0.2757801464806546,0.6627111048838754,4930.0,6.992542548108047,5.580115004960169
0,10,45,0.1354256071904561,0.5122366991175307,3.7824212846034753,2.9720272686957725,-0.000465786459492,1.25448945934314,4.745007632330198,8.925310797259575,0.0743963244707735,0.2594258648250461,0.6661778107041803,4881.666666666667,6.996499751466016,5.572566435077533
0,10,46,0.169461327964892,0.6950632109994427,4.10160370715047,3.031598314105006,0.0033197541439387,1.2523287313865477,5.136556167226109,8.93088961319679,0.0649197637762834,0.2599819681947548,0.6750982680289618,3043.333333333333,6.997323661064942,5.574231075573691
0,10,47,0.1996411948054624,0.9319306595701344,4.668027861074672,3.1919355358112647,0.0250022521458775,1.261199511521787,5.887314458157468,8.919950955766701,0.0650453805429691,0.2861801138780335,0.6487745055789974,3960.0,6.995076643282477,5.570667003917361
0,10,48,0.1091578136787786,0.4358794991195753,3.993113130703117,2.9402076169008198,0.0084523836420971,1.2476046225690332,4.981826400306313,8.916230579014487,0.0602011282664373,0.2668967597864235,0.6729021119471392,3018.333333333333,6.994165259396309,5.57929297673136
0,10,49,0.1119435635048436,0.5195196755451762,4.64090707209528,3.1020761006105086,0.0323956310660106,1.25538313812327,5.82611648390545,8.92422082344757,0.0685448360782716,0.2658653409494906,0.6655898229722378,4150.0,6.993820330019664,5.5716176501391015
0,15,0,0.1103311104768146,0.4271414211788082,3.8714503944793446,2.976679529710239,-0.0162504944459043,1.248786446244004,4.834614779931807,8.925129579049834,0.0655384702450822,0.2691828795516541,0.6652786502032636,4491.666666666667,6.995990528411385,5.568270069397284
0,15,1,0.098813315438856,0.3907303473639577,3.954227683067012,2.950219056168373,0.0035734935143917,1.2470885314096054,4.931271994135247,8.933659929621008,0.0678872846512512,0.2780822711379819,0.6540304442107668,2458.333333333333,6.996140098459682,5.57712917105437
0,15,2,0.0514692350504845,0.2096163017811966,4.072652363603048,2.9624591349367657,0.053444116874399,1.2454887353252997,5.072442641763553,8.936423830303287,0.0628902536780874,0.2756598109436848,0.6614499353782278,3571.666666666667,6.995930789261248,5.579992669660817
0,15,3,0.172767096898187,0.6996799003339692,4.049844634168368,3.047376525272241,-0.0115391166605601,1.256415607932002,5.0882880080688055,8.92384661270206,0.0659757350569387,0.2729383004241731,0.6610859645188882,4035.0,6.995896040150166,5.5664525500483455
0,15,4,0.169224986472786,0.7005836287720056,4.139953817544964,2.998006628725713,-0.0082002260812347,1.2506216240201515,5.177515766666509,8.921192740893165,0.0685869775491056,0.2786295397865852,0.6527834826643091,1268.3333333333337,6.989994165673659,5.57407436830435
0,15,5,0.1238559252821513,0.5624228625211078,4.540944337058356,3.106027841485886,0.0304141857848939,1.2572536704947952,5.709118935279173,8.931169901552469,0.0711277132035718,0.2704521021612329,0.6584201846351952,3420.0,6.997559875835421,5.5735383266775145
0,15,6,0.0854763017523315,0.3018836615553164,3.531781971920444,3.006819018147961,-0.0239412555281032,1.260568791366844,4.452054131714962,8.930715073139707,0.0596586324693349,0.280278033332567,0.6600633341980982,571.6666666666667,6.998369462937832,5.577210812393659
0,15,7,0.0841755733350511,0.3020097403986932,3.5878548661210568,2.93614266801418,-0.0143604332026593,1.2474918614843968,4.475819745673209,8.93766018836571,0.0606465050905402,0.2736354095083615,0.6657180854010981,485.0,6.996289452917086,5.5773218132748745
0,15,8,0.1921757784924666,0.8361545943924227,4.350988459376531,3.0190364139570005,-0.0737761567679834,1.2560102727805782,5.464886201726665,8.92652693762258,0.068759658396714,0.2874097035513753,0.6438306380519105,2095.0,6.996304025489826,5.573450445553647
0,15,9,0.1989862480713384,0.771160202756038,3.875444711533884,3.0146267973700374,0.0097580091980247,1.255320112950395,4.864923693015726,8.926391532736526,0.0722073699340624,0.2647686693439317,0.6630239607220059,1220.0,6.989726360018457,5.5774409252867
0,15,10,0.1124097817101526,0.4858925453035238,4.322511243339946,2.9703637273545183,0.016000035203411,1.2488470620961245,5.398155467122558,8.929115102788836,0.0618027630900697,0.2552711790482561,0.6829260578616742,2330.0,6.99471562134165,5.576015804341974
0,15,11,0.0747309523450628,0.2895307454552515,3.874308253404448,2.9670243761105284,0.0140420533711293,1.2492671378752471,4.8400459829770215,8.93287237876789,0.0671007329179073,0.2590783201610179,0.6738209469210747,1750.0,6.997345835033929,5.574989886153264
0,15,12,0.0883651640416159,0.3428686127085187,3.880133267755191,3.0873522350195186,-0.0312720434499031,1.253280563621685,4.862895608739477,8.927854287825905,0.061223528309703,0.2547074380039992,0.6840690336862978,426.6666666666667,6.997081594161021,5.57651002091588
0,15,13,0.1552764712032344,0.5459769594492464,3.5161602734688726,2.8458612640581,0.0292711204263853,1.2442659566700145,4.375038526472846,8.925442341614911,0.0644971379099752,0.2608351350133492,0.6746677270766754,1850.0,6.993255747956179,5.580685967471884
0,15,14,0.0945577884116291,0.3145516640303628,3.3265547906118096,2.9206696015116087,0.0041626787904442,1.251945898099447,4.164666624909518,8.92535152939444,0.0508823882926679,0.2707378636310449,0.6783797480762872,628.3333333333334,6.995084879392671,5.571435500710346
0,15,15,0.1314279561055465,0.5661024656605381,4.307321535198456,2.998483851872169,-0.0368396311557802,1.2507803909007835,5.387513313530889,8.924683541594987,0.0669692222224404,0.2828503938565755,0.6501803839209839,610.0,6.998130468779757,5.561871240621191
0,15,16,0.1731658335544934,0.7625779373084001,4.403743634961483,3.098393221281179,-0.0108346001317554,1.254809797155917,5.525860657312679,8.925602451112262,0.0662083478947018,0.2663271481641835,0.6674645039411147,1945.0,7.000010428520103,5.580331959431923
0,15,17,0.1468214060994592,0.5369003721513769,3.6568262518046697,3.0615138447109183,-0.0125615511712232,1.255954861203666,4.592808707531256,8.920292674563687,0.0580684464775032,0.2771946121933061,0.6647369413291905,1353.3333333333337,6.991451862592976,5.570981355781669
0,15,18,0.0922315012082887,0.332018834599472,3.59984203064922,3.03352706639384,0.0269722698264659,1.2538972302880205,4.513831951705459,8.933098997928763,0.0720531194228131,0.2737023378110055,0.6542445427661812,3168.333333333333,6.995496836676738,5.578069876596752
0,15,19,0.0857660030401272,0.3612107624311712,4.211584423051312,3.065296856619335,-0.0263818916662335,1.25984699629236,5.305951985012888,8.929380375734564,0.058701851338814,0.2620815345786372,0.6792166140825489,4571.666666666667,6.997411979020542,5.574917613771297
0,15,20,0.0822380526893493,0.3234987233930732,3.933686569830095,3.0231764946323154,0.0301308328372808,1.2584794115340014,4.950463559558982,8.918125735396494,0.0683734014604108,0.2371836804102049,0.6944429181293842,2606.666666666667,6.994318849748551,5.544670480649375
0,15,21,0.0982985429742277,0.37834665371766,3.848954849888835,2.937272843188932,-0.0028470041502791,1.2493314552303325,4.808620363727463,8.931342466279698,0.0711996638834437,0.2449602770960366,0.6838400590205197,1165.0,6.995476387709504,5.574663423360276
0,15,22,0.104725333663908,0.4060279984872451,3.877075243229101,2.926267929731166,0.0104875091830631,1.2495821470058548,4.844724006537467,8.934655201574817,0.0685310063184994,0.2830226854454488,0.6484463082360518,698.3333333333334,6.994276104486096,5.578066904342458
0,15,23,0.1279604572614374,0.4590650331695661,3.5875538662045034,3.0714487001018504,-0.0126190122315568,1.257854174368084,4.512619606375694,8.92733538605091,0.0615933277516971,0.2699085220190569,0.6684981502292459,1953.3333333333333,6.994897259976921,5.579360708556809
0,15,24,0.0507886952847383,0.1975060166460778,3.888779098159412,2.974128075874876,-0.0191115259539404,1.2486929386928116,4.8558910000078574,8.928831699430157,0.0702802746737943,0.2603566629956332,0.6693630623305723,48.333333333333336,6.995382555605154,5.559613351437954
0,15,25,0.0894579197280967,0.3355989845552545,3.7514731571591673,3.0063595828794525,-0.0492445840736782,1.2565381873988506,4.713869280972223,8.935164931374128,0.0617804366354719,0.2617741627259243,0.6764454006386037,603.3333333333334,6.995918631886926,5.577426576576736
0,15,26,0.1183025712465172,0.4577081824793235,3.868962252101501,3.056025888762729,0.0107998873240574,1.2562125340183226,4.860238874733663,8.93303732219179,0.0749373815770597,0.269044770376385,0.6560178480465553,926.6666666666669,6.994387051905125,5.560000478102388
0,15,27,0.124418861128949,0.4719525474316381,3.793255645882352,2.907363956495776,-0.053094167724038,1.2456199325560111,4.724954841791684,8.92155318927907,0.0644711424754336,0.2816262381437435,0.6539026193808228,781.6666666666667,6.997266023266621,5.574850057192776
0,15,28,0.0911351259477594,0.3471490190646967,3.8091681495419225,2.924963856600304,0.0017626440356933,1.2445464595894542,4.740686734493313,8.930529837576879,0.0647352029392475,0.287431285252223,0.6478335118085293,4685.0,6.994232808408292,5.5793542331417845
0,15,29,0.1004146201945933,0.3840230008514854,3.824373384147527,3.0330006971957344,0.0118123939954439,1.2492602751733517,4.777637746245781,8.922021516724337,0.0616438697950273,0.2617284737799479,0.6766276564250248,3543.333333333333,6.996660762026606,5.576144506118878
0,15,30,0.0868734550327441,0.3330491231432392,3.833727149653565,3.100212805306023,0.0348617762459897,1.260465576873088,4.8322811032621,8.931658907502474,0.0583036392633662,0.2809392659927955,0.6607570947438381,1996.6666666666667,6.998594278600034,5.569763057165956
0,15,31,0.113770547476582,0.3937422551525061,3.4608452177269537,2.944712936901582,0.0109080159583378,1.251206116185552,4.330230703591483,8.93333015904447,0.0756537302466156,0.2834025883461543,0.6409436814072301,170.0,6.997720205185047,5.579326285048695
0,15,32,0.1821522186958958,0.6999043822594377,3.842414807079195,3.029128817746717,0.0290694711672533,1.254671680087743,4.820969041592075,8.927367208226059,0.0608176244329523,0.2680219709585332,0.6711604046085144,1435.0,6.995260436541193,5.57303203151716
0,15,33,0.0552687519273571,0.1871773491604528,3.3866758816350786,2.899594799912163,0.007439406411983,1.2536450733094302,4.245689533907687,8.925020643690143,0.0537277941999953,0.287948027697063,0.6583241781029415,4861.666666666667,6.992065918500259,5.5665054326788255
0,15,34,0.1609876158689761,0.619939796808477,3.850853952101699,3.053343464858281,-0.0106978907854042,1.2571857280162384,4.841238629257183,8.929421454394255,0.0582873047880818,0.2669041285618393,0.6748085666500788,2813.333333333333,6.995026351575071,5.569173121891568
0,15,35,0.1436867378090079,0.5061277184982554,3.522438648241936,3.032487969138231,0.0345992517710366,1.2585296445692808,4.4330934599890215,8.927460446566993,0.0573526351821715,0.2530575769645087,0.6895897878533197,4796.666666666667,6.991189053893096,5.57192094150593
0,15,36,0.1053911434045989,0.3911659422867721,3.711563701183859,2.934277278020724,0.0273942650283629,1.2512460448235092,4.644079401216809,8.931510665433652,0.0568277251862861,0.2653294495858482,0.6778428252278657,3360.0,6.9956855728602925,5.562784131753551
0,15,37,0.1996702866933596,0.7739906009288996,3.876343414669118,2.956024609425313,-0.0316781709537874,1.2487927603196682,4.840749592751616,8.925494254434998,0.055690965941825,0.2839342159598149,0.6603748180983602,4983.333333333334,6.992793148484864,5.578052489832707
0,15,38,0.1734589323446341,0.6086892488191493,3.5091259965199417,2.9447537324615705,-0.0045841061819204,1.2477705676757322,4.378584136723357,8.935807117873008,0.0694880355528774,0.2582864401499359,0.6722255242971866,2423.333333333333,6.994827923742813,5.576059053347892
0,15,39,0.0900275579368403,0.3546171983238149,3.938984978050832,3.0521960085814435,-0.0552571836254742,1.2603377358510013,4.964451408787691,8.916185635784778,0.0748587830831315,0.2796247216071487,0.6455164953097198,2108.333333333333,6.994440023324785,5.577682091237572
0,15,40,0.1356741059292024,0.4828075269731087,3.5585827057157653,2.9928536716089584,0.0117113169202914,1.2529071247847263,4.458573626126992,8.926133929222127,0.0718522235240064,0.2854295587170775,0.6427182177589161,1006.6666666666669,6.992833083244348,5.57229852841386
0,15,41,0.0764340153852126,0.2751373619714885,3.59967169832501,2.9588506135572903,-0.030027778202542,1.2516327263346254,4.505466901684124,8.929208029679593,0.0750556668503912,0.2616647096198087,0.6632796235298,178.33333333333334,6.994135313136143,5.553269914453115
0,15,42,0.0705044193185231,0.2498858198334814,3.5442575408578763,2.9333736211788284,0.0080455122601523,1.252053508740389,4.437600089910687,8.91278085384273,0.0624799404611858,0.241131465170083,0.696388594368731,2938.333333333333,6.990995211422971,5.568118142757215
0,15,43,0.0542893409681809,0.2057637434330926,3.79013153896436,3.0693187055437803,-0.0115723736458384,1.264240597660615,4.7916381620326485,8.921791687456874,0.049801151693483,0.2661684981839228,0.6840303501225943,1763.3333333333337,6.992904022757212,5.565135172287825
0,15,44,0.0533892943630418,0.1978734529668618,3.706238400930011,2.867319971880256,-0.0218736565426055,1.2439459725307889,4.610360332075838,8.929683532822498,0.0633189302754859,0.279657900768435,0.6570231689560792,4770.0,6.995766406462958,5.571430450467391
0,15,45,0.0898898974460346,0.3199774569258415,3.559659828491181,2.9040893907635006,-0.0143467650219289,1.2464256611077502,4.436851355045821,8.934521932771219,0.0513227740913899,0.2765768811813145,0.6721003447272955,4005.0,6.998440445240656,5.574337878386126
0,15,46,0.0990108368732066,0.3544250277502541,3.5796589438399664,2.959325208642116,-0.0241738221507823,1.2537347650165616,4.487942864794634,8.92442913276393,0.0654337958156086,0.2655616705540153,0.669004533630376,28.333333333333336,6.9997481203530345,5.579318729727422
0,15,47,0.0529496699974159,0.2103308296005089,3.9722783845635545,2.8929346349128147,0.0029603610055709,1.247549651095814,4.955614512717705,8.918267758922616,0.0736575581361352,0.2597659889694719,0.6665764528943928,3990.0,6.993592269672696,5.569187394113765
0,15,48,0.1725227282764408,0.6580956765680583,3.8145448031262426,3.045552409096981,-0.0189723882439672,1.253683166048334,4.782230605816527,8.928941090941137,0.066131559935887,0.2718049282537969,0.6620635118103161,748.3333333333334,6.996704262803032,5.569418058379425
0,15,49,0.1111561123255676,0.4355900308304096,3.918723151765152,2.9213348342881997,0.0418657582486116,1.249835328619403,4.897758638154862,8.93173515328907,0.060279650109184,0.2715684283371904,0.6681519215536256,4568.333333333334,6.99700230888037,5.57904165308472
0,20,0,0.1899834241768807,0.7128720798348768,3.7522856687284976,2.963983968710428,0.0006112454992229,1.2526457101335684,4.700284546128421,8.927474160814908,0.0624647205541343,0.2668601846414591,0.6706750948044066,4306.666666666667,6.994844281116622,5.572135833506173
0,20,1,0.0691967260598106,0.2851392180439254,4.12070388702297,3.0964357801679685,-0.0151767633529214,1.2637344013721494,5.207475259898863,8.919341620770895,0.0668385029107899,0.2624306792796539,0.6707308178095561,2198.333333333333,6.993847611959107,5.553422765618278
0,20,2,0.1264364844018141,0.5692025065014942,4.501884951914459,3.120976718301831,0.0313131750263026,1.2529684459018997,5.640719791829408,8.924381852988358,0.0703016290429005,0.2705282406432113,0.659170130313888,600.0,6.992920711150658,5.573564119493852
0,20,3,0.0795549726428307,0.3065683360646006,3.8535408395018464,3.067478792229529,0.041874123877626,1.2582361466202403,4.848664376738529,8.927777266198948,0.0574235916300544,0.2794198167916837,0.6631565915782618,2815.0,6.995462990393626,5.567781148211087
0,20,4,0.08660678497837,0.3215503915906275,3.712762131407306,3.008111091099096,0.0084991119876749,1.2511474834066585,4.645212997197792,8.930744456491684,0.0692157570784693,0.2659699219836532,0.6648143209378774,4660.0,6.9967784411037375,5.564210556129515
0,20,5,0.0620872568419308,0.2286804186647165,3.683210215695605,2.920112663053644,0.0015966890887626,1.252349366278469,4.612665979496774,8.92513200012014,0.0639004632345715,0.2746555054355434,0.661444031329885,1913.3333333333333,6.995774054305669,5.576777816549635
0,20,6,0.1059268999820693,0.4258634586170254,4.020352324944022,3.011705249713408,-0.0421687871937345,1.250411713850101,5.027095640914492,8.914217545429635,0.0690161514887255,0.2499870151182926,0.6809968333929817,1220.0,6.993334059813392,5.574566326353718
0,20,7,0.0607242086894046,0.231860949764828,3.81826218519804,2.917144378445938,0.0205520413836243,1.248949981830468,4.768818486827056,8.926508159312734,0.0569568653951968,0.2590457738171802,0.6839973607876229,2340.0,6.994844134237277,5.580427876949173
0,20,8,0.1801045430523661,0.7067552098368405,3.924138713321342,2.936379322529767,0.0300826624186868,1.250804041176121,4.908328560757998,8.921441491700355,0.0684563208448279,0.2771082667237154,0.6544354124314566,1571.6666666666667,6.994747535522976,5.569053016434264
0,20,9,0.1924982440197472,0.7351457615782065,3.81897385777084,3.036152448967298,-0.0514409008830723,1.2556374153652,4.795246464118645,8.930788774137906,0.0670002686943221,0.2705900731271508,0.662409658178527,2231.666666666667,6.996960958789615,5.580201173346001
0,20,10,0.1629873779641845,0.6684149042522648,4.101022500031536,3.0215390364863226,-0.0031865216506324,1.2557452363631258,5.149839468632599,8.933434446630287,0.0672353838233796,0.267383745098425,0.6653808710781952,1356.6666666666667,6.995972086552006,5.574428871955933
0,20,11,0.1395542030192273,0.5643087872596687,4.043653111486151,3.025874518983789,-0.0202629948839529,1.25580851628024,5.078054014287399,8.936742600297759,0.06532953296572,0.2727578015010568,0.6619126655332233,4235.0,6.998287004510081,5.562661273541126
0,20,12,0.1014018055624645,0.3943306953734807,3.888793628339972,3.046335442510811,-0.0154180027879938,1.2502016837584626,4.861776341939815,8.925351455829098,0.0769144551169326,0.2504498819695705,0.6726356629134969,4491.666666666667,6.993348356791085,5.5707190358217895
0,20,13,0.0505419695329799,0.2022014632543152,4.000664499676327,3.0098217953541027,-0.0561049361955313,1.2549498454639396,5.020633295621875,8.925535596440056,0.054179935814572,0.2531098033338224,0.6927102608516055,1191.6666666666667,6.993221540416462,5.571168541340829
0,20,14,0.1548103337268209,0.5321784927099151,3.437616080907105,2.8327079686120147,0.0589777562597727,1.2469314780535583,4.286471700746178,8.922736565234695,0.0721909802829922,0.2661316261689396,0.6616773935480681,4650.0,6.99642368335495,5.58072250516252
0,20,15,0.1506066024640349,0.5546380710861002,3.6826942644732217,2.946698401267926,0.0100139525677757,1.2533071167816523,4.615546930595261,8.925228258263223,0.064691825824307,0.2633605051367823,0.6719476690389106,1240.0,6.996674383864514,5.560087435359451
0,20,16,0.065773936374913,0.2400541651722744,3.649685246203901,3.006813991914859,-0.0092620509583577,1.253840561538183,4.57612339853792,8.921577033947836,0.0623977181065036,0.2683196270796985,0.6692826548137979,3191.666666666667,6.994560873619599,5.574274738870249
0,20,17,0.1354179293399658,0.5349956732316463,3.950700441509063,3.0823025575827603,0.0781544837438065,1.2620482182852,4.985974453185066,8.928281985614573,0.0652660885561385,0.2555684176704145,0.679165493773447,291.6666666666667,6.996308519242652,5.575414745497728
0,20,18,0.1265658331646079,0.5016392613229531,3.963465089907284,2.8709680374180464,0.0036386215274656,1.2470120122447022,4.942488577226912,8.923654410281578,0.0595135689330439,0.2565301457812351,0.683956285285721,226.66666666666669,6.99208915692291,5.558390846069708
0,20,19,0.1741299530620293,0.6907238388491559,3.966714667424869,2.9701101773252154,-0.0029390157675991,1.249655716264264,4.957027658936786,8.923306894833633,0.0601584281370922,0.2619887852079206,0.6778527866549872,2716.666666666667,6.99508612864884,5.573256845958952
0,20,20,0.1748835612948556,0.657901710067772,3.761941403735153,3.0371304797693424,-0.0107292934369496,1.255653471335154,4.723694782559487,8.92879146989372,0.058385285127051,0.2776581410910947,0.6639565737818541,4146.666666666667,6.997000272661075,5.573899899434965
0,20,21,0.0962547818567237,0.3491615343038057,3.627472085735298,2.8847628898049376,-0.0074890929766242,1.244454365891113,4.514223474241433,8.934158163535814,0.063705951245696,0.2688111255684807,0.6674829231858235,891.6666666666667,7.000081833617255,5.569810883372831
0,20,22,0.1318293736489051,0.4493308159061961,3.4084271469185423,2.8690177189250865,0.0047914091390132,1.2518504006109832,4.266840889323328,8.918310648547006,0.0605561600406507,0.240441822823103,0.6990020171362462,1130.0,6.9933521082081445,5.580410824723285
0,20,23,0.1966549500922182,0.8019919558008225,4.078168159127146,3.047955477603492,-0.0391212311375945,1.2532125523834232,5.110811527748537,8.926905740616505,0.0609210155881121,0.2650672384984229,0.6740117459134648,1243.3333333333337,6.995670004962875,5.575040978897869
0,20,24,0.1460303996466628,0.5731002616393531,3.9245271054933375,2.98207700776251,0.0290089503735698,1.2498424415020817,4.905040539270891,8.9161218025736,0.0563361830051911,0.2591103352498377,0.6845534817449712,1105.0,6.993493573132282,5.562752349151964
0,20,25,0.1660306072559099,0.7101762779963782,4.277381681208656,3.093814419291524,-0.0336716150375376,1.2556684065901835,5.370973040021313,8.922924416665593,0.0563107875979128,0.2537812590622111,0.6899079533398761,3111.666666666667,6.992346447124927,5.571347002917629
0,20,26,0.1904865946368494,0.70536221017728,3.702949341511449,3.0425109165379465,-0.0515274058032616,1.2562711311633594,4.651908357901204,8.937245415468345,0.0572540194150391,0.2785571272742877,0.6641888533106732,2550.0,6.9971279776773,5.5754420371788775
0,20,27,0.1919392503107913,0.8827025529149333,4.598864231706888,2.9937666360177584,-0.0031709608233919,1.2510305301002125,5.753319557651175,8.933927736411622,0.0686484038985905,0.2533350130242252,0.6780165830771843,2595.0,6.996200098323548,5.570282526732341
0,20,28,0.1286727507677287,0.5344902491758314,4.15387287507871,2.9645634242137118,0.0009505771174759,1.245644693854221,5.174249705786772,8.918342759025585,0.0660404700374822,0.2811976585361607,0.6527618714263571,4101.666666666667,6.990919350262372,5.574946718890615
0,20,29,0.1733104547874203,0.6893564039409164,3.977581183930706,3.160423994809397,-0.0390155068272356,1.2639089406289747,5.0273004204476015,8.925662278116697,0.0668879786860056,0.2576984304102894,0.6754135909037049,1298.3333333333337,6.994127774925644,5.57258304035905
0,20,30,0.1128161902494181,0.4150374900160885,3.67888234036718,3.0992311812179176,-0.0108543102871322,1.263690400787273,4.648968299147822,8.92797314200739,0.0721019560339676,0.2741269169728894,0.6537711269931429,750.0,6.994555013260991,5.580077426508603
0,20,31,0.1159910860251327,0.5304157969199622,4.572901376275006,2.9898216959516604,0.0478906861655147,1.2503659333695585,5.717800097553035,8.930657629191364,0.0627082642462067,0.2638305174671438,0.6734612182866495,1260.0,6.998214872121151,5.578463493046352
0,20,32,0.1386535841904314,0.5151945006974497,3.7156955134305374,2.9637478663963592,0.0093626654289816,1.2496412048708812,4.643286218336665,8.925167616074338,0.0746316326445782,0.265975963885484,0.6593924034699377,3590.0,6.995323537521843,5.570681620914684
0,20,33,0.130931360425698,0.5131845109218907,3.9194926964278864,3.033419685465604,-0.055411280084117,1.254671273944378,4.917674894642861,8.92430886074817,0.0618910395774012,0.2425417286743039,0.6955672317482947,2970.0,6.992406027759963,5.565641487625845
0,20,34,0.1967307945604892,0.7177485007365634,3.6483790061442343,2.9985913294200834,0.0187356285689276,1.2512624406632475,4.565079619692589,8.926187620993908,0.0732331881283319,0.2612835875419343,0.6654832243297337,65.0,6.998897085671125,5.557433366708702
0,20,35,0.1429784524257499,0.5779000953114813,4.04186844595755,3.036619221903759,-0.0024119598541874,1.2531475117640958,5.065057385929517,8.93418891042722,0.0575138882794392,0.2649963444754903,0.6774897672450705,2945.0,6.995949554265605,5.577953871333463
0,20,36,0.1657162568092592,0.5848989797294802,3.5295208266905505,3.0226609572465835,0.0205040504758009,1.2510215468911805,4.41550660439105,8.918779984736172,0.0672855591678632,0.2771668054564593,0.6555476353756774,2218.333333333333,6.994395855019183,5.56693084509188
0,20,37,0.0596011178904228,0.2234269899560517,3.7487046864930327,3.0337923214580944,-0.0373441485628641,1.258070637761925,4.716135295717407,8.927703681066399,0.0524347127651686,0.2698125850376296,0.6777527021972019,4858.333333333334,6.993996569711751,5.576146559543279
0,20,38,0.1039223654779391,0.3537783274310006,3.4042559154997427,2.8993256394743288,-0.0401211394905171,1.248771041965572,4.251136206716075,8.925801548142331,0.0766894122647318,0.2608629109805572,0.6624476767547111,103.33333333333334,6.9926759382706125,5.572538460776206
0,20,39,0.0508079878537054,0.200632818765667,3.9488440153025,2.9984812841937227,0.007613811468683,1.2502514206769804,4.937047840163742,8.93191634381773,0.0659133624449032,0.2467112611293236,0.6873753764257731,1238.3333333333337,6.996865907764953,5.5758123957197965
0,20,40,0.0968447636300246,0.3831538225997862,3.9563710854160976,2.906322981790128,-0.0153041576158235,1.2467434405630824,4.932579699175962,8.932925044652205,0.0590881752362066,0.2711659421640061,0.6697458825997871,3786.666666666667,6.993954507382756,5.575131516674285
0,20,41,0.0754702394551082,0.3008781762181078,3.9867128869662354,3.0803131936912216,0.0064757643661459,1.2585295188196022,5.017395851305524,8.919389878505564,0.0652322648910589,0.2605173125712794,0.6742504225376615,2073.333333333333,6.989182766310089,5.574337338977208
0,20,42,0.1201595676146107,0.4735618132139183,3.941107833649825,2.944286182504225,0.0050291452356075,1.2508976443122062,4.929922505092948,8.932878174027296,0.0594472672035218,0.2652121743883294,0.6753405584081488,1458.3333333333337,6.9954742260479525,5.571314615839427
0,20,43,0.1869418900287328,0.7192525258563514,3.847465786003355,3.020232115883149,-0.000555403294093,1.2555232842660455,4.830582879744175,8.926023649959443,0.0586887139867526,0.3016002221540295,0.6397110638592178,38.333333333333336,6.996533101732626,5.573543007569382
0,20,44,0.172428055292794,0.732025243967455,4.245395232953412,2.9983969398721544,-0.040308514544545,1.254306920752803,5.325028622024424,8.93226952363354,0.0701886419991269,0.2632740016425813,0.6665373563582917,968.3333333333334,6.999557692921374,5.572698904831465
0,20,45,0.1613970285764296,0.6416016752535565,3.975300418555884,3.0381595867626747,0.056666034962904,1.2524767874720852,4.97897149746931,8.927383588998236,0.0544500107884812,0.2622116093467246,0.6833383798647942,396.6666666666667,6.992763118003168,5.570745254848665
0,20,46,0.1587713495987426,0.5546705904246139,3.4935181430806863,3.08581368693684,0.0259273553360409,1.2606435344480915,4.404081059551771,8.928891934137326,0.0603832411130138,0.2673016736915987,0.6723150851953874,2350.0,6.996955795343812,5.573480567771622
0,20,47,0.1258240931145468,0.4142981036674872,3.292677049460801,2.830952443313445,-0.0062071570143355,1.2416505128380289,4.088354147073011,8.934123190563895,0.065402715957681,0.2566189637810216,0.6779783202612972,1398.3333333333337,7.000379045043243,5.572357193355499
0,20,48,0.2000148109799219,0.78922942041575,3.945854892190834,3.061894394469577,0.0321150995931249,1.2569810997407382,4.959865021803406,8.928773452970528,0.0621326429938953,0.2573306468888939,0.680536710117211,1726.6666666666667,6.999324425883748,5.576406809437466
0,20,49,0.0760601215507107,0.2470448825378761,3.2480211377675308,2.8570521794070123,0.0442654404764417,1.2456140591594642,4.045780793650355,8.924515843538847,0.0650295135050297,0.2561566664070776,0.6788138200878927,296.6666666666667,6.996089057783839,5.575048792969435
10,5,0,4.477486546012091,44.09241123363672,9.84758095429856,12.632563094234412,1.2978758407156183,1.6070707836356164,15.82575964113976,4.80121892004738,0.7577545726430048,0.1776303299735311,0.0646150973834639,106.66666666666669,3.417263668647558,3.691625815822064
10,5,1,4.3353461483079165,48.65371377375391,11.222567266686058,18.828950311089425,1.6749520937004232,1.7212906100133436,19.317299656389828,5.239455699537785,0.7111006953097688,0.2043905652309035,0.0845087394593276,106.66666666666669,3.743839722436821,3.838809162125963
10,5,2,4.392615180809237,56.06831264525807,12.764221389165437,31.662235987222942,2.647602982864396,1.9456265027435649,24.83440742164656,5.759664214333052,0.6304978748842102,0.2587955762510012,0.1107065488647885,106.66666666666669,4.15613703841509,4.0160679085038495
10,5,3,4.292381258017008,49.020916928688,11.420447994252648,22.329778176654628,1.863427054710702,1.7685048108662362,20.197117220083467,5.472139731126743,0.6835930318610957,0.2216811681367005,0.0947258000022038,106.66666666666669,3.9158556418639967,3.933485596076484
10,5,4,4.34064618338813,45.30210570634728,10.43671927919873,15.300077023331946,1.3451708430630716,1.6105822135087675,16.80919443846152,5.066589720071894,0.7378205883335478,0.1846093292183337,0.0775700824481185,106.66666666666669,3.609854687288523,3.781474631932876
10,5,5,4.370269828214957,48.85376028858065,11.178659947533502,18.68565598414379,1.6898262464105342,1.7285489159067209,19.322860533598917,5.207429974743933,0.7135846458396541,0.2030672528713838,0.083348101288962,106.66666666666669,3.719659612615728,3.825989722826
10,5,6,4.326207892566767,57.03324621386219,13.18319591433781,33.57276375438544,2.649295009935919,1.8921734152884195,24.944892837648908,5.826004704600512,0.6254539869947434,0.2564407585760381,0.1181052544292184,106.66666666666669,4.228789518191195,4.020694984205352
10,5,7,4.913383258203099,54.235376251470605,11.038295488332276,18.696907927518865,1.9258941445698767,1.691189107682589,18.66784509724941,5.108605175007146,0.7108597349073923,0.2095102323504946,0.079630032742113,106.66666666666669,3.656430452967502,3.758778988615874
10,5,8,4.477287533874918,56.03838108853719,12.5161452474414,28.712910224994697,2.458496491460952,1.8414834795874016,23.04827470127971,5.589490599851628,0.6543555348746187,0.2399734584534314,0.1056710066719499,106.66666666666669,4.047004235302055,3.923262955603321
10,5,9,4.455997763034056,52.88103838188214,11.867384409519056,22.89969272687849,2.024351263550374,1.768250119412765,20.98450389924926,5.366554247900872,0.6900995219661555,0.2156890543084599,0.0942114237253845,106.66666666666669,3.8625707618239455,3.854223705715509
10,5,10,4.882697164598227,52.2518816900357,10.701438145475333,16.983604434647,1.8028895969769192,1.6888274515960116,18.07288251163545,5.030366193183726,0.7213250252121152,0.2048457493731214,0.0738292254147636,106.66666666666669,3.582765326990041,3.749607229278818
10,5,11,4.503955084516423,49.86281763771646,11.070895846438065,20.108125143760116,1.9271459548134813,1.7189104457716746,19.029878514492637,5.230164707911364,0.696875312077002,0.2181257323904694,0.0849989555325285,106.66666666666669,3.769044890590441,3.811205722646569
10,5,12,4.2960245706055895,50.863581894570885,11.839685983779392,23.657985306046715,1.9715980767472336,1.7551319846441054,20.780211558273724,5.479916461499979,0.6770300877458264,0.2248554987696075,0.098114413484566,106.66666666666669,3.9480104213538185,3.912060553315296
10,5,13,4.677247799531388,54.04672099311575,11.555240027806668,21.794265317501324,2.0664529188541594,1.7601057402661913,20.33844430309617,5.265397658617407,0.6960733618409194,0.2156874561182846,0.0882391820407959,106.66666666666669,3.780184031771154,3.814219188354632
10,5,14,4.806392883970616,52.86831650697283,10.999582802165294,19.268691340243343,1.9736677816120696,1.7387853077751725,19.125912968061478,5.1860672883098005,0.7034167561340917,0.2162415694553286,0.0803416744105795,106.66666666666669,3.696493539361002,3.802289398991421
10,5,15,4.382822831327498,49.85282162836802,11.374592025949694,20.23295789882227,1.8429503265045983,1.742098913828056,19.815664413644228,5.283589744645852,0.6988436233695094,0.2139126104307595,0.087243766199731,106.66666666666669,3.7902530105746495,3.843793432561027
10,5,16,4.325880074333023,50.303110000950646,11.628410667095649,20.10918166728639,1.7041288981881684,1.7035830373709124,19.80996316404713,5.278491001757768,0.7093086130449765,0.2008343762392531,0.0898570107157703,106.66666666666669,3.785900170014058,3.8367633149182216
10,5,17,4.372047204948363,54.964261538563576,12.571744759835624,28.529995069367125,2.3816279377914533,1.849289881754363,23.248800380362457,5.613744916075911,0.6537179514498331,0.2399804834876291,0.1063015650625378,106.66666666666669,4.059038341675144,3.9448754950121145
10,5,18,4.339706248014635,50.04071833335168,11.530899898177378,19.24070073541454,1.636113062028433,1.6614099737431531,19.157552097065803,5.217251691892738,0.7159495453825383,0.1960594198068409,0.0879910348106207,106.66666666666669,3.753103041105054,3.8029084385551553
10,5,19,4.579704413566057,46.76741231608664,10.21188445646222,13.90201300077982,1.4208572721112265,1.6184492119216312,16.527416350796035,4.8184195415136655,0.7534199035145738,0.1785964223530086,0.0679836741324174,106.66666666666669,3.4456029024737904,3.6800267231755313
10,5,20,4.442737527780788,46.14546415923909,10.386718519986353,14.358219516710856,1.3952368583557158,1.6406650452277614,17.041126010361435,4.920514968495287,0.7477338163869199,0.1818644145868236,0.0704017690262564,106.66666666666669,3.5046414602449425,3.7287446617798112
10,5,21,4.6769866224595615,49.47245240526863,10.577847746601371,16.06708635726975,1.6280670171287022,1.6396852033513916,17.344340433406128,4.923012027767868,0.738253275275341,0.1872895527335852,0.0744571719910736,106.66666666666669,3.538039776222026,3.6975471237235737
10,5,22,4.662220251844715,53.41468122013223,11.45691930770484,21.537931424082263,2.057638669510281,1.7530830583979349,20.084931139769548,5.2539833329075005,0.6961816770266871,0.2163124649684023,0.0875058580049104,106.66666666666669,3.774436983313426,3.811303230022361
10,5,23,4.492964629341502,51.97228736205872,11.56748197451888,22.846773395751,2.1082535450147053,1.766285465657728,20.431475285850453,5.375379792611977,0.6794986212209418,0.2286934447889872,0.0918079339900709,106.66666666666669,3.875518838344747,3.859117976347824
10,5,24,4.49195189798937,54.4306144969412,12.117363616761956,24.401582027294413,2.1440116408307643,1.7807680345593868,21.57821379186261,5.39719930566703,0.6846076573941593,0.2182926125287412,0.0970997300770995,106.66666666666669,3.894108328411016,3.8542253756242832
10,5,25,4.352044129969853,46.5763055497956,10.70216756972964,16.06932308502556,1.4930811919738216,1.6328972832666395,17.47554034967586,5.046476022700334,0.7285632720208358,0.1946315859584934,0.0768051420206706,106.66666666666669,3.621852355709813,3.761708937008962
10,5,26,4.316798498046078,48.89163561748124,11.325901739358734,21.0596696911138,1.764601520915713,1.7123933743321051,19.39439909681436,5.385464424754094,0.6951610335369399,0.2122378603796808,0.0926011060833792,106.66666666666669,3.859504094584541,3.88881793935393
10,5,27,4.3700548976245,42.452529053071096,9.71441550451636,11.478768805259069,1.0945436675856228,1.5607937297046623,15.16219880719489,4.7497237065740645,0.7712102171546606,0.1662033666582595,0.0625864161870798,106.66666666666669,3.3694408471236548,3.68462895922449
10,5,28,4.340715060482309,45.02887789837796,10.37360832742029,14.6741484544755,1.3640053854049627,1.6313223168296267,16.922698770570378,4.999102548311445,0.7393057940029859,0.1877929987600715,0.0729012072369426,106.66666666666669,3.562435107252845,3.7620021934745846
10,5,29,4.4146569125700905,55.45417386048917,12.561377918766803,28.44860619943112,2.403654844927442,1.8560871522546096,23.31501216963781,5.59953826160142,0.65564646624249,0.2389785994818201,0.1053749342756899,106.66666666666669,4.0457913917614565,3.93876933374023
10,5,30,4.415899599510555,54.38532271005747,12.31579692529363,28.412427623132977,2.4585606122571786,1.8931224068483796,23.31531111746775,5.647004110632938,0.6468753105574275,0.249366289600527,0.1037583998420455,106.66666666666669,4.068263362759985,3.975254149269397
10,5,31,4.306342660590037,49.61534336501077,11.521457365450962,22.55933272652049,1.8649102000028464,1.7427231510697505,20.078710484834485,5.467219087755402,0.6843310252570477,0.2194592026011986,0.0962097721417537,106.66666666666669,3.920422837255898,3.918677885931921
10,5,32,4.311308275491952,52.28145451289757,12.126586913326644,25.090277499684223,2.1133777572466617,1.8281704923673625,22.169468368071986,5.559055057100917,0.6674925682750186,0.2331605005686629,0.0993469311563184,106.66666666666669,3.993538534058087,3.950467957756485
10,5,33,4.695562559514926,50.37837485620535,10.728932735465392,18.81315146144509,1.9434182437202152,1.7356574184159514,18.62175169399625,5.158957824403167,0.7012047979741738,0.2203208812391127,0.0784743207867136,106.66666666666669,3.690113928319817,3.801286227174341
10,5,34,4.351335718598738,47.69624919170887,10.961289193992254,17.910295243363525,1.6392469851200049,1.6976819930828524,18.608783285614305,5.195853579514439,0.7129401990740676,0.2050368507026563,0.0820229502232759,106.66666666666669,3.7156570520869456,3.820122164177327
10,5,35,4.7728362321996185,55.653569295949495,11.660481648309329,23.40288127920743,2.2613486662085083,1.7663078306685134,20.596000044775263,5.349376228052399,0.6779587408689807,0.2309337040116514,0.0911075551193679,106.66666666666669,3.8498889208401743,3.837774847677703
10,5,36,4.848000079003866,51.913285592333736,10.708185797513543,18.21616570784291,1.9265206632253764,1.7046673931341096,18.25389516864311,5.118436608055438,0.7059631938704521,0.2168313954887845,0.0772054106407632,106.66666666666669,3.657177750497069,3.777588675146885
10,5,37,4.54897978201882,53.72914408292139,11.811251458030574,23.62117513862496,2.154426151893347,1.7833773005018845,21.063917740771508,5.368732495417909,0.6829692022916168,0.2234166083706,0.0936141893377831,106.66666666666669,3.867926073970828,3.851316737210899
10,5,38,4.827897100615231,53.186970586497424,11.016591588026944,19.734923859031007,2.035324905602724,1.7321328623850996,19.08220032109672,5.1976952099377165,0.6960826341890538,0.2229270698120367,0.0809902959989094,106.66666666666669,3.7160405826689247,3.8042143572938096
10,5,39,4.441779841332759,46.15451764020068,10.390996242252292,15.23844283324222,1.5063487725786824,1.6670091537650538,17.321885852572848,4.99949800078096,0.7337366100308786,0.193797125593109,0.0724662643760122,106.66666666666669,3.5653167912644,3.758278270729204
10,5,40,4.80102630559142,48.20442674957693,10.040442122434657,14.63229317930002,1.614647990480221,1.6548619032994238,16.615545160699924,4.886372845994226,0.7373335184746351,0.1951637089355287,0.067502772589836,106.66666666666669,3.4809023774310712,3.7106571127801535
10,5,41,4.335149405155844,44.18912920515923,10.19321944304955,14.128221669414328,1.313897644739581,1.6317203633952355,16.632483733780195,4.99734632548995,0.7428451627865366,0.1858514440507641,0.0713033931626993,106.66666666666669,3.549690037928676,3.771510936112207
10,5,42,4.3872594350468725,53.98193370280147,12.304249270416063,27.392248465588143,2.355801464153048,1.8621580699222864,22.912457073240677,5.59285868607271,0.6553454494340518,0.2421680395264045,0.1024865110395437,106.66666666666669,4.031384742055321,3.9495062969991848
10,5,43,4.696547216871037,55.40996034568259,11.79802050038755,23.702326813802312,2.2210961132665394,1.8098329157982285,21.352445842863677,5.385372121256732,0.6806589798214495,0.2270625510040707,0.0922784691744798,106.66666666666669,3.8566098229874135,3.861000880441252
10,5,44,4.779113146753295,55.35208119965482,11.582082177162604,21.626345544911896,2.1073910281784785,1.7626234747978995,20.41484993250517,5.277780924392667,0.6927730533814249,0.2203696976236009,0.0868572489949739,106.66666666666669,3.777118134212483,3.822831268047892
10,5,45,4.480419177139303,46.73422960005146,10.430771709599444,14.658843409959116,1.443279574565441,1.6367439226108007,17.07250220382756,4.909009612721493,0.745212204845314,0.1837880066045598,0.0709997885501262,106.66666666666669,3.507567376139177,3.71627085563106
10,5,46,4.526821434218519,58.13821230343435,12.843054038748704,31.83658057668392,2.686095292406038,1.9084148670422936,24.5098752657756,5.710599121784023,0.6373528559692342,0.2510967153706068,0.1115504286601589,106.66666666666669,4.12828126883834,3.971133717508655
10,5,47,4.31930232137537,55.78369255413917,12.914977559703738,32.33998759047169,2.613319525937781,1.921470199203332,24.8157445043505,5.793063399352541,0.6281767726293429,0.2581589514378958,0.1136642759327612,106.66666666666669,4.1908562708775685,4.025159808269333
10,5,48,4.278294509786644,50.607771682105614,11.828959312253938,24.20134425927794,2.013777657122822,1.80579266761418,21.360647991574638,5.5470114456200905,0.6718203558527859,0.2293409750454838,0.0988386691017303,106.66666666666669,3.976952918168236,3.955989264365078
10,5,49,4.343923413713156,54.53453398339644,12.554211662949346,28.7331887983622,2.3934086233651986,1.8486276862030229,23.208063258581056,5.646992665546773,0.6492541269503633,0.2433623859784015,0.1073834870712351,106.66666666666669,4.083203800414523,3.962392275475488
10,10,0,3.5573239752558274,32.71827442002555,9.19744016783644,16.191169415203273,-0.1735130147770683,1.4975662781636456,13.773776240779636,5.8592696497341725,0.5732057015976081,0.2819665813741304,0.1448277170282613,106.66666666666669,4.6801564716250255,3.86464135352184
10,10,1,3.358526879332524,34.627960387185084,10.31046099415678,27.11568814986178,-0.3012818119219922,1.6840644765152517,17.36348109675556,6.587201670586893,0.4569561001290127,0.347899046169929,0.1951448537010583,106.66666666666669,5.221515072464845,4.189005741478132
10,10,2,3.505209683043827,35.87264604502726,10.234094188019144,24.28833483950859,-0.0292547257207321,1.6344562824082305,16.727179540365448,6.403354083011468,0.4852789287433873,0.3325927642296182,0.1821283070269945,106.66666666666669,5.093506325984659,4.088438527617356
10,10,3,3.3324195805450425,36.8663135679362,11.062926704417707,29.77744074118311,-0.4240792940189104,1.690828649074144,18.70551341443686,6.64192542459334,0.4669009782144763,0.329918116723904,0.2031809050616197,106.66666666666669,5.2670787065963465,4.188896892087136
10,10,4,3.780498508023719,37.40508020476181,9.89421900984047,18.93225546880255,0.2277011640280005,1.525934323089433,15.097928387279516,6.019905808002847,0.5468382759031407,0.2954160718156842,0.157745652281175,106.66666666666669,4.813826658194022,3.898916667462794
10,10,5,3.787259313682119,36.03762992916712,9.515490475916195,16.578936821089556,0.1742113316561682,1.5217263358368978,14.479972455606854,5.990131748449879,0.5532746627172861,0.3007513169991202,0.1459740202835935,106.66666666666669,4.75266621852591,3.930713914297773
10,10,6,3.0926721840439995,30.12320604206356,9.740187206868544,26.155634369449302,-1.0496516966718117,1.6771692122362023,16.33594210477685,6.611222016430199,0.4588788337476646,0.3533351427541548,0.1877860234981804,106.66666666666669,5.198382815809499,4.283909725937781
10,10,7,3.5944639732854005,35.22177263449575,9.798894326461271,19.46665168316965,-0.0162461338937728,1.5423865094780864,15.113682416935228,6.0732696477540085,0.5399003361431011,0.2991091270793889,0.1609905367775098,106.66666666666669,4.851237026142548,3.9332455112640976
10,10,8,3.2131633276032927,33.098147486762024,10.30079834486659,30.652348981877932,-0.6732675089976733,1.772569200642506,18.25887788813982,6.8268607802330585,0.4108713743461212,0.3824600339303542,0.2066685917235246,106.66666666666669,5.37367584752065,4.381487071544181
10,10,9,3.421014568696022,36.18604442211037,10.577576825667627,26.908314702111017,-0.1517569167966721,1.669147670779008,17.655537721049132,6.548781289713953,0.466209208838675,0.3403994445086459,0.193391346652679,106.66666666666669,5.203229135816662,4.1558248909748965
10,10,10,3.4807603414704893,34.83696812526121,10.00843629198094,22.70488014172779,-0.1303980982728683,1.641818159711056,16.432032454485487,6.40167189885446,0.4885154268302838,0.3352231974836488,0.1762613756860674,106.66666666666669,5.065616304978219,4.119417031348014
10,10,11,3.330407838761101,31.88658874796616,9.574379563023085,20.32988354324122,-0.5079520650031222,1.5642834819179114,14.97704380004944,6.1478766997872345,0.5358297378399846,0.3008850281005779,0.1632852340594375,106.66666666666669,4.89124774547374,3.996052692320369
10,10,12,3.466777497909441,30.287729131096626,8.73656562884723,15.17910235063558,-0.3255691895383887,1.488914971454217,13.008003363882969,5.796173105856654,0.582153465401372,0.2796081149629674,0.1382384196356605,106.66666666666669,4.621641560936991,3.8591630811409914
10,10,13,3.441683859357856,37.75319133509857,10.969395469734543,32.48142933868843,-0.0228015447273193,1.8048580789839648,19.798202035120497,6.862386771828101,0.4016949699372444,0.3832294492416477,0.2150755808211079,106.66666666666669,5.421431091825269,4.347981965662844
10,10,14,3.160993457392561,29.9430882010734,9.472682751381852,22.35263253961645,-0.8697043596509756,1.5960914968521398,15.119268391858505,6.312222373129267,0.5120859430423443,0.3173096742676754,0.1706043826899801,106.66666666666669,4.996774036875675,4.097906741142971
10,10,15,3.249652111182815,31.146733966017276,9.584636416567191,24.72295928968467,-0.5657894001298949,1.698334691529667,16.27792053195466,6.576034900455781,0.4507535241311332,0.3652651443797752,0.1839813314890916,106.66666666666669,5.180870838076489,4.262242794858317
10,10,16,3.7085905200151688,37.01773599335317,9.9816185673693,21.22346833459097,0.2333114855944269,1.628371875950027,16.253786951564766,6.372625374277228,0.4895742298549184,0.340223632624188,0.1702021375208936,106.66666666666669,5.0333056141759895,4.111453781140735
10,10,17,3.317327643658648,33.11625817014816,9.98281198827396,23.097052904731783,-0.4879995329934638,1.6163001308724707,16.13522032312247,6.360827605121592,0.5030573303340415,0.3209177865725856,0.176024883093373,106.66666666666669,5.047119769117012,4.090713436737724
10,10,18,3.640580699991769,40.35226383213788,11.08401850073784,29.713600934842702,0.3218103405074273,1.7308674249083087,19.18496656000816,6.698647675658191,0.4368273881581663,0.3592866330363558,0.2038859788054777,106.66666666666669,5.306857032781669,4.224397529650258
10,10,19,3.819647739072261,40.28877155486561,10.547771498073065,23.28890831587097,0.4132724123174696,1.6320377302993725,17.21436105543157,6.44389335700963,0.4823592372602331,0.3399409204904656,0.1776998422493012,106.66666666666669,5.090665067684588,4.122119830928834
10,10,20,3.672698630385472,32.42980804913193,8.829967093087687,14.099536134454851,-0.0565826096479697,1.4559960453258465,12.85639716789303,5.657062676579889,0.5991161280565704,0.2678500512023855,0.1330338207410439,106.66666666666669,4.532628576502503,3.780589778098604
10,10,21,3.8266977433308655,36.72387159133896,9.59675261923704,16.48598695914354,0.1719025764691932,1.5089180567891356,14.480713313705202,5.928764899365265,0.5653055484625261,0.2897117655622523,0.1449826859752215,106.66666666666669,4.712107778483821,3.8932763254981535
10,10,22,3.6613625368009446,33.741957547152765,9.215683289487702,16.461015859924924,0.0184241458459663,1.4973806491356898,13.799385826242023,5.855758900725287,0.5674280872936935,0.2868452550254799,0.1457266576808263,106.66666666666669,4.688648619868106,3.8537428545085
10,10,23,3.3870419441245665,36.09324346718756,10.65627295516602,28.18165532554812,-0.2366837565339271,1.7258160960920113,18.3907673903755,6.67985480007366,0.4448417591022203,0.3560597653437001,0.1990984755540795,106.66666666666669,5.280182366901881,4.250126224256525
10,10,24,3.9326974566501023,36.41752345346822,9.26018943864777,15.089923589963131,0.2664836711459131,1.4888945711884,13.787445783378818,5.867821584692069,0.5685697006137118,0.2928609051080012,0.138569394278287,106.66666666666669,4.658473687969208,3.883482327285592
10,10,25,3.621466578759808,32.98618568130652,9.108515835759231,15.796977353660052,-0.0778535344248839,1.4987953214474468,13.651800919965918,5.853786336521817,0.5739367452150835,0.2845162613550486,0.1415469934298679,106.66666666666669,4.666705290813759,3.8684838615249486
10,10,26,3.1705734886801458,31.629484703729048,9.975950665283538,26.638873416854857,-0.8008011446052807,1.667949906578239,16.6393859801888,6.5731003336451845,0.4669419491065956,0.3422585155005478,0.1907995353928564,106.66666666666669,5.194080904506206,4.2183121721357
10,10,27,3.4434559950555363,37.6505405286493,10.933939792671016,31.58346321444261,-0.018467306213199,1.7577348166816382,19.21896665707866,6.783924822170523,0.4193845586443399,0.3681637760485085,0.2124516653071515,106.66666666666669,5.375695291651098,4.281783293627183
10,10,28,3.9418459756592745,40.93392043201499,10.38445456387189,20.75720275275441,0.4478479585604547,1.5590726747846912,16.19011935307584,6.285835978800483,0.5118910212371225,0.3205012837248555,0.1676076950380219,106.66666666666669,4.969839981330189,4.036126310658004
10,10,29,3.365695155439095,36.93043523458356,10.972602546877283,31.270893245990557,-0.2673247105774738,1.7278780899060884,18.959319529997003,6.727208140007808,0.4383409418677675,0.3510440757971184,0.2106149823351141,106.66666666666669,5.336591957921944,4.239917054261185
10,10,30,3.1782485233279583,31.394144748475725,9.877813052707022,25.69555170355268,-0.8136256485200424,1.6693102802821431,16.489134875588974,6.543323281628206,0.4712895207599888,0.3424338610863583,0.1862766181536527,106.66666666666669,5.164405313931885,4.216531212906511
10,10,31,3.40825552992761,36.72083518712747,10.774085119112948,28.05965940913648,-0.2083776230315853,1.6811579796409055,18.112939171327067,6.58622967785596,0.4636939305498742,0.3380968974464241,0.1982091720037015,106.66666666666669,5.229742658149198,4.168760235811837
10,10,32,3.378507200999656,31.218691381623447,9.240380299437057,17.472454594242578,-0.4538851066037955,1.4941039338838662,13.80608855597188,5.8723058536701895,0.5803064745560936,0.2709307814055398,0.1487627440383667,106.66666666666669,4.701793822999709,3.854452124247793
10,10,33,3.1964899552232766,30.0263868686082,9.393549577574328,21.527696343228836,-0.8051798143006957,1.5741315058232197,14.786682341572147,6.240648081858224,0.5279366812391837,0.3037361536266119,0.1683271651342044,106.66666666666669,4.952623907574755,4.046523797959672
10,10,34,3.5802286530134486,38.12649540153158,10.649178892370694,23.68426901947392,0.0090925706616487,1.5910266115098506,16.94312700849077,6.283896918598403,0.5177343016733024,0.3040199988611697,0.1782456994655277,106.66666666666669,5.014374355345424,3.999253394740215
10,10,35,3.5253567732630025,36.12473684861529,10.24711516366014,24.56768002088693,0.0079229477043065,1.689147293313814,17.308886842971464,6.521813220757704,0.4639501626830191,0.3531541059920325,0.1828957313249483,106.66666666666669,5.15166211423021,4.184930020018595
10,10,36,3.307668326766678,34.08990404645619,10.306324781898509,25.376346751641027,-0.5126729814060655,1.6315537755284344,16.81532310972878,6.4474420171860265,0.4934599138362956,0.3194390554441457,0.1871010307195586,106.66666666666669,5.120137048482613,4.108800221509068
10,10,37,3.55189977097159,36.334145274670426,10.229496218225648,22.95410468237578,0.0075785348453619,1.6420450779867637,16.797293915421637,6.400391798567686,0.4892387460998115,0.3342872926457178,0.1764739612544706,106.66666666666669,5.069089742852018,4.110047687343244
10,10,38,3.33551638742338,36.42390075246767,10.920018528406754,30.14536955337512,-0.4110010214671036,1.7153442935703571,18.73159146838509,6.682322844314042,0.4533420171794068,0.3421342059662782,0.204523776854315,106.66666666666669,5.29255948733192,4.226342760952466
10,10,39,3.22839117133962,32.718745411085806,10.134690523735133,26.8303692972102,-0.6818056877663408,1.690157013622258,17.12921826958197,6.591256542256147,0.4639664966568355,0.3446952737836096,0.1913382295595549,106.66666666666669,5.203374430709439,4.227516722078706
10,10,40,3.810604450553626,37.6106842174855,9.870004799900238,19.5031391499858,0.3104280449962925,1.5783790199568382,15.578608503035827,6.2226643014583605,0.5130567711897158,0.3260346110398223,0.1609086177704617,106.66666666666669,4.924805924433861,4.033363454447133
10,10,41,3.1127082866592444,30.87386287540805,9.918649623458238,28.031075734211928,-0.993664238431811,1.7064127794803765,16.92531047265736,6.702078691238888,0.4438277455511173,0.3596382776859941,0.1965339767628886,106.66666666666669,5.2702823289743375,4.322615885117283
10,10,42,3.283272509135407,37.409881620568335,11.394083651746463,39.57044027633976,-0.5537830605138797,1.8880840115818995,21.5129871694892,7.133151212173867,0.3626863118218629,0.3961741228179335,0.2411395653602034,106.66666666666669,5.610546382097568,4.531753059104217
10,10,43,3.6670230460528512,34.84454801203799,9.50213499463668,18.67841252736265,0.1325175003209181,1.564605730554539,14.867094865111373,6.148598471447583,0.5184661888217336,0.3239259615283114,0.157607849649955,106.66666666666669,4.885450781700863,3.995931431042022
10,10,44,3.4838696171707197,35.482225554075015,10.184716838769194,23.34909051587816,-0.1035644429236917,1.6272561355100912,16.573142964320112,6.385212310206919,0.4933881760004124,0.3283412494500956,0.1782705745494919,106.66666666666669,5.069021512907396,4.086804996692438
10,10,45,3.7611502228353952,38.155098550579474,10.144529276954996,21.873427554799804,0.3321639455071144,1.6352478368086458,16.588819555582635,6.4005849572414775,0.4833424669019553,0.3451126485668864,0.1715448845311582,106.66666666666669,5.050709184307342,4.12643839915119
10,10,46,3.6406326693769953,37.018434496206986,10.168132261072572,22.74733719123041,0.1561495206926649,1.6191615968402688,16.463849268721322,6.35323621455512,0.4930391216320207,0.3307197048528688,0.1762411735151104,106.66666666666669,5.04477241753468,4.067192953716427
10,10,47,3.4991377886114283,34.01582777832771,9.721202717148872,20.69789329544113,-0.1279838565112076,1.5855110951309856,15.413074766057022,6.215676948219063,0.5150672509570738,0.3185835075960208,0.1663492414469054,106.66666666666669,4.943792210914941,4.0201402735911245
10,10,48,3.793383564779031,36.54843955288493,9.634786181980497,19.048757337860195,0.2839365682942535,1.5619268355492577,15.048831092414511,6.166737905485539,0.5168962414682506,0.3232783812111094,0.1598253773206398,106.66666666666669,4.899248941931181,3.9947445166114735
10,10,49,3.5343183977618358,40.1477446892995,11.359402343242111,33.43318056657477,0.1720256194345438,1.8156056034644592,20.624194546397685,6.890114871073184,0.4020310412743602,0.3786082340832108,0.2193607246424289,106.66666666666669,5.443382705554137,4.344436460026
10,15,0,3.139105727296165,34.19398220421722,10.892905551693488,42.57138646895336,-2.051962845153595,2.047071493084437,22.298556431732948,7.41287451719586,0.2221809794947214,0.503436012768477,0.2743830077368014,120.0,6.122391886044866,4.985109453672017
10,15,1,3.1587162144792487,32.88824867026269,10.41190358269798,39.84672078484524,-2.024466470533872,2.068484275123986,21.536858834917865,7.362886249143399,0.2105208139662558,0.5247956422500539,0.2646835437836902,120.0,6.080842526526422,5.0210589282263856
10,15,2,3.097081244844947,30.81046566327509,9.94822648406745,34.65266637605194,-1.844116835912572,1.9505766941819092,19.404778728265207,7.134913996116602,0.2699814760314877,0.4903585167751271,0.2396600071933851,120.0,5.917206131718448,4.725493904300801
10,15,3,3.03009608453348,31.060047579183767,10.250515730416462,36.85892878849376,-1.9957677527149025,1.9488811412396168,19.97703679498868,7.181293527253323,0.2698518296468645,0.4819438182550526,0.2482043520980828,120.0,5.9527267467374685,4.745316506054056
10,15,4,3.1994294411298214,33.61610854769587,10.50690729901671,40.42925821664125,-1.772559739868793,2.078072099349014,21.83411090853313,7.319493797354944,0.2333496421443198,0.5023366279018198,0.2643137299538604,120.0,6.060046337606104,4.871704242309079
10,15,5,3.044106532082167,31.229518457570432,10.25900970561942,36.159216011149205,-2.173254699546104,1.991861713237105,20.43452864835119,7.253121420816935,0.2395082450853743,0.5124119286024862,0.2480798263121393,120.0,5.989687415044664,4.912140996317878
10,15,6,3.247611077032239,35.545449603762044,10.945106652439586,44.61061906961883,-1.850750717604775,2.1260147386127195,23.26945805877468,7.458026233292852,0.2043883439962649,0.5130092697170585,0.2826023862866766,120.0,6.162091726818927,5.022974910295451
10,15,7,3.04374078825006,32.72705445876386,10.752247558367037,39.64600790367833,-2.172532551777475,1.9941001938672864,21.44105894064876,7.317611774776447,0.2437861919674934,0.4959577802765087,0.2602560277559979,120.0,6.0442973918288185,4.9008682188095865
10,15,8,3.0637561694256754,31.6693911000526,10.33678574558016,36.05474588428196,-1.866053719949921,1.9008428591620576,19.648605371174195,7.116244596206195,0.2962432808299791,0.4595588074326519,0.2441979117373688,120.0,5.910138010512652,4.635986551206545
10,15,9,3.0243207189645105,32.17661071556243,10.639285216608672,39.20388820943253,-2.1301296487713923,1.9794582245852752,21.06002062572457,7.274607909545075,0.2554026672177134,0.4869559854099374,0.2576413473723492,120.0,6.01722309142078,4.838295009401186
10,15,10,3.1442863683540105,32.26809554960665,10.262454423481326,37.49002856810088,-1.82327429591681,2.003490955652495,20.560734620240776,7.211117808228348,0.2594571059320943,0.49057574695923,0.2499671471086755,120.0,5.977592011172279,4.771412948419834
10,15,11,3.258449581556497,34.45440366307948,10.57386428751225,42.02597167416908,-1.7826769000887752,2.155800811690056,22.795145213719405,7.389307252464285,0.2035932821394384,0.5249512051974085,0.2714555126631531,120.0,6.109586343460824,5.001812979756135
10,15,12,3.1524907164264997,33.117846757748,10.505295570002083,40.20633872553444,-1.9883998849795252,2.0833283133188547,21.88597970076848,7.3513323614588,0.2158444029987998,0.5194251140408218,0.2647304829603784,120.0,6.074905418196703,4.979442490674957
10,15,13,3.066818724805056,31.778826713057708,10.362147086172412,38.1752568675855,-1.9227195969945816,1.9797301594783296,20.514255103446025,7.2127652110775955,0.2618357955869695,0.4852643656605266,0.2528998387525038,120.0,5.980158799861416,4.763149249892603
10,15,14,3.382957666034109,37.324323692177295,11.033044860987914,48.050561071353776,-1.5722942463893674,2.239697950005913,24.710687957477905,7.505643360369217,0.1871467031645156,0.5201289433698899,0.2927243534655945,120.0,6.207256856291749,5.058629783643153
10,15,15,3.3836848066495118,35.25719176606593,10.419762413088714,43.531989461845534,-1.665813162601877,2.192634414023465,22.8467296528865,7.449773699472441,0.1704239346465908,0.5489135360919201,0.2806625292614892,120.0,6.154722607257983,5.135805152229795
10,15,16,2.876253521399312,28.912166042727065,10.052022823308407,31.898509882304428,-2.3184714683847685,1.8181024261412089,18.275607082683823,6.989708393235008,0.3237396646236852,0.4524525440825208,0.223807791293794,120.0,5.790168058967043,4.609990310661029
10,15,17,3.0080750955832616,30.481273072223743,10.133148975229778,30.33607728842751,-1.8069241757124384,1.7286164799104302,17.516328311969684,6.737202181357605,0.383704368478962,0.4038378706952887,0.2124577608257492,120.0,5.630764802842134,4.322066745341412
10,15,18,2.988671980344268,28.873872036643288,9.661104405749231,32.177051723386874,-2.033862358722347,1.894108054838604,18.29917567356634,7.038466617928851,0.2854044612248565,0.4864464419777121,0.2281490967974314,120.0,5.8381911503470265,4.675405199636643
10,15,19,2.911035071545708,29.222591027487876,10.03855683949943,32.250972896764615,-2.236410243574056,1.8321452630876496,18.392094361725007,6.977092791463927,0.3196929657119255,0.4553327427792487,0.2249742915088257,120.0,5.787810023316956,4.592250476708808
10,15,20,3.0697500747357225,32.46626933409813,10.576193026689047,35.439438524708855,-1.7154482690073505,1.8557320306894245,19.626580162380996,7.010000170065043,0.3199106120816667,0.4415774164159974,0.2385119715023359,120.0,5.842019152906263,4.5142745470105226
10,15,21,3.1354052151863403,33.96375641971161,10.832333969213323,41.8161294204224,-2.060886580036378,2.0557078433117795,22.26811390188445,7.377116700336471,0.2267338923119753,0.5038291506521376,0.269436957035887,120.0,6.09622658991294,4.96331543958015
10,15,22,3.255630580930742,34.81742154355624,10.694524663668195,40.21301734246799,-1.5352204378495615,2.06556324944086,22.090217115511894,7.302169460651092,0.239793789025645,0.4959954264271911,0.2642107845471638,120.0,6.0526108807281735,4.827017767370731
10,15,23,2.970281993406236,30.446349645829148,10.250322936817904,35.14649068822078,-2.1996900953920355,1.9169967900092009,19.64983616643761,7.13187064458807,0.2821137908810662,0.4788886742956309,0.2389975348233028,120.0,5.905579396643252,4.734899561557739
10,15,24,2.94230652507465,30.67401953481612,10.425161101812083,35.91031209839402,-2.246825380706682,1.900713520814446,19.815244662883053,7.147825442496142,0.2858549501386114,0.4719292084104928,0.2422158414508957,120.0,5.915666748820929,4.72559842566328
10,15,25,3.023777888901145,32.618710825617974,10.787403051442965,39.74649941605941,-2.2143397168417605,1.975614446205307,21.311749305469924,7.32018382739242,0.2467241885512945,0.4914360569964626,0.2618397544522429,120.0,6.0470540292674295,4.900032699509057
10,15,26,2.9914813490344705,31.092763855241103,10.393768246382882,37.2254659359994,-2.075738178446314,1.927135550982912,20.03020029628177,7.166533271791595,0.2801359011563794,0.472265911848311,0.2475981869953094,120.0,5.941635020124437,4.716605297645375
10,15,27,3.178332648831946,35.666366330876585,11.22172229013982,45.698822919706025,-1.8206805377644724,2.0725609888845966,23.257703846640503,7.427765883790116,0.2334510016835735,0.4850327092239403,0.2815162890924861,120.0,6.146093518861931,4.899719164133703
10,15,28,2.892497653697233,30.181700731518838,10.4344771699089,34.77981547012018,-2.295113360896252,1.8501977690226945,19.305846380683683,7.074265103728695,0.3100174485907284,0.455126677854878,0.2348558735543936,120.0,5.859695999226111,4.644761123201195
10,15,29,3.199520269051848,35.22911397057028,11.010748802354094,40.01034731128276,-1.5385118088973202,1.9756018902450363,21.75285614694402,7.22410289690626,0.2737484692280174,0.4664620641759745,0.2597894665960081,120.0,6.004754680150363,4.682846392707409
10,15,30,3.2160580112815,34.613654858201706,10.762758239055904,42.93721212625793,-1.698090524656425,2.101973133603789,22.62302866196833,7.361618039706218,0.2280392957593663,0.4992976296567905,0.2726630745838433,120.0,6.097361543561004,4.886023142498216
10,15,31,3.0326603205970235,30.4005380846092,10.024379544961503,34.762569344293134,-2.064747545000639,1.947509938538596,19.522578791495533,7.157114440154204,0.2671971221165349,0.4924731124066505,0.2403297654768146,120.0,5.925980688580244,4.768154869490571
10,15,32,3.2256721978674605,33.862601585199734,10.497843397598428,41.37574281051434,-1.828692049764298,2.134439896453338,22.407015774553354,7.374431175481668,0.2048512123720068,0.5265795780206961,0.2685692096072972,120.0,6.096805283340329,4.994727449363686
10,15,33,3.035745908432218,32.49929899543366,10.705539915301284,38.400627078619,-2.0278011861104246,1.9274433608158072,20.63432183369608,7.191489709387319,0.2871634504034926,0.4615882487683304,0.2512483008281769,120.0,5.960406442607307,4.700459062265388
10,15,34,3.0637489472306605,33.34885024749606,10.884981381271553,41.168223554717535,-2.0376087230854107,1.994389400897328,21.708891495772743,7.305762272329439,0.2594252327971124,0.4767689088123028,0.2638058583905848,120.0,6.047395953578725,4.815652439622714
10,15,35,2.8914531024844163,30.67062837666868,10.607340769357672,35.54616695482384,-2.245834397034577,1.837864145804698,19.49485128233489,7.077123382995096,0.3193074899452022,0.4430439011237907,0.2376486089310069,120.0,5.863272156179701,4.609659434203166
10,15,36,3.222932093362115,33.78185347610375,10.481714320224173,40.35618032975024,-1.8405009924489932,2.1161205068239286,22.180570619696404,7.372877185313563,0.2065000696447029,0.5264193826357354,0.2670805477195617,120.0,6.093100977189745,4.993736414401052
10,15,37,3.081487244759735,32.14059136721195,10.430220479370496,38.078611941211776,-2.0898430552238088,2.0202834918123638,21.07200225043545,7.280516098495903,0.2379746217219106,0.5069692329449063,0.2550561453331831,120.0,6.017390830926587,4.897509778726523
10,15,38,3.1211766529068177,33.61363482672992,10.76953936440119,41.285967538256,-1.9750693631157008,2.04443208570507,22.01759182484558,7.342522475411696,0.2350285410460436,0.4986712552219992,0.2663002037319571,120.0,6.073286724080281,4.9008029015117724
10,15,39,3.30807527682522,36.775178768618,11.116790184989794,46.88868727281225,-1.708613842036441,2.180476042419896,24.23989466697889,7.501371129573169,0.1909596190185918,0.5178635611557926,0.2911768198256156,120.0,6.1978375768858776,5.057307484244376
10,15,40,3.211599158194222,32.9103347537413,10.247335714288118,38.809494822817314,-1.784269983872762,2.10132990934926,21.533033027576487,7.301560305789235,0.2212510444805245,0.520763065650542,0.2579858898689335,120.0,6.041875762694032,4.919535300640963
10,15,41,3.094099675123739,33.37796592829341,10.787618187173807,41.17648781312478,-2.1251644983596685,2.0231533105095085,21.825005447893272,7.3812284537389345,0.2249254261935287,0.5060411864801013,0.26903338732637,120.0,6.09469873808629,4.974444324146276
10,15,42,3.1721849382788805,33.50235501986138,10.561286832803203,40.85282356956184,-2.0081996432158014,2.07736129774392,21.93960852083784,7.382330884588136,0.2109316484530353,0.5204019107702806,0.2686664407766839,120.0,6.098999357319046,5.0170387755393495
10,15,43,3.0041987105326977,29.856629859921423,9.938300604165866,33.9302829651489,-2.088091716023202,1.9355215698096375,19.235795186615185,7.121914024508928,0.2700274294299835,0.4935801593601698,0.2363924112098466,120.0,5.8977559466765,4.758070420469344
10,15,44,3.180343891430088,35.26215312275312,11.08752837005214,44.08142254398864,-1.7572264934188295,2.067000868516747,22.91793077060185,7.36936525104888,0.240386645441574,0.4836055252988681,0.2760078292595578,120.0,6.1044308439381,4.844596575586928
10,15,45,3.1747953554172947,32.77500874682954,10.323502801811804,39.76483149891047,-1.787651177745008,2.082992290584814,21.50377674800471,7.312007318503563,0.2254103433265346,0.5127162668640413,0.261873389809424,120.0,6.053587671634706,4.893587706157037
10,15,46,3.156289510388304,32.79071563990874,10.38900757740523,38.99151358537224,-1.8062710664358157,2.033433941641888,21.125360627870563,7.256311077357122,0.2493304283307143,0.4940090741059009,0.2566604975633847,120.0,6.014913411746501,4.810863118309062
10,15,47,2.938047419006743,30.050418333350112,10.228023597899984,33.26208526097722,-2.073678345516086,1.797419669414327,18.384050794099323,6.933342740136515,0.3451232538521347,0.4284261690079934,0.2264505771398718,120.0,5.7667401110542045,4.488260121822246
10,15,48,3.1118662168426163,32.746796872512625,10.523202024326872,38.54512420801526,-2.081552436285508,2.040179663708112,21.469222767123725,7.321753897359455,0.2244694278245157,0.5173005722087,0.2582299999667844,120.0,6.046671970223949,4.963362392301711
10,15,49,3.154692931481601,32.955195720293084,10.446403639296737,39.88095275000188,-1.8613008049324853,2.0668488596979384,21.59113744982485,7.317583490418425,0.2285361498160505,0.5088093651275374,0.2626544850564121,120.0,6.054165077949475,4.897929194330679
10,20,0,3.6784025244435927,34.26062077432643,9.313994470876676,30.120363421973902,-1.6958663060173715,1.872472985857437,17.44020303714211,6.919304839600732,0.2479356235875993,0.4141490082448349,0.3379153681675657,106.66666666666669,6.000180369984031,4.393505228418842
10,20,1,3.5106807201977146,30.099817576137365,8.573783825731153,18.716869508804976,-1.51967244891454,1.5000282803175284,12.860918207925742,6.055717919731923,0.4438974207004288,0.3112159760343191,0.244886603265252,106.66666666666669,5.359629552726114,3.748582482446496
10,20,2,4.020616921296292,33.973384533549606,8.449793949182357,22.723529861344527,-0.8941006774601096,1.6451811683094455,13.901441881289914,6.596372174140145,0.3346613519772577,0.3699365043992204,0.2954021436235219,106.66666666666669,5.756706965234924,4.082270140063561
10,20,3,3.3807212928989108,34.397883999174866,10.17471746973832,32.428173204713495,-2.230174860107772,1.8269582462232,18.58878398432968,6.859032298609268,0.2855734410978089,0.381764736148998,0.3326618227531929,106.66666666666669,5.957912049090865,4.245150856100515
10,20,4,3.54894857333216,30.29546938231431,8.536463337328511,18.867407639956067,-1.481119868953546,1.5105940067794033,12.895130356460552,6.113303643044614,0.4322003819867999,0.3186753773727517,0.2491242406404483,106.66666666666669,5.399556080357606,3.7797556663889607
10,20,5,3.66945125019762,35.01378886264339,9.541968669227506,31.635987777593,-1.801579811522468,1.9334935329747311,18.449334713798883,6.982992656282629,0.2275427605396471,0.425294804543427,0.3471624349169256,106.66666666666669,6.044834819885793,4.467479733485936
10,20,6,3.3779422708264293,34.05511000520059,10.081613975264547,34.83594096536321,-2.5332126225801037,2.0689207601971504,20.858060449718543,7.057099377476455,0.2020952490663599,0.4398685104016138,0.3580362405320261,106.66666666666669,6.096866365102901,4.603167162081034
10,20,7,3.560224028332807,35.63230657176383,10.008445055197786,30.66013249043172,-1.7503466368284817,1.7122726632553316,17.137186869708167,6.741399881486879,0.3334457548696132,0.3488914994443242,0.3176627456860625,106.66666666666669,5.870286607490261,4.065820869348689
10,20,8,3.3693340015105355,33.20249648910717,9.854320312032549,29.587145710111542,-2.210325513670153,1.8006266808418574,17.74395207540766,6.7902657091658165,0.2885213660982377,0.3891903541460645,0.3222882797556976,106.66666666666669,5.908193800577704,4.2413098431613365
10,20,9,4.008177814179222,36.89619142619764,9.205228195135122,31.807017923698996,-1.0943659779804318,1.86187257978526,17.138961967188244,6.991461136665048,0.2498730014016449,0.399890688779028,0.3502363098193271,106.66666666666669,6.045624685542103,4.362244397366799
10,20,10,3.751626435396578,35.45405886756294,9.450316943353972,30.45374838435033,-1.4875977300440022,1.8014618190134168,17.02438515102776,6.879234566155409,0.2775114075799406,0.3870254099108436,0.3354631825092159,106.66666666666669,5.970113540867711,4.261675581971786
10,20,11,3.956990268435356,37.04613675943878,9.36220062378048,30.403488819200035,-1.092618766026936,1.752288345084487,16.405275037393253,6.850838319788962,0.3000487486420972,0.3676873356861491,0.3322639156717538,106.66666666666669,5.949166401833994,4.170744237700054
10,20,12,3.7995491026140975,37.3370256539184,9.82669907548515,35.459766699858136,-1.571211132423804,1.948725549173262,19.149539552435183,7.083294205654398,0.2299681644187588,0.4067969032459338,0.3632349323353072,106.66666666666669,6.113892736597085,4.454834253588997
10,20,13,3.859312315583722,31.137287453018462,8.068092164318383,20.6405296584272,-1.1106602702548525,1.6065927691961523,12.962138532402047,6.427144941598596,0.3555459432436366,0.3645027678842039,0.2799512888721593,106.66666666666669,5.638044853294944,3.992786073219922
10,20,14,3.922665841470955,36.91065917261361,9.409585385119762,32.820078084138025,-1.2685472760951009,1.8814255165574256,17.703434043790153,7.013281038556558,0.2467276357579228,0.4010630299037834,0.3522093343382937,106.66666666666669,6.063261215481695,4.3841024124346415
10,20,15,3.435176930333675,35.305753506398254,10.277710354490775,33.026465516785024,-2.124471370118121,1.833395332356753,18.843106191238057,6.890214042478437,0.282186305239961,0.3804280939822393,0.3373856007777996,106.66666666666669,5.979807379243443,4.247708895501136
10,20,16,3.65720977476328,31.44739754907763,8.598740429406494,23.166146495421703,-1.492023274337625,1.654974564518825,14.230696697567424,6.529268067268602,0.3348892178357737,0.3723113717962572,0.2927994103679691,106.66666666666669,5.716899342897141,4.057921156792792
10,20,17,4.253933617817284,38.09323887015163,8.954826824424561,26.56265552644032,-0.6211386169497967,1.6768943874395186,15.016298842370391,6.786131677795972,0.3116406380811577,0.3712880124878774,0.3170713494309648,106.66666666666669,5.891565812074859,4.1638220845875
10,20,18,3.724461517799624,30.31275639885452,8.138829265381432,19.03490047364975,-1.243913413883946,1.5397802017286797,12.5320081680843,6.239880906817474,0.4029928991573078,0.3377386661453158,0.2592684346973763,106.66666666666669,5.495517693583821,3.865519894099113
10,20,19,3.764313620374379,31.38107037870124,8.336465433924243,20.530242733961963,-1.1917846533653749,1.552626573851721,12.9434177647071,6.304355361205306,0.4003592834595463,0.3321694581902146,0.267471258350239,106.66666666666669,5.544551378716221,3.8689732661301903
10,20,20,4.076141331794885,37.75477439222851,9.262381090108963,28.46044965141286,-0.8746405798110642,1.6991975887320188,15.738615614230202,6.793237343625693,0.3208316611543355,0.3602750904296293,0.3188932484160351,106.66666666666669,5.898932499396059,4.12430013265009
10,20,21,3.589782417105089,36.91472158027393,10.283275500035206,36.48932041915803,-1.9509967905031875,1.9282981149190648,19.82922076191129,7.0582697569065935,0.2461190167675442,0.393965863058387,0.3599151201740688,106.66666666666669,6.096635156406454,4.390672196572994
10,20,22,3.932773752335223,31.793936164929924,8.084354241342044,17.31273654870925,-0.8977054041770173,1.4988016836939897,12.1168437485021,6.156086448188866,0.4296303865436321,0.3205092393916983,0.2498603740646695,106.66666666666669,5.420286970699815,3.801152066800281
10,20,23,4.031237788663984,32.24792079543001,7.99950846018376,18.8435653188806,-0.8278421708929159,1.5664344400627384,12.530705555605088,6.3782019603306885,0.3736600655632739,0.3575134627418802,0.2688264716948458,106.66666666666669,5.591352936719383,3.974916724875356
10,20,24,3.9526173632628434,33.95666893130737,8.590932491192747,24.076372332689747,-0.9953434453267972,1.6542039852097727,14.211154763599165,6.606634684280183,0.3363392330141698,0.3623089223463659,0.3013518446394642,106.66666666666669,5.7686818320424,4.051363058088508
10,20,25,3.72285155189172,32.30383388182147,8.677174856839695,24.32203444568396,-1.391930233448578,1.6726569202168975,14.513936572224983,6.610178132713026,0.3284224839097581,0.3717799972406606,0.2997975188495814,106.66666666666669,5.773512621944894,4.09546946977201
10,20,26,4.128505351411364,36.93785060794924,8.947027426117232,25.787698017262397,-0.7729707143253159,1.6488299639711714,14.75212690865396,6.689213546939651,0.3398315641480371,0.3544101305364895,0.3057583053154733,106.66666666666669,5.820805642130591,4.0608835444541445
10,20,27,4.058702231981348,33.23989160590616,8.189783262242264,21.61684456656853,-0.8463912586184109,1.6424306564190865,13.451151099334608,6.61481978662176,0.3248386634358136,0.3812560410830719,0.2939052954811145,106.66666666666669,5.767529829384582,4.139066076877677
10,20,28,4.237539398103002,34.60767132037335,8.166926149610784,17.655310185437067,-0.5435499600406036,1.489144285724753,12.161731407628958,6.18903545107798,0.4311736402291457,0.3159965468929508,0.2528298128779035,106.66666666666669,5.442486215993544,3.7924827842958497
10,20,29,3.5402720064708504,34.60419272040644,9.77444463508947,29.42088420446137,-1.7747566363165783,1.710318824283888,16.71741665631418,6.717210998898206,0.3307592356680947,0.3556762674490125,0.3135644968828927,106.66666666666669,5.853225508810649,4.085672959802309
10,20,30,3.716303824012662,33.203437352293435,8.93453251527809,23.76914708984833,-1.326954714079276,1.5903712125134144,14.209223309563344,6.43595626722859,0.3851173270083906,0.3315912867310815,0.2832913862605278,106.66666666666669,5.64532278464702,3.903013180424775
10,20,31,4.105831029491057,33.8731263852197,8.25000496657518,18.93229541397267,-0.7299555466050367,1.5385926727230357,12.69339719150122,6.385736987284052,0.3875304116953103,0.346019926112765,0.2664496621919247,106.66666666666669,5.589361453016213,3.948982357397224
10,20,32,4.215861785634922,36.30947324829015,8.612586250339286,22.208794314917924,-0.6115268474123848,1.5676476916257098,13.501500954271709,6.4983457941954255,0.3786105490830176,0.3380500285866428,0.2833394223303395,106.66666666666669,5.676702263197022,3.94542566812627
10,20,33,4.10686610590246,35.29498171450051,8.594139863428696,21.779492464028923,-0.7492225004070463,1.5762237769235472,13.546287594942797,6.465231271752481,0.3792904150430227,0.3396571447770597,0.2810524401799175,106.66666666666669,5.65521933991012,3.941127997077376
10,20,34,4.054083699686329,36.0510512601099,8.892527616758192,26.959076393844654,-0.9242496135854866,1.7299022072299652,15.383203152083418,6.789769345403466,0.2979907407343784,0.3796117384316464,0.3223975208339753,106.66666666666669,5.901023056765611,4.189119690020319
10,20,35,3.7453675115293086,34.444131959062794,9.196462524180587,26.264568273162546,-1.324826013948673,1.627535757775085,14.967571603142426,6.561698395841674,0.3664835248929705,0.3363700669033729,0.2971464082036566,106.66666666666669,5.73770282578479,3.95525591781227
10,20,36,3.975612850839161,36.86592486689249,9.273016827861127,31.10112527294485,-1.105648314158191,1.8102699451028532,16.786663663909998,6.923019120118245,0.2723172435303885,0.3860170132001131,0.3416657432694983,106.66666666666669,5.999447232339747,4.272048112595633
10,20,37,3.820520663315954,33.53437593762472,8.777436086033138,24.92068127302187,-1.2222017513486845,1.6621962657858638,14.589821485378373,6.635281691220263,0.3370133422468989,0.3621421804586066,0.3008444772944945,106.66666666666669,5.7875057883790575,4.071924419172436
10,20,38,3.4180174066735427,30.86947297791945,9.031397241467534,21.17607284192664,-1.7483810053166535,1.539502912447136,13.9038623567063,6.204139465648738,0.4254276902607082,0.31793732674547,0.2566349829938218,106.66666666666669,5.470618080905418,3.811673412199365
10,20,39,3.478063145363808,33.46856821506199,9.622760374455812,27.21425990790619,-1.8220688992767484,1.6680501497725466,16.051246883836345,6.605171404199503,0.3517677164788083,0.3487361392452898,0.2994961442759017,106.66666666666669,5.770255999725858,4.020808723050743
10,20,40,3.9905739015858654,35.036683575454525,8.779860851976915,24.511999859159378,-0.9464785686866825,1.6346574124708932,14.352064622147076,6.586124320578444,0.3521936504044959,0.3495141107211176,0.2982922388743866,106.66666666666669,5.751359988243471,4.007993509305793
10,20,41,3.6503304258432983,30.129947496681208,8.254032918053053,20.36670107747166,-1.3821297366666956,1.571262173278707,12.969249701134029,6.330330854679696,0.3837838634169377,0.3461684709311529,0.2700476656519093,106.66666666666669,5.563103599226882,3.915985984089722
10,20,42,3.623991907388204,34.362708235905515,9.482004682695491,28.817552243001487,-1.6444144428907326,1.7296467209453108,16.400518307412337,6.756194952332054,0.3142345519384597,0.3683373696401929,0.3174280784213472,106.66666666666669,5.880279339866691,4.146251116199146
10,20,43,3.29307190980252,34.427372412720025,10.454485463934065,33.58032310219676,-2.439265834159108,1.8358614309928647,19.192986644112096,6.88339327839129,0.2900076268393664,0.3781597406022514,0.3318326325583822,106.66666666666669,5.973532337343436,4.247394201970971
10,20,44,3.63537943205306,33.35874389033877,9.176138148391187,27.418549545860028,-1.6502309342845571,1.749796904723713,16.056378129372085,6.767380471864389,0.2977669865853087,0.386245520577091,0.3159874928376002,106.66666666666669,5.889235636258866,4.2168105567056005
10,20,45,4.296861413248046,34.31786288644349,7.986727889485789,16.75952771367216,-0.4861625759455659,1.471613044388244,11.753372944146676,6.143753937020045,0.4373096603297884,0.3155136800753796,0.2471766595948318,106.66666666666669,5.405580260714817,3.781069915013181
10,20,46,3.734489981101669,34.75022764763968,9.30521378380788,29.695845307140207,-1.500432702818824,1.795092068094236,16.70371545523468,6.877352915934314,0.2793589980834593,0.388751899436738,0.3318891024798026,106.66666666666669,5.96648936221699,4.274366912245999
10,20,47,3.4911168708481912,34.37663181030321,9.846886564399425,30.750646359471517,-1.9640067827851744,1.797140382292448,17.69623748473515,6.809466086702199,0.2895366228270771,0.3812449088631365,0.3292184683097864,106.66666666666669,5.9247533997159705,4.2100698722021335
10,20,48,3.3387148620460194,31.33422226171275,9.385114799084883,24.934269323193156,-2.0347945968445305,1.645725668032587,15.445324322286492,6.48063489798164,0.3626039418447284,0.351373695969753,0.2860223621855186,106.66666666666669,5.680888408519175,3.992454783172823
10,20,49,3.553010440869137,33.13836709068615,9.326842023740252,25.670626158025403,-1.6595081128790763,1.6435832047205556,15.32944090330136,6.550067924478986,0.3585299366567671,0.3473298581372812,0.2941402052059517,106.66666666666669,5.730534746390081,3.9959237192917576
15,5,0,7.96815450001383,108.42767813363098,13.60762747929182,30.98671604177749,3.4024321312921826,1.674438778702358,22.78513913746205,5.336813270289793,0.7338893425020513,0.180646751607361,0.0854639058905876,106.66666666666669,3.918039497677339,3.992985674962686
15,5,1,8.164974499315157,99.90294036595508,12.235548362623115,21.327619482513956,2.768740948797738,1.5739413069632,19.25803498127847,5.00833693032833,0.7721927160338418,0.1617823943265425,0.0660248896396156,106.66666666666669,3.650288675889395,3.914961192577074
15,5,2,8.106459828563267,101.37229741046562,12.505125486871394,25.853834139533674,3.0359271202986227,1.594140107341594,19.934922085961265,5.214525242164219,0.7574072602147686,0.1638882565290195,0.0787044832562118,93.33333333333334,3.801677146115314,3.958941152084941
15,5,3,7.94879788514668,97.53609421739792,12.270546518695143,21.63654673831689,2.764093699621061,1.5768447060698965,19.34874631858884,5.037507589603863,0.76979885012771,0.1625228662630173,0.0676782836092725,106.66666666666669,3.6654725567855806,3.9133098696747695
15,5,4,7.945857851445687,101.14970148760496,12.72986546936547,24.88389472863192,2.9935879821298728,1.6322876777037616,20.778802544471866,5.157040676275182,0.7596284407442506,0.1664140646132468,0.0739574946425024,106.66666666666669,3.753880088600236,3.95520712676606
15,5,5,7.904025253521683,109.35802742292948,13.83573861611897,35.6486868085804,3.7116174847984817,1.7193466286041303,23.788430543872128,5.491905974061912,0.7130668505053255,0.1930913884437425,0.093841761050932,93.33333333333334,4.039607546489773,4.034893457106486
15,5,6,7.924737279121569,103.47503979509985,13.057220214443465,27.45947502513073,3.1632566885390894,1.633752947528136,21.33227201187097,5.24579542442917,0.7463759727871794,0.1738679467204633,0.0797560804923572,106.66666666666669,3.837294521451205,3.966552622497384
15,5,7,8.530328920848344,103.8699051580576,12.176541622468608,21.566139698916786,2.8257429191891146,1.569701183488389,19.113531795584603,5.029779927498564,0.7719232386967628,0.1629522302545914,0.0651245310486456,106.66666666666669,3.663149558598566,3.9400185592137102
15,5,8,7.973652308004131,106.51987546377588,13.358981724955433,29.59892079147968,3.3287565824507466,1.6714765899510853,22.329225218847373,5.305766913924137,0.7373608249953221,0.1801681995105842,0.0824709754940937,106.66666666666669,3.8881208776473946,3.991925869840261
15,5,9,8.281559135612296,95.40556786935328,11.520242300642522,21.372956540655256,2.765897900915918,1.5756936434400035,18.152372564011067,5.087109123938762,0.7778823205024096,0.1534228441439513,0.068694835353639,93.33333333333334,3.6720295868646176,3.9550688609554103
15,5,10,7.925782289626087,114.0629216567166,14.391377089175348,42.05048851305643,4.073071399423914,1.763969170903114,25.385945512146705,5.646833328367768,0.6959473937656853,0.198841014511327,0.1052115917229876,93.33333333333334,4.167016579949412,4.070566394690728
15,5,11,7.927365808976918,96.26357151369976,12.14319785832152,21.90459512606852,2.780655141934403,1.581083935036982,19.19941505376764,5.058710240082422,0.7687416687398748,0.1627753543337997,0.0684829769263255,106.66666666666669,3.6760949582388536,3.921543516732
15,5,12,8.187604390094892,104.70107186533586,12.787754131354948,30.968620838698467,3.4483364593497545,1.665003633102079,21.291657087922108,5.39834368762137,0.7308646743314736,0.1821381743227722,0.0869971513457541,93.33333333333334,3.949048624652519,4.023087984634564
15,5,13,7.94287069576177,119.807668575396,15.083673543788656,50.673895626402825,4.579718842027209,1.8199813777173932,27.45200495726388,5.830497672060918,0.6667825753394762,0.2152787474208523,0.1179386772396716,93.33333333333334,4.327155052832175,4.114216927383049
15,5,14,8.097406270221938,109.52457019736264,13.525883047283576,32.3375383923688,3.5579049183534845,1.7015968769232994,23.01560035088753,5.392134348018881,0.7205726611815149,0.1933592423967619,0.0860680964217231,106.66666666666669,3.966844403585749,4.025221576132493
15,5,15,8.037003895846263,102.53068067868912,12.75732623841077,24.207563388196192,2.952249390191807,1.618377634504072,20.64617146031595,5.116919490967828,0.7631333060912096,0.1646405896253515,0.0722261042834388,106.66666666666669,3.7296666762483706,3.944303684463979
15,5,16,7.996259412611427,97.941711062842,12.248440928313515,24.923258277310957,3.0111123362167502,1.6179076748894154,19.81684658334807,5.199897826066116,0.7560415928645471,0.1685931270624655,0.0753652800729872,93.33333333333334,3.779685965663783,3.96904104119559
15,5,17,7.914187917191446,115.2200572711977,14.55867089293054,43.40512944693972,4.219255494994343,1.80676731228928,26.30413067972428,5.694753399383374,0.6815499132593309,0.2134345710392537,0.1050155157014152,106.66666666666669,4.205000120017035,4.099207702817852
15,5,18,8.52196579399915,104.35273788974538,12.24514864436873,27.228158553665043,3.240578923808766,1.596536564865261,19.54982755294496,5.191625555158606,0.745139763505452,0.1756308530508999,0.079229383443648,93.33333333333334,3.8328853171854536,3.949807909939047
15,5,19,8.186089714411672,103.91313777900896,12.693867451277637,24.28960330277758,2.989936814273904,1.617621348760109,20.533870987517773,5.121663870656603,0.7599828963159612,0.1685545355043021,0.0714625681797367,106.66666666666669,3.7389659502760937,3.953076879232013
15,5,20,8.113978542952944,93.84915110703672,11.566354361208592,22.52981669022149,2.867850104618678,1.6002663636159664,18.50924783390495,5.138324540205812,0.7663342295166726,0.1633985239628491,0.0702672465204781,93.33333333333334,3.7168423402250728,3.9673003025574
15,5,21,8.572754675403935,99.7250040172394,11.632784069204748,22.006758721532023,2.881671927515979,1.5829673906631718,18.414317844177155,5.117445995360505,0.7682739098318979,0.1630935499138172,0.0686325402542848,93.33333333333334,3.7028263852718704,3.97713821116489
15,5,22,7.961716005779218,100.22711546048656,12.588632323450636,22.40106240961731,2.779445969812179,1.5904475034429146,20.021558850592847,5.046728863994195,0.7762748101473359,0.1541607031649362,0.0695644866877277,106.66666666666669,3.664591967357856,3.9168974461359385
15,5,23,8.596142396262044,98.00974105766888,11.401595801889874,20.942697667216084,2.8106921746959017,1.569732623301879,17.897456887928282,5.013178364423608,0.7755552296060215,0.1580857831153832,0.0663589872785951,93.33333333333334,3.645153684002878,3.936559326450145
15,5,24,7.932516303112461,110.22021316673325,13.894735157806911,40.93183830920562,4.069830217052213,1.7861018833162396,24.81741263353929,5.662140430740214,0.6934035621685868,0.203433095336774,0.1031633424946391,93.33333333333334,4.163095114769341,4.091361081387241
15,5,25,9.088552911831655,101.81199650138312,11.202223003933035,16.880955173067814,2.497101614827397,1.4994582892296255,16.797266141046183,4.918711641978753,0.7956890941196947,0.1480683403125499,0.0562425655677554,93.33333333333334,3.525088399285785,3.954298864123399
15,5,26,7.990677399683422,102.3743071311496,12.811718207420752,23.907397036517143,2.9027013467814995,1.6060062156291086,20.575699074006348,5.096436874770254,0.7674109157122452,0.1605551770251781,0.0720339072625767,106.66666666666669,3.713976967015818,3.930889466378555
15,5,27,8.028417864753044,106.81029373879214,13.30402770983292,30.744144954530697,3.341061851338686,1.6412198816768973,21.834834783758147,5.34645818868098,0.7405134767641735,0.1718415996324123,0.0876449236034141,93.33333333333334,3.9171842680245943,3.9855080341753344
15,5,28,8.020308212940845,94.34008339187562,11.762650622286184,21.25693062268498,2.735189457841487,1.5706745341440589,18.475295786458677,5.064168047347805,0.7736277245511828,0.1582361858818379,0.0681360895669793,93.33333333333334,3.667420999336152,3.931165997979164
15,5,29,8.475345078321464,107.0217495875956,12.62742090128455,27.5165896201673,3.226916835890628,1.6230265904549743,20.49463989165174,5.269472866352372,0.7495295152188409,0.1697297900061916,0.0807406947749673,93.33333333333334,3.847331554672866,3.9941793567717374
15,5,30,8.115358164759154,101.02345708046056,12.448428649662524,28.85566950852581,3.3179290375092703,1.6626039830308248,20.696807055403944,5.3482927459019,0.7379250804930946,0.1793389460404832,0.0827359734664222,93.33333333333334,3.898570905151136,4.017482679069672
15,5,31,8.21326762254852,99.9671938704839,12.171427800067807,26.076412218151816,3.1007382032872437,1.6170148559994524,19.68137957143438,5.246906120701701,0.7539235289159293,0.1677502546099686,0.078326216474102,93.33333333333334,3.8168404777028218,3.9863435437776378
15,5,32,7.938260749108453,98.64537676776848,12.426573009566024,25.36951696642573,3.043766122118884,1.6301380628100532,20.25702965318165,5.20808067937795,0.7536458379567911,0.1707863992076595,0.0755677628355493,93.33333333333334,3.788090004438151,3.971409347293965
15,5,33,8.028855328412074,94.2572075460446,11.739806446940491,18.769523543055435,2.5053466070676738,1.5348405414376691,18.018730883395587,4.934316932029497,0.7929621437148118,0.1440698648795899,0.0629679914055982,93.33333333333334,3.558627923809511,3.888695996191404
15,5,34,9.37301826533198,101.67624272053692,10.847758944054048,17.7719391021644,2.626773354183125,1.4993820373369828,16.26493490607624,4.938351176088724,0.7818079903092945,0.1602799032560589,0.0579121064346465,93.33333333333334,3.553255100195782,3.9504241011017696
15,5,35,9.000157128260199,106.19269599747906,11.798982449321633,21.61557788733714,2.8608254694029105,1.5457248460146829,18.237980329607627,5.071752088444745,0.7707837736491122,0.1612710485309449,0.0679451778199427,93.33333333333334,3.677649561709084,3.9648200046591215
15,5,36,7.908477188867726,110.14561962620824,13.927538386435938,42.59760398761645,4.203891322186684,1.8111009662117756,25.22417822862572,5.712108334018203,0.6835050500849695,0.2113510681829681,0.1051438817320623,93.33333333333334,4.202589049150724,4.108388200855865
15,5,37,8.508022589316402,113.380325130112,13.326283979603518,32.02386445474137,3.478864776290556,1.6335143892682062,21.768676636156723,5.387180712261711,0.7362068940868634,0.1736662678347106,0.0901268380784261,93.33333333333334,3.9550491763380897,4.007933754307964
15,5,38,7.952566468873949,99.77702934602624,12.546519382962698,23.01791879892872,2.8184338442265933,1.5773189707002693,19.789863039005706,5.0824312379785,0.7702529944779399,0.1577124210771331,0.0720345844449269,106.66666666666669,3.6991539207806254,3.916593609928351
15,5,39,7.884878718782556,106.11028844539727,13.457440783791911,35.4499274471446,3.722473876505627,1.7529567767521057,23.5903120196882,5.522223857655035,0.7141033287484443,0.1921598067975117,0.0937368644540439,93.33333333333334,4.040410272647025,4.060006710181201
15,5,40,7.994618556177358,95.69031678211223,11.969341139881315,20.32449611386088,2.6305698763695404,1.5558861822199888,18.62293248981859,4.996931604950448,0.7837007694021965,0.1500621173870966,0.0662371132107068,93.33333333333334,3.614783194879392,3.90515187915332
15,5,41,8.074717259019298,108.52654349854728,13.440290231503187,37.39985668824439,3.882266097725528,1.7418122166630552,23.410461720729373,5.573601366038144,0.7041516512833927,0.1982971063149096,0.0975512424016976,93.33333333333334,4.095796869327572,4.06763851092583
15,5,42,8.229524402806716,106.5199940259185,12.943639123251083,25.69127942044112,3.080618790699524,1.631716319340767,21.12034718906641,5.161920878984503,0.7569954245323934,0.1691301443871243,0.0738744310804822,106.66666666666669,3.771970014945944,3.965755540896091
15,5,43,8.511186338484222,106.3632077151522,12.49687217329737,23.08618315389091,2.9240195704807586,1.593611293591623,19.915156629937577,5.078986416680039,0.7684251544869944,0.1637160567852018,0.0678587887278037,106.66666666666669,3.7008139255857855,3.9559312874495545
15,5,44,7.962897442385036,106.49603414729384,13.374030611073184,34.45699087517346,3.6369682951080073,1.7067113842977528,22.825610297865232,5.482771406152279,0.7196169955757872,0.1872864080699108,0.093096596354302,93.33333333333334,4.021041760357268,4.036825686603563
15,5,45,7.967214427349869,104.08707109100573,13.06442446605873,25.1311847694012,2.95410090133697,1.5855005799716284,20.713652567931646,5.126117445891705,0.762714316623075,0.1614526047090624,0.0758330786678625,106.66666666666669,3.7525046333309726,3.9180764834971487
15,5,46,8.48122039290057,99.78719983070248,11.76566522363126,21.92136117045835,2.790634026304112,1.5495433162890453,18.231407908972272,5.097284239648408,0.7764112046704569,0.1530550330698025,0.0705337622597405,93.33333333333334,3.6925756956459455,3.9501813957014313
15,5,47,8.06214299039597,110.20018241983212,13.668844940000213,39.224397177069655,3.970494549848712,1.741039092060619,23.79799338385536,5.6166945863091655,0.6978925853323128,0.2011494032771167,0.1009580113905703,93.33333333333334,4.135180177313898,4.073864159313984
15,5,48,7.885299721729262,108.30913714628316,13.735576448390317,34.33928054269651,3.627692819307656,1.7355314916376945,23.838525481978422,5.464328293587161,0.7208730101017575,0.1878211956674001,0.0913057942308422,93.33333333333334,4.002456064413019,4.038266423187341
15,5,49,7.921150547001289,99.9280136872722,12.615340801103947,24.78774777196617,2.988158277896687,1.6262480511580977,20.51567339249053,5.17068117525146,0.7588605722457322,0.1665335582842852,0.0746058694699826,106.66666666666669,3.760540981411068,3.958106251176845
15,10,0,4.218478269559453,46.0866504182785,10.92494673988008,16.819757402580702,0.7320571207875248,1.513074822182778,16.530261845800368,5.8311653508261,0.6062551561548445,0.2549339560107654,0.13881088783439,106.66666666666669,4.524818523392112,4.0484567888640175
15,10,1,5.386049493056441,54.19108533009157,10.061379012568182,17.310169867119008,1.659431071889896,1.470018125163736,14.79040951261724,5.5114288024292,0.6282298909893573,0.2449145365873775,0.126855572423265,106.66666666666669,4.342057942277029,3.811806353177423
15,10,2,5.435553356585996,61.69368297226442,11.350028033026884,23.02789257789699,1.9740382179858096,1.5361112028044714,17.434905213677393,5.812970942201765,0.6006575801125205,0.2553707131416592,0.1439717067458203,106.66666666666669,4.560950425199905,3.916279831318024
15,10,3,5.738786022316088,57.16216181324915,9.960671401750464,16.8706485997914,1.7624655946068306,1.4735952503840148,14.67799806825537,5.525983356573261,0.6205821629448981,0.2553882302141151,0.1240296068409868,106.66666666666669,4.335341183536202,3.8297381619712674
15,10,4,4.95901209064196,50.43142064675361,10.169650673351171,15.333457800123997,1.2763026717733017,1.4444472536342483,14.689523985541785,5.36369248006422,0.6569977647383362,0.2231418960684965,0.1198603391931673,106.66666666666669,4.229217612794729,3.773088756135949
15,10,5,5.022713321933261,45.480632321276914,9.05499267152505,10.900480693481237,0.9971127055285184,1.388700082036279,12.57466906578474,5.022441987211077,0.6953570355237257,0.2054374324249529,0.0992055320513213,106.66666666666669,3.958664700390376,3.6763620517158833
15,10,6,5.511667352409392,48.75350992794085,8.845510225980629,11.472566741687812,1.2530987423746134,1.3901689926800735,12.29675404059278,5.0295230925764765,0.6852966687343849,0.2151690195837121,0.0995343116819031,106.66666666666669,3.970375147822852,3.6640501860139687
15,10,7,4.160415269745149,47.63425766717559,11.449399778328733,16.980557805695945,0.6205115520548268,1.4751354085748372,16.889415019941605,5.717872264256429,0.6300116838083938,0.2323675180301208,0.1376207981614853,106.66666666666669,4.4612909453101794,3.975899948089859
15,10,8,6.154776110732095,60.8936071924645,9.893716050253104,14.432842283377022,1.607673174321883,1.438285789533998,14.229991200763472,5.406117016480809,0.6409143057824687,0.2490276806605688,0.1100580135569624,106.66666666666669,4.20194331755104,3.817426614588796
15,10,9,5.343794690475016,43.66975849069623,8.172050204049732,9.204238583935576,1.0013470317057294,1.364329120222521,11.149366065305443,4.829840333124719,0.7116100825264076,0.2008253106510093,0.087564606822583,106.66666666666669,3.8039215041584766,3.61963860583116
15,10,10,4.802195913518237,47.067045298857096,9.801150587455796,11.497088390606956,0.8865995465810764,1.3869456468103252,13.593663141004276,5.0225120610438845,0.7029888512471321,0.1955902533225024,0.1014208954303654,106.66666666666669,3.9678018650689246,3.671780828128116
15,10,11,4.588645846634938,45.62420805630696,9.942847973278491,11.363127073678594,0.7416753910506673,1.3942395458980277,13.862711843196928,5.084458646958885,0.6972473716577299,0.1995584011090429,0.1031942272332271,106.66666666666669,4.006051565394393,3.713128861432371
15,10,12,4.680698335400313,53.95422052193458,11.52695958076952,20.558103942485587,1.400123626312762,1.5237099605649227,17.563743128247783,5.78095540837424,0.6103339087441667,0.2457418339104536,0.1439242573453797,106.66666666666669,4.539609750406043,3.9378338432940136
15,10,13,4.666231304375294,53.085674893485766,11.376563104300027,18.271884135320214,1.2407587102406823,1.4708364435245809,16.733063615861617,5.558108546195722,0.6398578529739016,0.2259447675243089,0.1341973795017894,106.66666666666669,4.387566564505358,3.835328796727324
15,10,14,5.176432765956196,52.755543542071,10.191486285503013,18.05973703088353,1.5920924588107648,1.5057373548199888,15.3457016012175,5.639497564019846,0.6186094634130131,0.2505262106565566,0.1308643259304301,106.66666666666669,4.4115228141960445,3.884846412165144
15,10,15,5.006030976011292,45.48644892054944,9.086329896582493,10.0498731511854,0.8941176994897029,1.3626312619008352,12.381317173027483,4.850962294751813,0.7186427331663606,0.1887195402373115,0.0926377265963277,106.66666666666669,3.837983030361285,3.612825957077308
15,10,16,5.91433635663156,56.666376832848975,9.581189404168862,13.616271439513463,1.524199372853795,1.4190888036891052,13.59655860948072,5.2137133305866765,0.662635317473293,0.2306700277113406,0.1066946548153664,106.66666666666669,4.099470655139185,3.723308926304932
15,10,17,5.3453407035323535,51.15644384801834,9.570286850791888,16.18743966672887,1.6041707607875049,1.4899121047565314,14.258886224987098,5.565017878676349,0.6166330792950441,0.2595537382638415,0.1238131824411146,106.66666666666669,4.351849553620763,3.86916198161945
15,10,18,6.059524905236282,54.31586740620558,8.96371716523007,11.506910153307713,1.4055853545175772,1.3893965251694933,12.454157481972802,5.031031360454863,0.6793951823905268,0.2236393605567529,0.0969654570527203,106.66666666666669,3.961678697731033,3.668243097226416
15,10,19,4.339290365437675,49.82903349127106,11.483221747075952,18.107791105231613,0.9571589059640164,1.4866280994705772,17.071280121654723,5.700930916615279,0.6218841307303453,0.2374167507684787,0.140699118501176,106.66666666666669,4.480075899078605,3.9283688240079946
15,10,20,6.274501792846633,56.819072854691925,9.055551298028094,11.108603118223623,1.3932239826790718,1.385481587526964,12.546299588323825,5.0190970901451735,0.682170006740007,0.2248826478572325,0.0929473454027604,106.66666666666669,3.935099074336928,3.6780316296147673
15,10,21,5.132924226015158,51.31680185843162,9.997576351963875,15.174633811140458,1.3283848624158363,1.4286897357553816,14.28343471648152,5.287858454272679,0.6684762869107206,0.2151595617707319,0.1163641513185474,106.66666666666669,4.178458891811944,3.732598819786186
15,10,22,4.408181743115059,50.64486916549061,11.488834198950748,17.341760108407687,0.9376438280414112,1.4742165292309106,16.93702927768656,5.590696448984492,0.6422203896557697,0.2250709938819894,0.1327086164622408,106.66666666666669,4.391215796674976,3.888284024674757
15,10,23,4.179449785849332,46.36412305565246,11.093355688260894,16.103171210397356,0.6385347370137061,1.4767015437843964,16.381575470604275,5.690257776386154,0.6276626429808625,0.238206974533249,0.1341303824858885,106.66666666666669,4.439014390465847,3.972349781268488
15,10,24,5.120259963839104,50.241631857677504,9.812320509602989,14.713874552423713,1.332073043558558,1.4260502617780968,13.99286223136993,5.27897876560683,0.6626583599424447,0.2205966821981591,0.1167449578593962,106.66666666666669,4.176118432870716,3.72922161097758
15,10,25,4.456499894454328,51.8949385285129,11.644774993283631,18.608673043851372,1.0543051185576426,1.4938939106322973,17.396058453149667,5.672923848923578,0.6313794522136716,0.2312240514971329,0.1373964962891954,106.66666666666669,4.451464755680652,3.914981124779638
15,10,26,5.225216159632381,51.85920323069342,9.924795768514572,15.431989863898654,1.3873081625873551,1.4406680074866816,14.298335744538138,5.326721314542622,0.6632550452696491,0.2209985502308687,0.1157464044994821,106.66666666666669,4.195979590328662,3.755954533415756
15,10,27,4.981153101907629,52.11301785527201,10.462038967506205,16.73773844575791,1.378869968014133,1.4595936399433167,15.270325537811198,5.449738066801581,0.6480150222569588,0.2268925456617375,0.1250924320813035,106.66666666666669,4.296407604591002,3.7982508333968745
15,10,28,4.800539506940143,46.16523629517219,9.616676673201226,12.516349946132385,1.0004261885145238,1.425705416466876,13.710548021393649,5.241257086813044,0.6717872739250804,0.2187728132820436,0.1094399127928759,106.66666666666669,4.115075046683008,3.764411467253751
15,10,29,4.760560012445591,52.12316760039629,10.948957152967308,18.48090617073085,1.3669843367678407,1.5012441353695782,16.437057714304967,5.6587730063804464,0.621287873214662,0.2423858138898922,0.1363263128954459,106.66666666666669,4.445307913918975,3.890961110217415
15,10,30,4.314500264430346,48.19244206448029,11.16987811121232,17.72156030186998,0.879493866449839,1.5213290513619742,16.99306007075952,5.8239462868070735,0.6069685318074136,0.252096536584721,0.1409349316078654,106.66666666666669,4.53065044698998,4.022330212047585
15,10,31,4.5021635338515145,55.11408235366364,12.241688232616154,23.16215782729248,1.3368257154267291,1.5514030129099767,18.991792007185307,5.938836011127284,0.596335522949252,0.2486540635951632,0.1550104134555847,106.66666666666669,4.657133237865611,4.006645118951956
15,10,32,6.267796614785508,55.99811222345904,8.93425802799049,11.155667894628872,1.4176594463153689,1.386630873883287,12.388518016851227,5.032830973047948,0.6766099712061111,0.2289490329893826,0.0944409958045062,106.66666666666669,3.952121679142176,3.6804722653394233
15,10,33,5.437175429774363,54.21074003587691,9.970386414058853,16.648207646209205,1.6346598884015555,1.4817097604803218,14.773218865471398,5.535897039431085,0.6252936606447922,0.2506452095200392,0.1240611298351686,106.66666666666669,4.338138274786099,3.8447206463239216
15,10,34,4.14542930389112,45.34358236904363,10.938211472206689,15.611020753161643,0.578567950566019,1.471940783887968,16.100399568732275,5.684598793404693,0.626880169249986,0.2397964943168108,0.1333233364332032,106.66666666666669,4.432665883010037,3.976269849456534
15,10,35,5.077597526859,49.50955767717612,9.750587244318814,12.08005301575602,1.0572211682841834,1.3757700468617742,13.414565870046312,4.952383629207215,0.709097669690544,0.1903154927296597,0.1005868375797961,106.66666666666669,3.934696789404956,3.62036894246716
15,10,36,5.3898571075982336,56.28333010405768,10.442453107840926,17.40763176837076,1.5925753124840716,1.4600588964844303,15.246596561224631,5.440549464189384,0.6482631553435033,0.2291345968370545,0.122602247819442,106.66666666666669,4.2840650250176,3.7837826307490574
15,10,37,4.552173513585889,50.736038432531934,11.145453546775192,18.173351413998056,1.1970229104041188,1.4969192325841392,16.68384377004089,5.677773399970076,0.618748557492204,0.2429561825886065,0.1382952599191895,106.66666666666669,4.463353479914083,3.9084768478027145
15,10,38,4.666561575213301,55.788960247752,11.955046418776114,26.364045590673253,1.7854792788590832,1.6360831283596209,19.559449744515707,6.203008689343735,0.5420314458504782,0.2884410257823022,0.1695275283672194,106.66666666666669,4.847611674645773,4.1263896343065145
15,10,39,6.211991421718863,56.26658489597306,9.057737056630392,11.653867021982112,1.435651188091223,1.4026674760309492,12.704993175775751,5.134761402128699,0.6676901736926432,0.2353094678165986,0.0970003584907582,106.66666666666669,4.008630658082667,3.7260016545610224
15,10,40,4.369770522354529,48.394750232421785,11.07489511974318,15.19179833386858,0.7902403893583128,1.443797043614542,15.989900832226322,5.444088079725513,0.658909579317003,0.2166934582133423,0.1243969624696546,106.66666666666669,4.282605480348847,3.83876369844492
15,10,41,4.601814921000788,55.762789772020966,12.117564641190276,25.02324787358561,1.5929557506179717,1.599805524416778,19.38574685545361,6.102091391288072,0.5646955269670437,0.2710615318075206,0.1642429412254357,106.66666666666669,4.773955682481309,4.077604154709495
15,10,42,5.048997917879718,55.76974810042816,11.045706298062443,21.20705928223739,1.7007035700367183,1.5226954301342006,16.81924650266424,5.747701152875194,0.6100459036414447,0.2480985481111101,0.1418555482474451,106.66666666666669,4.5169308193145,3.903254674762046
15,10,43,5.605742830393187,57.44059682273405,10.246741343770342,17.725644958062077,1.751957783322804,1.4637705294896466,14.998878002314166,5.487294669429179,0.6304784141495533,0.2429255115213234,0.1265960743291232,106.66666666666669,4.329725169718177,3.792209365189013
15,10,44,4.588304223438658,52.57127559892829,11.457669988484174,21.082087268464072,1.404338409352292,1.5448862583093534,17.700796917452685,5.897184620942912,0.5877688518535531,0.2617078371460943,0.1505233110003525,106.66666666666669,4.626466626616843,3.9942242088944537
15,10,45,4.540050020015152,50.74059268565299,11.17621886586255,15.806388295978122,0.9728912239934696,1.4357584881251195,16.046351101806252,5.387537175511916,0.6649360417699081,0.2111928263818255,0.1238711318482663,106.66666666666669,4.256576951942837,3.7886526819082498
15,10,46,4.50884936087574,58.66760067519549,13.011656850696086,30.090741908624025,1.745139742408751,1.6365167021613458,21.29379375895624,6.298832086605325,0.5371095402481353,0.279815688771962,0.1830747709799027,106.66666666666669,4.942634029830043,4.146375217096283
15,10,47,4.972333932658265,53.38283623292044,10.735971669622232,16.90730405547136,1.3470316585215318,1.4454342692609456,15.518141365086628,5.385070403618049,0.6597619737084855,0.216436373657384,0.1238016526341304,106.66666666666669,4.259143921343055,3.760838634461103
15,10,48,4.799183713381492,58.06931579221683,12.099831817294891,27.76803752738476,1.9597593829994264,1.624191563341049,19.65244475549596,6.175043439936479,0.54948060036173,0.2795525726897837,0.1709668269484863,106.66666666666669,4.841393163721551,4.0835238020372895
15,10,49,4.814674758766407,45.29813246439866,9.408347340995622,11.681297412777443,0.9643418259390976,1.4099856193769518,13.265634452907207,5.157142309478372,0.6795741007642838,0.2151597990873774,0.1052661001483388,106.66666666666669,4.053838843339829,3.7340072908693935
15,15,0,3.687859220534903,32.97768988811316,8.94223122848218,23.47442021020752,-0.9417889014560402,1.643263403649296,14.694441324734656,6.714528007877343,0.3781993832930498,0.3970650346994994,0.2247355820074508,120.0,5.460590229280459,4.623939128441927
15,15,1,3.826844921131925,35.0275177116438,9.153106131429851,26.59821799752549,-0.49921424086747,1.741765951341098,15.942568608735952,6.767917031923039,0.3544218143180814,0.4038903846436413,0.2416878010382773,120.0,5.540832849347272,4.589416357454152
15,15,2,3.5286304484216227,27.65870000503436,7.838366870468473,15.744903264358792,-1.0356102512247232,1.5095689852803456,11.83255552290817,5.99108213684765,0.5027086131113652,0.3267655748671481,0.1705258120214867,120.0,4.920326063523401,4.17548643997134
15,15,3,3.814165977407266,35.19000771183428,9.226134342416632,26.292934758661968,-0.6165253885199649,1.7160204679292823,15.832235371452212,6.752403719025937,0.3688314488631181,0.3931333329364269,0.238035218200455,120.0,5.517065232951053,4.576017307098313
15,15,4,3.783726889352319,33.77918402265187,8.927490014596174,25.112081845898132,-0.6335974145041523,1.7146715259435406,15.307712926173345,6.724624117419318,0.3640676185524579,0.4023587834622418,0.2335735979853001,120.0,5.495527834838359,4.589629930342141
15,15,5,4.078121150183636,39.864111276119225,9.775116973737813,32.4835740116243,-0.2916293288022363,1.8331170939025232,17.918934019455484,7.081076577963932,0.2887561930389365,0.4391941480026246,0.2720496589584389,120.0,5.77723606403463,4.852914511145114
15,15,6,3.61356363326737,28.48269876182857,7.882163330295259,16.843338875651863,-0.8639589053893996,1.541235072279468,12.148266570086186,6.10542882828291,0.480805353457494,0.3391135641795604,0.1800810823629454,120.0,5.0218287033043945,4.215995774680691
15,15,7,3.7741482925688734,33.60518173886125,8.904043809043838,24.9575204388414,-0.7608096228928537,1.701313429336181,15.148569307723962,6.77830601914098,0.3562276607338118,0.409095802348482,0.2346765369177061,120.0,5.523280239065155,4.655279196643516
15,15,8,3.863155388542341,35.40246061432604,9.164130627343006,26.22552863394819,-0.7289467502409165,1.6906183587567387,15.493047480630992,6.89048730175508,0.3396675295854218,0.4178868329117772,0.242445637502801,120.0,5.6042301638310645,4.749034326776133
15,15,9,3.636267530086637,31.21321817920576,8.583861864108243,22.105221511055987,-0.9461538330145436,1.6421175019240613,14.095709801150646,6.615655920000967,0.3865905641134379,0.3956140364350767,0.2177953994514852,120.0,5.393666576784556,4.562016161884504
15,15,10,3.749814658248033,34.366758510131895,9.164921907417297,24.94571983000011,-0.7323322313142975,1.6698568437579937,15.304107569608332,6.6517973461446775,0.3966319012106656,0.3751148491003725,0.2282532496889618,120.0,5.43538241810947,4.500138709368654
15,15,11,3.660342233905901,30.91016268596644,8.444610014780677,20.467866812587697,-0.8823330193042311,1.6043038670839684,13.547720502728648,6.419021227303923,0.4336716526026913,0.3625319212134434,0.2037964261838651,120.0,5.251028637734367,4.394528249248828
15,15,12,3.680584863550784,30.800920161225093,8.368485255223924,18.55785950015852,-0.7166331505458369,1.5230112151748112,12.745296897731077,6.039086961513872,0.5080921966412334,0.3077371716324443,0.1841706317263222,120.0,4.988422223009557,4.100295092235668
15,15,13,3.834036682978325,35.40248901277204,9.233737686951644,27.61169861986598,-0.6755805740756603,1.7270831673129947,15.947432930517811,6.895936361616985,0.3379289246801129,0.4135075203953258,0.2485635549245612,120.0,5.618312772822864,4.717098692564426
15,15,14,3.732066465738381,33.31346133411998,8.926277610527224,24.886731720461427,-0.7131002483381484,1.685046180579642,15.041189994412472,6.663365291949079,0.3821983455007164,0.3871546925022135,0.23064696199707,120.0,5.451392935663511,4.525361069807396
15,15,15,3.782593153381367,34.18246123957069,9.036779757562355,25.95904424203315,-0.7333622139347274,1.707826291935312,15.433250064393803,6.814508464213507,0.3502989426916058,0.4100920202481141,0.2396090370602801,120.0,5.555604984379295,4.674413131773816
15,15,16,3.792109838155004,31.92720084924068,8.419376603493742,18.97801981091276,-0.4934476538055745,1.5709290628000474,13.22624339708707,6.183862561540922,0.4714480099136522,0.3365486034109828,0.1920033866753648,120.0,5.101726686476158,4.199806166776022
15,15,17,3.915333575235428,38.73034012803706,9.89196434577307,31.22985851796831,-0.4336652740900045,1.7766249556877425,17.574310717473807,6.940708289390814,0.338061251606549,0.399491013664506,0.2624477347289449,120.0,5.670119442498591,4.66910096841837
15,15,18,3.716572096847041,33.247737252473776,8.945807154038405,24.06972982639671,-0.8543479961612322,1.6579957355484285,14.832110112434297,6.671876463274867,0.3901801896097965,0.3840752162312095,0.225744594158994,120.0,5.44216612322557,4.555030680273643
15,15,19,3.6679656497361792,32.412311161479536,8.836590703571833,23.204688385552004,-0.91423109717381,1.6554473573259063,14.62851072799866,6.698869622330247,0.3715768090560893,0.4028670234575768,0.2255561674863339,120.0,5.456073390362903,4.6198043377457285
15,15,20,3.799456192124613,34.491088788412966,9.077901427026571,25.58179192728668,-0.7836188486512842,1.6955594622805803,15.392121662245286,6.806895941769668,0.3571182682085024,0.4067502576727854,0.2361314741187121,120.0,5.542125755120603,4.676885398621674
15,15,21,3.79393870363417,34.07847833844448,8.98234816123969,26.0899124441853,-0.6535154923616948,1.729687195386188,15.536652598996962,6.792320445564442,0.3494268605178784,0.4116667523331577,0.2389063871489639,120.0,5.546021668389328,4.64970506159177
15,15,22,3.591753146076276,31.021365210422697,8.636831081866314,19.98949769919409,-1.0862940268256251,1.5922290198081224,13.751813087728324,6.47004913503925,0.4238677908876746,0.3740655196312615,0.2020666894810639,120.0,5.264983164931458,4.479886358543414
15,15,23,3.9280083121445366,35.59157666371693,9.060972848167252,26.134099489163184,-0.6463216995519058,1.700598168423714,15.409073829730236,6.918337838457999,0.323655697984914,0.4328009093968726,0.2435433926182134,120.0,5.631232680814498,4.792502085844476
15,15,24,3.787777491572204,33.24636996024166,8.777276393403454,23.50542062928165,-0.6230812787531768,1.6974604496269583,14.899079533246717,6.646283232767556,0.3786592818946969,0.3981420541886289,0.223198663916674,120.0,5.43413006809682,4.544463375002456
15,15,25,3.797867302995385,33.5797525070481,8.841739278400718,23.7265687738887,-0.5618075456330044,1.6969343065919913,15.003850711460094,6.622773491928384,0.3830320853299629,0.391992370300276,0.2249755443697611,120.0,5.4232511241993375,4.507312079863215
15,15,26,3.6870873808885136,31.06577659817068,8.425560175003083,19.817029995676418,-0.7550686246085365,1.57771555283217,13.293137329425702,6.266434258937188,0.4632402240648531,0.3399961150668992,0.1967636608682476,120.0,5.151144027733807,4.261472819056086
15,15,27,3.820212754372843,36.464012194859976,9.545021321946296,27.563403591429704,-0.4785457643382695,1.7057605714162138,16.28152102430306,6.713082659732461,0.3844788171346598,0.3741014620168627,0.2414197208484775,120.0,5.502728492719912,4.488102731702368
15,15,28,3.879147415436481,36.51465816257994,9.41306278211428,27.829446909781524,-0.5016052122229573,1.752118304509335,16.492799602037994,6.841505407660607,0.3478526369658839,0.4059799471335998,0.2461674159005162,120.0,5.588348176079424,4.646083166302953
15,15,29,4.031545916862956,40.33973131615208,10.006020555891723,33.19996063963702,-0.2155306090553858,1.8527339085889,18.53849357393815,7.048351104520743,0.2998689482521083,0.4266815974247301,0.2734494543231616,120.0,5.760141058229496,4.777949726576243
15,15,30,3.731854414115736,32.177723176985616,8.622448682690678,21.815953181554114,-0.6852303808417805,1.6409582526321855,14.149078323758784,6.470691501937273,0.4189716614649161,0.3700164418326883,0.2110118967023955,120.0,5.30366338091625,4.407328632590254
15,15,31,3.792169058951374,35.2319507148667,9.290712035029678,27.118031418211995,-0.6177236313776836,1.7213394131232906,15.99246880187548,6.773203317141269,0.3638330721301401,0.3940524625627697,0.24211446530709,120.0,5.537303500941433,4.587855009782531
15,15,32,3.8230899423839615,35.5723890662896,9.304617365111673,26.429074493242048,-0.5086334942256426,1.7242078933028533,16.043094705088343,6.737459108129755,0.3679161474012953,0.3938548768607083,0.2382289757379963,120.0,5.515501912891168,4.550061346968935
15,15,33,3.747965674640208,32.67720677660841,8.718651560154779,21.53238952220788,-0.5461033571397508,1.6031989467452197,13.977732998278706,6.339819223983286,0.446737486168103,0.3452184311848807,0.2080440826470161,120.0,5.223731116370687,4.268368071140433
15,15,34,3.64862644744244,32.069543650650544,8.789483964062745,22.83024422216835,-0.9218660148125016,1.643616687659165,14.446542519246156,6.629947779222431,0.3905839551878567,0.3874814228850972,0.2219346219270462,120.0,5.406895401418949,4.549717262992816
15,15,35,3.5974318679355526,29.34140289299404,8.156208086807242,18.475114144083392,-0.9447961945725416,1.578172918762091,12.871906722387555,6.285938677265685,0.4492486453843319,0.3589702644627776,0.1917810901528906,120.0,5.147125052979243,4.335895449864885
15,15,36,3.90188969169517,37.62754410627844,9.643415647132557,29.98493267009354,-0.5905194403214722,1.747003989618107,16.847085609086257,6.967613116118089,0.3319305892890558,0.4103434044345142,0.2577260062764299,120.0,5.6742575775942665,4.738038812299164
15,15,37,3.642507160087732,29.138155979938308,7.99947802415205,16.935408062827438,-0.8083151180960323,1.5060298471693747,12.047452666148486,5.956236344992214,0.5186640823980616,0.3058427937563667,0.1754931238455715,120.0,4.918375907318504,4.085224132412216
15,15,38,3.680555487020143,33.58793694492555,9.125779264400949,24.37668480686385,-0.9160897990979,1.6515599316952416,15.071771378579882,6.671670190573774,0.3919820190107787,0.3810767311688555,0.2269412498203658,120.0,5.438683554009862,4.545412524835487
15,15,39,3.5934061783453606,28.603459700724965,7.959985117489799,16.526626228866153,-0.9495257125531424,1.5281126842733754,12.163754224663457,6.083975306579672,0.4911301320814053,0.3307634625990134,0.1781064053195812,120.0,4.991533755633077,4.206939408587096
15,15,40,3.8446196512552713,34.792062772033724,9.049546100268746,26.662281541465006,-0.6069235141939475,1.7488151350993162,15.825983185928976,6.836324722989273,0.3388665226537707,0.4188267905731551,0.2423066867730742,120.0,5.578877551154899,4.692005093589326
15,15,41,3.6597542538135968,30.11421263466249,8.228479440465815,19.417844611485812,-0.8209238804970402,1.601950750816767,13.181618817734542,6.34758579980898,0.4362513411250527,0.3668432251693041,0.196905433705643,120.0,5.203699209445581,4.361966415167813
15,15,42,3.9321332827344473,36.598797187265575,9.307618678127406,28.442352924463123,-0.4296949878713301,1.8005645746799912,16.758968466466015,6.905229549817761,0.3196182621818968,0.429576051093304,0.2508056867247991,120.0,5.640117966555539,4.735733856329891
15,15,43,3.7498107330097694,32.761293248825474,8.736785822395296,23.88098325054417,-0.6952438779262817,1.6930084534012522,14.791452252871448,6.660559824385463,0.3765830845089265,0.3972568863865457,0.2261600291045277,120.0,5.443177159455217,4.554014512478921
15,15,44,3.941274030400352,37.45987364798312,9.504508785494918,28.730876890246105,-0.3104645882966687,1.7936661561349347,17.04791573922939,6.867260715934151,0.3346865120786552,0.4129284891317842,0.2523849987895606,120.0,5.61779982767783,4.65323729272108
15,15,45,3.824022126875604,35.28199801999573,9.226410530428256,26.63883935845209,-0.7082530707422436,1.71686475428863,15.840499048289738,6.819640415012458,0.3571752361398292,0.4028357347033942,0.2399890291567766,120.0,5.558102702638581,4.657051953855428
15,15,46,3.6528649980276793,32.28023406857113,8.836963338639796,22.63260269750443,-0.8598502762338888,1.6069162566838704,14.200260048579658,6.443547583612203,0.4395583815548247,0.3491845395846744,0.2112570788605009,120.0,5.276193895114907,4.3599287095679005
15,15,47,3.864056824915006,37.667045212162975,9.748056749396149,29.37922827767138,-0.4604741064371819,1.742922485558619,16.990107299024007,6.813205899578163,0.3644631087248901,0.3857808079388716,0.2497560833362382,120.0,5.574168383496847,4.568570211134745
15,15,48,3.5558158357675,27.7353414221608,7.799993785722679,15.888375510669174,-0.9733245962776054,1.5178409088875375,11.839149657038456,6.023667916878766,0.4946967409589519,0.3323218183241478,0.1729814407169002,120.0,4.949557456539911,4.187460388440468
15,15,49,3.823654294532436,34.46837542261215,9.014511450969708,23.57935438356832,-0.4938302389606085,1.6667326249994383,15.02478033376224,6.537997173719124,0.4103941716541181,0.3686891636767825,0.2209166646690993,120.0,5.36128022124786,4.405802030415512
15,20,0,6.139665675041401,43.77661949012364,7.130130825865928,8.46103629288889,0.5644644267186708,1.3176362120271714,9.394918572652148,5.097079100323251,0.5910693550381527,0.2914039141920166,0.1175267307698306,106.66666666666669,4.569486725377596,3.5376530015388807
15,20,1,3.810101896751537,33.2348437107423,8.722822804051006,17.616685155093997,-1.1710141668570062,1.5289601485483246,13.336848450242538,6.010216637814266,0.4490992520766587,0.3786600156912523,0.172240732232089,106.66666666666669,5.333290635683478,3.954400748826465
15,20,2,5.205440071118887,45.41756824124676,8.72501990623906,17.493148071154565,0.4153406283651241,1.4784525453681594,12.899527888767,6.0104203779098935,0.4644260330121742,0.3571474702114373,0.1784264967763885,106.66666666666669,5.324721956511577,3.873533301369753
15,20,3,4.025078058080737,36.903712786443066,9.168446488225303,19.79414485931506,-0.8249824933425293,1.5631106403278097,14.331296261021116,6.181316039165299,0.4196375633414065,0.391572181431995,0.1887902552265983,106.66666666666669,5.473189283334399,4.010140473509258
15,20,4,5.606204277207064,39.28067674033554,7.0066438534959445,8.955554286445887,0.4006737424486332,1.334434801380971,9.34990939898706,5.191085557371417,0.5762882764345549,0.3007977230572332,0.1229140005082118,106.66666666666669,4.653986221102262,3.579117849294476
15,20,5,4.568044544461532,31.97158075878802,6.998964315606676,10.047138958473631,-0.2151586987596661,1.3415712482054756,9.389609293034033,5.24288477309919,0.5758064691431235,0.2953120289956255,0.1288815018612511,106.66666666666669,4.715207475851322,3.583170818016095
15,20,6,4.950235125304125,33.29422050143398,6.72578567657198,8.532012319122153,0.0284783644078019,1.3102156993722665,8.81222998405773,5.03369117859451,0.6076700422184319,0.2751802704429389,0.1171496873386292,106.66666666666669,4.536600382450814,3.508772520386044
15,20,7,3.967353095297532,39.455594168774056,9.945067459596782,24.22000389438868,-0.9794475085229292,1.6448363368816628,16.358008330284193,6.424313636314466,0.3852254667002603,0.4051848648459329,0.2095896684538067,106.66666666666669,5.659617954678893,4.13439289268832
15,20,8,4.593762142554573,38.85475000988279,8.458154515652787,19.454472986006348,-0.0593184308860945,1.5679560476637415,13.262014524892171,6.262534522533658,0.3967764342747115,0.4100391187237317,0.1931844470015567,106.66666666666669,5.525190652740512,4.0673304507390124
15,20,9,4.889628645898105,40.15160325875692,8.211585412000558,16.476932535771816,0.1886704178764969,1.4696499417647806,12.068156022543144,5.9434624902648,0.4662808486571164,0.3595135670360597,0.1742055843068239,106.66666666666669,5.278954403793387,3.8528731632951714
15,20,10,4.267455226071937,34.23306536325178,8.02189209955983,15.787584568522629,-0.4868834905125869,1.503438636263135,12.060422518412246,6.000992595217314,0.4392225009470974,0.3907524599970331,0.1700250390558694,106.66666666666669,5.317493852848735,3.961090663048347
15,20,11,4.648758567365067,39.625570402805,8.523903710763133,18.137865897923607,-0.0148363106573397,1.492252526710243,12.7198168498211,6.041657898258009,0.4556996993448705,0.3616567473501757,0.1826435533049537,106.66666666666669,5.362679063913289,3.888411092247112
15,20,12,4.7043689256290735,37.82928241207229,8.041308623985886,17.874706516074436,0.0423513693919406,1.550572352009775,12.468630826330283,6.204453828117631,0.4015870813675232,0.4133111970665166,0.1851017215659602,106.66666666666669,5.473768724561458,4.059036988911451
15,20,13,5.2932683051300335,40.32304813732068,7.617797892134264,12.933972619733597,0.3956168049897081,1.4434108120896922,10.995611841820663,5.80352244001686,0.4683985714320037,0.376733225631759,0.1548682029362372,106.66666666666669,5.145362014429784,3.862765109173904
15,20,14,5.015765525236835,41.547071502828366,8.283296197516448,17.04899676119272,0.3098444047340696,1.4973439193661795,12.40294319366025,6.0410628203798815,0.4428997329492695,0.3784483882293935,0.1786518788213369,106.66666666666669,5.351247208202112,3.920459936930042
15,20,15,4.7086830511895945,40.129154065934685,8.522373162448579,18.048679145228736,0.0239195184150213,1.4767107856474082,12.585080368299826,5.995999806336931,0.471212296626735,0.3485038670995275,0.1802838362737375,106.66666666666669,5.324631467759219,3.852018261476111
15,20,16,5.778657328781524,44.88762824110847,7.767830083562575,12.391220138735704,0.5986607367514264,1.4086073334042686,10.941822420344536,5.698715855769928,0.4930898642381633,0.3576675347147669,0.1492426010470696,106.66666666666669,5.057915151322381,3.796810763880024
15,20,17,4.98822872431447,40.01439378616158,8.021764036423718,14.131581364690016,0.1922647731808486,1.4181400886965854,11.37598516211701,5.716578091493276,0.5095246392382544,0.3322420265912479,0.1582333341704977,106.66666666666669,5.0934077754219365,3.750816725705593
15,20,18,4.293404493049408,35.58821497884018,8.289043121013624,17.765153943779982,-0.4579431106094578,1.5475069995306812,12.827352249180224,6.156315298832619,0.4128791103408864,0.4054571974379867,0.1816636922211268,106.66666666666669,5.442081723096208,4.039337051766855
15,20,19,5.092625421362315,35.12910371364828,6.8980340800818185,8.524721153348281,0.1130665108566353,1.3050247990315809,9.00210553907177,4.996585595476798,0.6163360039646799,0.2675990065435469,0.1160649894917731,106.66666666666669,4.507287542015669,3.484512703028213
15,20,20,4.291787503236332,34.421360986415785,8.020285477894578,12.954358113735262,-0.4449370379781772,1.394312958291123,11.18278797102252,5.524683991557207,0.5367766926250184,0.3152169555760217,0.1480063517989598,106.66666666666669,4.956806171477735,3.674040353342464
15,20,21,4.066822832918785,33.51165104156459,8.240253489850963,13.599991228560626,-0.726496545931702,1.4118704626113936,11.634170506751028,5.5669438480022775,0.5324204700391245,0.3195653662733795,0.1480141636874959,106.66666666666669,4.98799185971856,3.7104608956838825
15,20,22,4.111833592877063,36.04676503336647,8.766591404820065,17.85763839820839,-0.6712610615091077,1.525181441413026,13.370642515082512,6.07095908053055,0.4372715689093074,0.3830004798595685,0.1797279512311241,106.66666666666669,5.383518322325555,3.959452095573822
15,20,23,4.092493947946356,34.14477866412146,8.343269189501322,14.515630950319244,-0.7216341810830789,1.438013191829534,11.997731157487804,5.708141382450848,0.5075154954972756,0.3367520736082908,0.1557324308944336,106.66666666666669,5.097003144157126,3.779046316531877
15,20,24,4.5751044078075145,40.37246386237894,8.82438088046307,19.34798820941281,-0.0422137064490355,1.5274261644103015,13.478590241541308,6.155488202890664,0.4301371190017334,0.3794124042517476,0.190450476746519,106.66666666666669,5.451869430731586,3.9538865405552
15,20,25,4.1522986841511775,36.16833756177829,8.710437353610535,16.69478638327733,-0.6127640324250687,1.4809947973402204,12.900112403255118,5.920562664403265,0.4713338462203755,0.3573841017674971,0.1712820520121274,106.66666666666669,5.265948044602542,3.85565025269992
15,20,26,3.9822484513701313,33.64904021075073,8.449759130215355,14.166289206844388,-0.8365980475238568,1.4214889127187744,12.011238918745365,5.612315546910972,0.5300782973252735,0.3190078445964281,0.1509138580782983,106.66666666666669,5.024097845787254,3.7208769549908247
15,20,27,4.551153541648911,37.64146256482646,8.270752067659034,16.88555507035754,-0.1532419437714833,1.484100138508286,12.274624289180466,5.993973847780191,0.4602422575744048,0.3641934810317201,0.175564261393875,106.66666666666669,5.316467068272535,3.89477349531916
15,20,28,4.55847304079747,35.917813807520766,7.879352029958967,14.687619891043472,-0.1546280493077275,1.444226974201592,11.37957274089681,5.80526760860317,0.4858614786937292,0.3515869006673965,0.1625516206388743,106.66666666666669,5.169386679096056,3.8142908810928806
15,20,29,4.819954994992655,35.854815810688805,7.438827924314145,12.197473538244152,0.0362428298211527,1.396789651446858,10.39047786357591,5.586389611266837,0.5197227973519905,0.3329322410354852,0.1473449616125243,106.66666666666669,4.987290945521826,3.7231703881477873
15,20,30,4.909882944416348,34.8499878336486,7.097926412539213,11.601351144887715,0.1002683353234669,1.3932794183546693,9.889394783586878,5.553953166511588,0.5177839646649658,0.3381002475572084,0.1441157877778258,106.66666666666669,4.956939454692745,3.719004287031479
15,20,31,4.2159072309910615,34.407305628133365,8.161305205011594,14.065604809109589,-0.5375214981391923,1.4291257925906535,11.66353176968642,5.692140752810708,0.5055075562136864,0.3391067403377575,0.1553857034485561,106.66666666666669,5.084269864599576,3.763858663747557
15,20,32,4.60595896701057,34.212853036719004,7.427954369928822,13.42231422646636,-0.1168517850820653,1.4323164030129585,10.639180884880837,5.740507521393841,0.4876572784254526,0.3569556991282808,0.1553870224462664,106.66666666666669,5.112985677978508,3.807144878079496
15,20,33,5.666478492098457,42.05825763966886,7.422291939926432,11.356655380681136,0.5367399174967944,1.3975619988341754,10.373113159494372,5.5880810162275445,0.5052025258936809,0.3521704255523548,0.1426270485539643,106.66666666666669,4.970974800263143,3.752943898329872
15,20,34,5.245351474674178,38.685499857044064,7.375196885056605,11.597091559980177,0.3080925047612302,1.4059554120708968,10.369197975633751,5.623963168627435,0.505157344185337,0.3500956579417882,0.1447469978728747,106.66666666666669,5.002591680354582,3.773713399221912
15,20,35,4.0973293577492935,36.83812697120701,8.990765387589583,16.076228479875248,-0.6629535737296259,1.4368759797616688,12.91861482510008,5.710960075433822,0.5202107827358308,0.3172459849600054,0.1625432323041638,106.66666666666669,5.112883858876868,3.726542332797039
15,20,36,5.705028702166215,45.7783985202481,8.02421879189949,13.42720710814109,0.6198286939867946,1.4159956080768932,11.362258567577753,5.69531445799371,0.4998829723330838,0.3451347448084317,0.1549822828584843,106.66666666666669,5.0681719109890775,3.751402651524675
15,20,37,4.434880459553725,37.26888769132351,8.403583373039512,17.658644047788894,-0.2575350921378789,1.5269689089995206,12.832010534816654,6.11899150797316,0.4246435549322502,0.3928293251575543,0.1825271199101953,106.66666666666669,5.413776311451532,3.988626637087803
15,20,38,4.051644906691177,33.38201963030714,8.239127662737097,14.450618579692156,-0.7497507882270694,1.4437063925245996,11.894881275519811,5.716274697963975,0.5006943451121295,0.3437723475593382,0.1555333073285321,106.66666666666669,5.103293949816459,3.792171122000264
15,20,39,4.91680787404546,35.82986935298426,7.287221764779695,10.969600781371003,0.0689715751509895,1.3533425621535786,9.862107374128277,5.346934139153343,0.5664845086288619,0.2974119637936934,0.1361035275774444,106.66666666666669,4.798244785914288,3.601811022786225
15,20,40,4.042284973092599,39.82252426190245,9.851488583061414,25.38303577236606,-0.8745690654691732,1.712335236748762,16.869051035204194,6.56733793168123,0.3407641190637925,0.4399431681505302,0.2192927127856772,106.66666666666669,5.766675584694208,4.267206629030214
15,20,41,4.079019346232587,34.785272170349145,8.527851725556802,16.113950913406104,-0.713050450852949,1.4804859255267655,12.625364454665988,5.88689340651586,0.4710414366183383,0.3614279642076716,0.1675305991739901,106.66666666666669,5.240324589403031,3.865337831757176
15,20,42,4.510162205458465,36.27198085918878,8.042278571553432,15.710229444334132,-0.2077919742895065,1.4675609191994634,11.802533732927104,5.912141147108117,0.4684026523293602,0.361697327054393,0.1699000206162468,106.66666666666669,5.253707082266554,3.863956026911676
15,20,43,3.905788656020694,33.72191537366536,8.633830026026553,16.25936157271147,-0.9612265632348894,1.4885371258085631,12.851776531661235,5.869750016647846,0.4712198186900941,0.3635322744992349,0.1652479068106708,106.66666666666669,5.229363564877026,3.8628652623264585
15,20,44,4.828659479177831,37.20810386894399,7.705679812252853,13.56467188499966,0.0691618045700965,1.4145163663343772,10.899810208164071,5.688822182358063,0.509294067534624,0.335146864863813,0.155559067601563,106.66666666666669,5.070643351195144,3.751999554293968
15,20,45,4.299583231871411,29.76484019386104,6.922726829247999,7.988995711092586,-0.4677126819226477,1.2890356770208622,8.92364186517018,4.77078993177633,0.647500487913351,0.2461268434688191,0.1063726686178297,106.66666666666669,4.342716200095761,3.4150404346877083
15,20,46,4.382638944044648,34.95967132516384,7.976854076165415,14.020869226107688,-0.3574672104966647,1.4244576003818643,11.36269041593088,5.702004016419235,0.5061676172766518,0.3378510928061798,0.1559812899171683,106.66666666666669,5.091630648358676,3.761670123406225
15,20,47,5.216822284991098,39.72485195327661,7.614760439044628,10.99062836880229,0.2628608804123279,1.3534048786106463,10.305853927654349,5.350294379547934,0.5676158696997767,0.2964695892946932,0.13591454100553,106.66666666666669,4.7930259311600265,3.597949348431289
15,20,48,4.914759153996766,41.45735085276978,8.43527618623101,16.990924580168155,0.1983240812700624,1.4717619332148657,12.41471838704867,5.96647601260875,0.4697584152628058,0.3546600367141377,0.1755815480230562,106.66666666666669,5.295415073959063,3.858473677913831
15,20,49,4.8615203190439935,38.33778794688296,7.885966823321226,15.969396511694807,0.1736089972804496,1.483830671174557,11.701439444309024,5.970440352649471,0.4482967175551339,0.3791918628280796,0.1725114196167864,106.66666666666669,5.297135722093178,3.897971176060966
20,5,0,13.132257714165297,202.88833155848093,15.449615441192,44.6403509527749,4.551235747175349,1.6294245215363634,25.173982248185087,5.968342507602067,0.6855749278528402,0.2205120492469792,0.0939130229001805,80.0,4.260816683037833,4.380157706166669
20,5,1,12.699505530244734,189.12264123317976,14.892126373170306,41.30345665879101,4.409269105420818,1.6296670525121304,24.269207692202617,5.918220900530373,0.6869638441577148,0.2228818800173935,0.0901542758248915,80.0,4.211663595481374,4.355532168596627
20,5,2,12.407885332217484,173.5045024010646,13.983406338431774,33.051349622206914,3.817224546669633,1.5545459425848709,21.73784758692468,5.691924414470384,0.7236707189145217,0.1978745365724601,0.0784547445130181,80.0,4.040114933555779,4.281381531030322
20,5,3,14.357987093149356,210.30302969542436,14.647110930735302,38.11493792178316,4.299414415893874,1.6458547963011028,24.107017777305007,5.918140462077845,0.6905197770967295,0.2331039170593109,0.0763763058439595,98.33333333333334,4.177926776123544,4.457436768350981
20,5,4,13.478531742828132,197.66968963652508,14.665520949023566,32.1296614598965,3.876273123912472,1.5762629117680802,23.116716753703663,5.714184138176336,0.7185267346004347,0.2120798031285035,0.0693934622710618,80.0,4.02652875027988,4.385408268953445
20,5,5,15.116247330687631,261.46614715588294,17.297027591304232,40.31999492633812,4.291685937023458,1.5813727311112713,27.353047762167787,5.62082548385335,0.7451139303135759,0.1878292777583685,0.0670567919280554,66.66666666666667,4.00371234956226,4.3683570859782455
20,5,6,11.915906363539689,187.6006724264867,15.743718245429283,46.50714024932827,4.57586059431291,1.6340588926830897,25.72616280284073,5.926542042697881,0.6830079921983983,0.2167846363982515,0.1002073714033503,80.0,4.276873732368509,4.297251724755878
20,5,7,14.96940072137871,187.91868610619545,12.553520986168628,28.417883872407543,3.73088498325858,1.5429055494999335,19.36889719532346,5.734172021032974,0.7231128609843822,0.2103869344136409,0.0665002046019769,66.66666666666667,4.025820469292083,4.387472882724286
20,5,8,15.061655210458268,232.8981344618857,15.46298406168332,38.59489651675938,4.332765493436188,1.6146297601219717,24.9669942462856,5.834948460365113,0.7068050056853763,0.2223397011490594,0.0708552931655643,80.0,4.050457229258806,4.4521997361558885
20,5,9,13.254529283339524,189.29949097969225,14.281872025258188,34.25025567637776,3.9815987785674536,1.588246418140957,22.683132088463854,5.784229558608895,0.7156579882602853,0.2065225071367442,0.0778195046029705,80.0,4.063829479558243,4.359948357776252
20,5,10,14.744096983816108,196.219695546239,13.308356270419273,40.94374716492269,4.5317422075850455,1.6484274508597965,21.93785980198123,6.037474903568008,0.6683048533735259,0.245346586490989,0.086348560135485,66.66666666666667,4.195901566435838,4.451588890169707
20,5,11,13.290117602572076,195.32362744341827,14.696907377675627,44.03794339647534,4.621445945866988,1.6422650776237333,24.136217735427284,6.0635803186878325,0.6652933123068784,0.2394819504330939,0.0952247372600275,80.0,4.28372355737717,4.404578656763031
20,5,12,14.887809346183094,195.9721641657061,13.163263957027302,26.372282901092944,3.521693876627978,1.5134079486653156,19.921388302944774,5.627307465805932,0.7391274892080826,0.1976317512926143,0.0632407594993031,91.66666666666669,3.891431950007698,4.3334727465258975
20,5,13,16.779787545601504,253.6042221159312,15.113673008476711,42.06753780250035,4.685737720804443,1.6454654356525604,24.86902654120348,6.041579635687135,0.6586202160313291,0.2581584008776227,0.0832213830910483,53.333333333333336,4.258885536270505,4.504715487813861
20,5,14,12.61150185196232,205.46505852952285,16.291878710508453,61.46485878883293,5.572396792456023,1.786574860084834,29.106660927745725,6.239230347725044,0.6282208867007711,0.2552915347491086,0.1164875785501201,80.0,4.533788793219532,4.437857738209789
20,5,15,11.951230339097824,181.3972550897684,15.178123920542037,39.82453710059093,4.195787764394794,1.6138548380411435,24.49528872155477,5.80081408899134,0.7072655193139334,0.2027460707803394,0.089988409905727,80.0,4.1407790006178935,4.282897635727615
20,5,16,12.456865724875438,190.3333974967778,15.279397057053934,48.01579215554304,4.839072698581947,1.6926346529295209,25.86243693463883,6.032810420167049,0.6611819381775146,0.2403727932167092,0.0984452686057761,80.0,4.336519276135694,4.382113091015695
20,5,17,14.257789398748615,205.1270124153175,14.38701377040407,39.58932615209356,4.403724626876467,1.640024110650414,23.595049463722194,5.936886332530877,0.6837973289041779,0.2335378800594899,0.082664791036332,66.66666666666667,4.204361470803983,4.442034032276064
20,5,18,13.494244749257613,200.1484672811989,14.832135551136355,46.61229567294224,4.746516752278509,1.6508475138026302,24.485594098977057,6.097972396099719,0.6630890321620538,0.2377258780511283,0.0991850897868179,80.0,4.338778374261171,4.415492465942696
20,5,19,14.13974534452849,220.85915989105504,15.619740986107548,35.338334991012495,4.010421924681033,1.548937871607554,24.1940083580827,5.650981690477755,0.7336916324028053,0.1967382669221996,0.0695701006749952,66.66666666666667,3.997413732820129,4.363068284772257
20,5,20,12.046605257072562,192.70144417723023,15.99632760142906,50.96747936879057,4.877025813532518,1.6710947947927492,26.731379790547685,6.027639709002053,0.6631338480656236,0.23123618607012,0.1056299658642563,80.0,4.359335248270664,4.332669580398937
20,5,21,12.071222300166855,173.69550827760935,14.38922289379166,37.45010764602379,4.184735883235828,1.6288971254429745,23.43856380905547,5.809911897230519,0.6944388235401606,0.2210592456808522,0.0845019307789871,80.0,4.139689948371404,4.314240905226439
20,5,22,18.42399310064126,240.51589474433277,13.05449331371935,34.468281889293884,4.315335974814575,1.6391772142141143,21.398627982959265,5.718470012347328,0.720195420937787,0.2224087723017698,0.0573958067604432,50.0,4.011261762602501,4.427538100810015
20,5,23,12.83273972308698,181.35417114317423,14.13214754265651,30.935499081077328,3.723010659730687,1.545217637523133,21.83724363899204,5.658931171778604,0.7403439778425331,0.1883991807986206,0.0712568413588461,66.66666666666667,3.948488973648329,4.292247105473335
20,5,24,12.297148284965203,193.59987452676972,15.743477271349953,47.78744391258815,4.7325596349636045,1.6617665108082882,26.1619832932008,5.987373861822188,0.6734057843686169,0.2266738680544816,0.0999203475769014,80.0,4.30922433636257,4.344050747666596
20,5,25,13.686601632784502,167.78156602796815,12.258818553326554,26.82772810058847,3.5849277634218266,1.5479627045074222,18.97619392187314,5.631573884583088,0.7351608076598953,0.2049731313786342,0.0598660609614703,66.66666666666667,3.8965022999204,4.358730647840422
20,5,26,12.33387287535162,165.68448076299,13.433289157219937,30.521858523258253,3.726767460981757,1.5624884549120766,20.98935921965173,5.6786062220098845,0.7203907233922034,0.2056288734869316,0.0739804031208647,80.0,3.997405513752269,4.290920985571597
20,5,27,14.17910858299693,171.51575144968194,12.096370547254104,26.740214005224797,3.5996589019004226,1.5537601999823891,18.79485912056262,5.694405872204764,0.7215471986522062,0.2152800628426816,0.0631727385051121,66.66666666666667,3.879532962637727,4.376599228011684
20,5,28,14.927513087028473,204.8812587034624,13.725076475163007,37.77924633574607,4.353332288940271,1.6228971424959115,22.274387392079905,5.947177853993366,0.6805386377758817,0.2396199829104857,0.0798413793136324,66.66666666666667,4.191983753768652,4.444439351409997
20,5,29,14.152999016590227,212.36070538325197,15.004643548291178,26.77470353187116,3.5135467102238427,1.5383628727450802,23.082586553465152,5.487030842081417,0.7609296904181361,0.1860922276613307,0.0529780819205332,53.333333333333336,3.737953520455716,4.31206040987394
20,5,30,13.858398197962442,173.76984817174252,12.538956211930133,28.763194410665,3.650319647252121,1.5343472089631167,19.239112467085736,5.71932937633945,0.7259902768270681,0.2027945072389909,0.0712152159339409,66.66666666666667,4.003190087389407,4.350436649842009
20,5,31,12.9201025856451,199.34960379495644,15.429413386890914,48.94794476084077,4.84820933344592,1.674843148250718,25.841847292562157,6.05193127054622,0.6665967596940542,0.2339184639112816,0.0994847763946642,80.0,4.340087085931437,4.397409420494602
20,5,32,14.615199422037945,207.26241788532727,14.181292495592007,36.93372723684239,4.249764544804094,1.6033701832933858,22.737861547994477,5.967035632510672,0.6794397927987328,0.2384490718015746,0.0821111353996926,66.66666666666667,4.214421290830792,4.436834229437281
20,5,33,11.765436842354744,186.3607979821154,15.839683683586625,49.45801954909639,4.753797179686368,1.6616642356782698,26.32023588147253,5.97572324134787,0.673772812958823,0.2215417025534657,0.1046854844877113,80.0,4.326350295629551,4.30643785013814
20,5,34,13.752277224843242,184.3672616073822,13.406307813103568,28.46789919871893,3.652804760730268,1.5481962893556085,20.75559601020604,5.644069933718276,0.7319145891721212,0.203490414500525,0.0645949963273538,66.66666666666667,3.9002706664785536,4.363959783864209
20,5,35,13.515318818935542,178.78712090249522,13.228479719768565,27.42673264465763,3.592916798569391,1.5276625331411542,20.208652838308023,5.702344716592637,0.7122161682393592,0.219649849032803,0.0681339827278377,80.0,3.9705422861036177,4.336136980370534
20,5,36,13.12554418386088,201.6071939682316,15.359911264946032,36.98347283462663,4.078984958234248,1.5822507433347726,24.303231016517007,5.776742748346602,0.7119140189264033,0.20777509678382,0.0803108842897767,80.0,4.098207875660495,4.357101413428989
20,5,37,12.160090868067044,188.27776894702717,15.483253455075175,29.534037850809824,3.4806543192512622,1.5094596631429678,23.37134654465497,5.520401655689496,0.7508177432382562,0.1798898421574291,0.0692924146043147,80.0,3.908600707313255,4.239819125744207
20,5,38,11.90005733183378,177.20153988476517,14.89081396362136,42.39239967607995,4.472842817778464,1.6646541646966035,24.788055480264635,5.897150316210712,0.6796661320341827,0.22812484916043,0.0922090188053872,80.0,4.227324967542596,4.324429571699916
20,5,39,12.073033265989128,193.9301431610956,16.06308364174023,50.79267780238087,4.846614811420876,1.6652685790054358,26.74934847052621,6.018081396630709,0.6670974284123415,0.227327251077372,0.1055753205102863,80.0,4.350169011040444,4.328964896944884
20,5,40,12.402984253500362,175.7444234134419,14.169527254204436,32.99588928526395,3.8216703004988486,1.5540946347255042,22.020786282355925,5.71175548527427,0.7214260560179043,0.1993191650463423,0.0792547789357533,80.0,4.041488699990427,4.281423776309834
20,5,41,14.12631216362062,208.15392977869897,14.735192551864747,47.20900300796701,4.8561510922112,1.6729027123371765,24.6505435868251,6.171711026578664,0.6446253102715646,0.2568423078136108,0.0985323819148245,66.66666666666667,4.3569203468741415,4.468163860409844
20,5,42,12.912347492037336,197.09116519353515,15.263774872468035,48.94496741089786,4.88249529996842,1.681552709239539,25.666841990021023,6.066835597589266,0.660404107281334,0.2403523557691911,0.0992435369494747,80.0,4.352362588230808,4.405567616122453
20,5,43,12.82659197839865,188.92975416272188,14.729536456831228,41.83428958064791,4.451059105285735,1.640305925957874,24.16094593675281,5.923178972507288,0.6864078655835005,0.2241504488765252,0.0894416855399742,80.0,4.218048630018195,4.370958813492301
20,5,44,14.395016289092933,224.5344623450765,15.598069348153894,38.02652070049886,4.269428948894839,1.6033217232947452,25.008723427353043,5.791175980038056,0.7159674794735921,0.2085922989657835,0.0754402215606244,66.66666666666667,4.111946899960677,4.402608287235481
20,5,45,17.128397633998883,249.4137058920866,14.56141498005714,42.70217197843778,4.681692309891413,1.661866378587438,24.19912598001643,5.83300977373642,0.7117584654704167,0.2174507525495126,0.0707907819800706,76.66666666666667,4.167078226061385,4.449927417094912
20,5,46,12.111304189754383,176.25545348359532,14.55297057378011,37.31186747570771,4.1589006087821065,1.6253008458409643,23.652955383063475,5.79627845048946,0.7004677624405103,0.2151779730826475,0.084354264476842,80.0,4.124573460244202,4.309794787478165
20,5,47,14.14943590299171,201.02455906660637,14.207248998817144,35.10977617366327,4.056720193455398,1.5663122154576,22.25298765489505,5.841056308500979,0.709588120911427,0.2116829180289207,0.0787289610596524,66.66666666666667,4.039415503423587,4.368089287492337
20,5,48,14.034410262467556,229.55228894494536,16.35639009063606,40.68630316216359,4.3549272139963575,1.598140370899895,26.13980732603248,5.782089813627522,0.7080515858194849,0.2181489832305158,0.0737994309499992,80.0,4.084296785327581,4.416231231311312
20,5,49,13.18397148582864,195.3381701006937,14.816337422351175,37.41816501455352,4.174885204816195,1.611270803726777,23.873131906798903,5.851816985385607,0.7011290483860914,0.2173223742874767,0.0815485773264319,80.0,4.136010450949964,4.376789112907397
20,10,0,8.04322071332774,74.18418376023222,9.22319384289777,11.925067824177566,1.8409025095453808,1.3574222829132032,12.519768841977289,4.762912485713713,0.7029509874666112,0.2132466666637436,0.083802345869645,106.66666666666669,3.8103154168893054,3.630146440168116
20,10,1,7.990302363261117,74.06391375417878,9.269225416890324,12.491527880157385,1.9041090484225949,1.3789277022173478,12.781591705447216,4.877991805633964,0.690481929930365,0.2232710581015489,0.0862470119680861,106.66666666666669,3.874634213738658,3.679745188848166
20,10,2,8.118319430002527,80.78527795071878,9.950985379087705,13.579203296479138,1.9646724588561009,1.371410686615835,13.646887691238808,4.875648375064034,0.6949863292767985,0.2155526542043624,0.089461016518839,106.66666666666669,3.89727829129263,3.655081663179383
20,10,3,6.357676073428293,58.9528371632003,9.272702239359411,13.60066220028128,1.732811487135396,1.417839549808138,13.147203968558264,5.128671669286716,0.6877669506024803,0.2103434341185491,0.1018896152789706,106.66666666666669,4.044213052648237,3.734571635882132
20,10,4,6.574905065742107,59.554485637319175,9.057847230011264,11.939608578123387,1.6059807665161785,1.3829889104074005,12.526902271269968,4.916330934208688,0.7111758235258352,0.1961042463991999,0.0927199300749648,106.66666666666669,3.8948775174142334,3.65823454751372
20,10,5,6.803384224157342,60.99186460218638,8.9649301866,11.758669879729048,1.6542607957441864,1.384951432047547,12.415992900137953,4.909755316024259,0.7068935417055817,0.2029988391060915,0.0901076191883268,106.66666666666669,3.8805491767236218,3.666860369704808
20,10,6,6.371236263802424,72.96297330096709,11.451933389364216,23.637350052587543,2.452259732361432,1.5195343786525604,17.401606487178064,5.706380890421416,0.6253522972177633,0.2351308502093064,0.1395168525729301,106.66666666666669,4.504412735905547,3.889202454582781
20,10,7,5.770349467075282,46.946719607751255,8.135853794578985,7.862218775526065,0.9128720738304408,1.3156922499978796,10.704279784643411,4.504122039129932,0.7777259662855552,0.145293370878513,0.0769806628359317,106.66666666666669,3.568051646550038,3.5449681523812995
20,10,8,6.524595147158872,61.50293039604427,9.426321328584756,13.583250049569124,1.7446598537931823,1.4023254204197466,13.218770020119242,5.055575392207823,0.6952342543611734,0.2037275810181131,0.1010381646207134,106.66666666666669,4.005730187388358,3.69304172371781
20,10,9,7.852225675198561,83.31859990120117,10.610825942555996,18.05890696885884,2.3363771315243542,1.4391793144565697,15.270881205825724,5.272258187694989,0.6518727950675179,0.2397936190477417,0.1083335858847403,106.66666666666669,4.179855115921308,3.771805587861373
20,10,10,5.905986467060531,54.55881486822124,9.237883488645329,12.80831517657714,1.4774275483638215,1.4028680645364977,12.95953173012954,5.093529184654297,0.7046864669740979,0.1926162869206807,0.1026972461052213,106.66666666666669,4.013550708143309,3.7262396758475935
20,10,11,6.028385976090491,46.28430771584005,7.677727985469204,7.1231893429542055,0.9570387435335796,1.3132519449035387,10.082791209357762,4.41885544212917,0.7786097641866923,0.1510662159494488,0.0703240198638589,106.66666666666669,3.493474476225086,3.5334571791872857
20,10,12,5.84096943142648,44.86549601083711,7.681172883638952,7.218790200430623,0.8981215731194391,1.3056099937796422,10.02861608082821,4.411090368548977,0.7809319164919697,0.1464612544472387,0.0726068290607915,106.66666666666669,3.508638570880164,3.515521160122501
20,10,13,6.785104962299961,59.60913532940539,8.785293029453674,10.225491522740237,1.4657501070852632,1.34879105476823,11.8495246516448,4.680942618818497,0.7360698048223581,0.1809723500166092,0.0829578451610327,106.66666666666669,3.726330535384349,3.581420931815328
20,10,14,7.342841553826654,66.62173108090313,9.07301765842732,10.967522852906043,1.629850427091108,1.351298332315622,12.260353630903028,4.704739170564336,0.724743889458805,0.1922085476424595,0.0830475628987354,106.66666666666669,3.751824510893633,3.589809033227792
20,10,15,6.957663059407614,65.38126459457591,9.39701506616829,12.98379658700523,1.7767815911839022,1.3895115464686514,13.057260936780718,4.953847693034318,0.7011524281901491,0.2042104721500113,0.0946370996598393,106.66666666666669,3.931775738320456,3.6635011252190144
20,10,16,6.839221734072504,59.861591129797816,8.752690504472422,11.076781849906862,1.5934279552912676,1.369691766177406,11.98848811587504,4.812248969513311,0.7163361646553608,0.196776472340358,0.086887363004281,106.66666666666669,3.8177322569650993,3.6305445992861225
20,10,17,6.873891312700231,70.99326193473875,10.327958168842631,15.367373354722591,1.9052950629299823,1.3990087841114334,14.44890420014628,5.059846556443862,0.6973425571180822,0.1985379719364541,0.1041194709454635,106.66666666666669,4.034382078302119,3.6649934951767538
20,10,18,6.559190075098135,55.55546137015919,8.469866055730668,9.805738948794591,1.3945489173738446,1.3496075613788172,11.430995272679889,4.68939728894676,0.7362860691578046,0.1809801679541813,0.082733762888014,106.66666666666669,3.725700132567396,3.590152267708781
20,10,19,6.751051481880407,73.2434915052219,10.849197595634536,19.5516416624596,2.244944245106644,1.451554482001388,15.748201396061996,5.381183276169342,0.6581968340463207,0.2196272666997148,0.1221758992539644,106.66666666666669,4.277781042510721,3.761149630703055
20,10,20,7.770813505086519,73.9497666864594,9.516348145281611,12.831821212865902,1.8819855476645184,1.374580130945283,13.0809830796621,4.874406457468108,0.6973264067663704,0.2136376776527214,0.0890359155809083,106.66666666666669,3.88250968093565,3.654556330207536
20,10,21,7.862906962000393,69.98749004261188,8.90096886315013,10.509229332997904,1.6774652284722835,1.3457149271847195,11.978166665547535,4.658943201790188,0.7195890661864958,0.2024127889666911,0.077998144846813,106.66666666666669,3.7162971444414863,3.602927865548327
20,10,22,6.075111173269195,60.43977908140595,9.9487527647797,15.486124072000967,1.738011861087181,1.4256066695114114,14.183008294790037,5.240746882587785,0.6860238947440445,0.2008665564963153,0.1131095487596402,106.66666666666669,4.143110581742021,3.748011664585757
20,10,23,6.62733198240942,64.77208585412549,9.773478381050872,14.544000428196238,1.833074232578347,1.406759429239265,13.748932869009415,5.093351835654503,0.6920603099470891,0.2039576054334635,0.1039820846194473,106.66666666666669,4.042001579586357,3.693735088167021
20,10,24,7.63979635259818,72.61447433656186,9.504765701230603,12.466773688039607,1.8173495728779423,1.3678991192344996,13.001560631243624,4.825194349781164,0.7064955629865397,0.2057144774703554,0.0877899595431048,106.66666666666669,3.847766300060128,3.631012781784213
20,10,25,6.258130948977859,67.88105910250533,10.846858216284584,21.47871303201208,2.298350584456833,1.5106152935740758,16.385429908749114,5.650167415351287,0.6300858215357461,0.2364152656981337,0.1334989127661202,106.66666666666669,4.451517522691818,3.889568951964813
20,10,26,6.079689421571002,54.759076225474814,9.006887100381679,11.12107608400984,1.361378901758391,1.3668514549419446,12.311076737654531,4.858508310376194,0.730539729251129,0.1766261290520727,0.0928341416967982,106.66666666666669,3.849526501406917,3.63621770318542
20,10,27,6.155109452647348,62.56875901120342,10.165336537483055,16.972312582939793,1.9054629088468544,1.4462226106061693,14.701339544929022,5.34868962166016,0.6697998315245517,0.2120515262948064,0.1181486421806417,106.66666666666669,4.227545500583378,3.782682010905511
20,10,28,6.069208612604236,58.4892892966891,9.637053696790288,14.923240504506923,1.7288571483058646,1.43125233865819,13.793055641305656,5.249096524829773,0.6814726034113837,0.2077950449297756,0.1107323516588407,106.66666666666669,4.138385924395418,3.7677743305094
20,10,29,6.460574293144364,53.32335879667399,8.253656157666672,8.790574094238302,1.2579105116295983,1.3264918106534775,10.94840730109449,4.544753980387427,0.7537394831323432,0.1677501434814956,0.0785103733861611,106.66666666666669,3.626639310781568,3.538609856248414
20,10,30,7.02041904989957,61.66505845428994,8.783672030969731,10.24457992063305,1.5217289790975908,1.356348588432686,11.913721160461458,4.710308111481697,0.7289148919420733,0.1900138622498986,0.0810712458080279,106.66666666666669,3.7337881733382896,3.6049851044894745
20,10,31,5.926755423471805,51.45583298909972,8.68195653650875,9.356253343107118,1.115512463805563,1.3311337208608922,11.556845108795434,4.628397325159212,0.7602691764791568,0.1554646214786437,0.0842662020421993,106.66666666666669,3.6848203696126793,3.56117667645477
20,10,32,5.578468507071933,54.3575953026258,9.744178932571836,14.031744833114049,1.3586368684195147,1.3991234071203171,13.633308827729923,5.188292788319776,0.7075141100893,0.1801639191500501,0.1123219707606498,106.66666666666669,4.091823988332999,3.743387431078815
20,10,33,8.059068594683778,74.10765896429727,9.1955612604145,11.929327402114556,1.8493989654948573,1.3639385991436657,12.542180943869514,4.794194397545104,0.6994751696267042,0.2170825872565389,0.0834422431167569,106.66666666666669,3.822421805878202,3.649710600858526
20,10,34,8.123759676614059,77.93179930795885,9.59307050063308,13.046983477016257,1.9337811053814944,1.356577214255904,13.013740855909314,4.7966130665782005,0.6991956163736899,0.2121528271766534,0.0886515564496566,106.66666666666669,3.859733806115208,3.62048922223253
20,10,35,5.296507465285111,48.53689740687913,9.163943924369866,12.651303198341918,1.1187406458943605,1.4004879670938657,12.833993197202934,5.274056508399003,0.6999975716753858,0.1890826974655079,0.1109197308591062,106.66666666666669,4.111048927156249,3.829042237808988
20,10,36,5.477387181956912,54.600491912887485,9.968346238649556,16.319799357851384,1.4835269795929904,1.4500423643664044,14.454524348714358,5.5191880925248205,0.671665095594878,0.203576502531961,0.1247584018731609,106.66666666666669,4.30599384681925,3.895546374339413
20,10,37,5.338888304265391,49.75512357097839,9.319379004656756,13.038020266083866,1.0985655340632223,1.420741051949158,13.240424330588937,5.397984023853462,0.6959348212157693,0.19154646620412,0.1125187125801107,106.66666666666669,4.16256271527318,3.90848113743077
20,10,38,5.608525959914962,47.90414716542266,8.541307913665964,10.546543828879155,1.1578370636567268,1.3761522903731982,11.75414044817414,4.967712158015124,0.725301120842469,0.1797843093105166,0.0949145698470142,106.66666666666669,3.897729425534114,3.712191994392097
20,10,39,5.469526875808491,45.117936243118514,8.248965087396028,8.226729995587581,0.8637443274620533,1.330494642700806,10.975203856606402,4.669265394226469,0.760058780766592,0.1572375380787388,0.0827036811546692,106.66666666666669,3.678686036268829,3.617394351474364
20,10,40,6.519942075527855,62.96023176229606,9.656563054235232,13.209217398487292,1.6652968586476016,1.3889732697386756,13.412707959878803,4.982251922040933,0.7095490985133696,0.1916404041488797,0.0988104973377506,106.66666666666669,3.9529317734862848,3.661119257089828
20,10,41,5.871224648962802,51.614283778266405,8.79105925326575,10.726292370000316,1.2625777914275131,1.3632229326584124,11.98417357641081,4.855305486321794,0.7330258656159666,0.1740424412536481,0.0929316931303852,106.66666666666669,3.843555284873591,3.642944083888977
20,10,42,6.127284393090553,68.38098737510775,11.16008054925894,21.67195314237516,2.206778797361014,1.4867138787998826,16.59184664110788,5.593733002895682,0.6445442315936233,0.219840746768684,0.1356150216376925,106.66666666666669,4.426819233967753,3.8427484509256655
20,10,43,6.618348701659498,66.54525489896785,10.054661351143702,14.104203520902528,1.7376844585584412,1.3944873025334377,14.021097585443592,5.017589776692354,0.7078295215944901,0.1914508437996696,0.1007196346058402,106.66666666666669,3.984669143600631,3.665268450197304
20,10,44,5.81898014212316,58.65709451465786,10.080304981631327,15.576859789863512,1.6208689377303722,1.42623084884664,14.37684193058506,5.284618112664325,0.6884682177351791,0.1956225281639578,0.1159092541008631,106.66666666666669,4.1707813401151625,3.7694222372505504
20,10,45,5.811619543098168,59.0172210752658,10.155038649313196,14.468243960279215,1.4779606976158155,1.4032843844286862,14.250407159850988,5.150292732881454,0.7108692314134031,0.1794846796401333,0.1096460889464634,106.66666666666669,4.06829218068704,3.7207331123677054
20,10,46,5.334251311346561,47.52648363858422,8.909682139926547,11.216805932933982,1.0642003135651277,1.384921337414286,12.339208905163252,5.11773151397384,0.7135842269834762,0.1844660295956467,0.101949743420877,106.66666666666669,3.9983956850994655,3.7776947867505593
20,10,47,5.992711473479665,55.74065798183101,9.301408590836967,11.877654658340088,1.3836401037862216,1.3716785820730475,12.758542947161311,4.910431254278713,0.7277117285510835,0.1753222818374827,0.0969659896114339,106.66666666666669,3.894755428586036,3.64647528199082
20,10,48,8.250440529256228,77.00578015623306,9.333535571,12.00179555432276,1.8597683596569776,1.3492109825368133,12.592908698291204,4.726745290088889,0.7046960274206368,0.2120819753759725,0.0832219972033906,106.66666666666669,3.797280580315179,3.6181452415420297
20,10,49,5.885965319671958,58.99922867294566,10.02371326853721,15.821688107717764,1.6847146861974844,1.4365005876030437,14.399070000218128,5.318324172069407,0.6823670827356983,0.2014999750373157,0.1161329422269859,106.66666666666669,4.189855487392281,3.786719376752231
20,15,0,4.532018682925321,42.78259153314024,9.44007395519495,20.16453148844548,0.274266356049632,1.550981696799542,14.641381920941429,6.406406384533933,0.4599988043932429,0.3160092355851376,0.2239919600216194,120.0,5.218188162852196,4.430179879981667
20,15,1,4.521440321518835,38.34440802596751,8.48057373299288,14.408130922356024,0.2904580254471705,1.4649421645202008,12.423550040783748,5.8035444563135306,0.5552220619311645,0.2674113112546364,0.1773666268141991,120.0,4.7719573974360285,4.072106373402919
20,15,2,4.242384455765042,30.225340253387227,7.1246113049263,9.699846221120383,-0.2338932158479948,1.3903504553089905,9.90570657170386,5.430327593679544,0.6022432311750268,0.2522935316536698,0.1454632371713035,120.0,4.447812704670319,3.9874436226295376
20,15,3,4.645956876158915,43.293020448010594,9.31842924977889,21.502914820293974,0.293923604223251,1.5557352882233917,14.497009214694044,6.55775257436695,0.4315853023000203,0.3323164644104722,0.2360982332895074,120.0,5.331896260002888,4.549726774871663
20,15,4,4.436728310546045,39.30291451262808,8.858535335419472,16.64158808083316,0.0279476662446139,1.501448243171627,13.300632316439346,6.205558317531194,0.4935764374759726,0.304972175386897,0.2014513871371303,120.0,5.039985164412641,4.361600995061849
20,15,5,4.64256047091866,43.53147849219769,9.376609904142784,20.89712173642174,0.2981537246397243,1.5601331962429597,14.628760379673672,6.496046152273599,0.4449626994292947,0.3263507478967923,0.228686552673913,120.0,5.2805618623063335,4.509935803296081
20,15,6,4.531307952691732,41.84795142569392,9.235291854493136,19.13917499210045,0.2367311104492383,1.5458401542458415,14.276284984855032,6.365724970785317,0.4641815897513764,0.3173001445180118,0.2185182657306117,120.0,5.181710610242572,4.427887041664649
20,15,7,4.559071283498976,38.17083626193749,8.3725026191392,13.951250679804664,0.3359784842983209,1.4691601492677295,12.300547197679004,5.782907484950529,0.5526700383764461,0.2724303033875723,0.1748996582359815,120.0,4.757220440083243,4.076174294308769
20,15,8,4.417860469082433,36.46794028868676,8.25466094818992,14.392109001117792,0.1413837366439576,1.4952088568188495,12.342442159770254,5.975205538920718,0.514584640774506,0.3004220165365768,0.184993342688917,120.0,4.886130711020815,4.233245858314106
20,15,9,4.370448656118539,37.57643631482102,8.59784412801985,14.558614590709276,-0.0023855639171093,1.4705594763411534,12.643641158563728,5.960172092231588,0.5315960184001762,0.2832834976374179,0.1851204839624059,120.0,4.860754358423955,4.207577685199637
20,15,10,4.30991468603829,35.78102163018292,8.30202550089759,13.771678253684057,-0.0557806105674021,1.4619931364111052,12.137504300622249,5.91774458745107,0.5320792121518616,0.2860945178735214,0.1818262699746168,120.0,4.828769660792704,4.199370778208338
20,15,11,4.663973921032062,40.707558423339485,8.728084486015215,18.95484513769536,0.279209275814293,1.5594599079823768,13.611097829423697,6.472490504207697,0.4315673549885471,0.3465056676927009,0.221926977318752,120.0,5.2593186049895415,4.561006961917609
20,15,12,4.494745776996278,36.20426101401544,8.05479615761713,12.556146892871222,0.2024963934798245,1.4293042482156029,11.512754366592878,5.6058798271324,0.5837401418208905,0.2526597060990655,0.1636001520800439,120.0,4.621275852967161,3.981670432294834
20,15,13,4.553311449186618,41.39589290012308,9.091381813453118,19.137396360740876,0.2421859277858677,1.5486345496136396,14.079227980042605,6.388134863102253,0.4588515114298804,0.3217409297549485,0.219407558815171,120.0,5.195265536635581,4.449193420998947
20,15,14,4.5000718863277935,39.634963900473736,8.80762905608096,15.889987050151412,0.2694200421296565,1.4971562739537274,13.186397099968756,5.990285056594945,0.5252529936261637,0.2843631386071275,0.1903838677667087,120.0,4.9069316546959145,4.179957188321326
20,15,15,4.385446120738101,36.97838154870573,8.432068375858192,14.997509364908511,-0.0495731439341778,1.4884060857715626,12.550341886269267,6.122804172395234,0.499047687626818,0.3085556759598372,0.1923966364133448,120.0,4.970180257754202,4.350855422785938
20,15,16,4.310595570763667,35.13197395478395,8.150143843942185,12.310327694182323,-0.1556986986068208,1.4285520819458926,11.64290495642211,5.73199330473833,0.568995186514625,0.2648453322033332,0.1661594812820417,120.0,4.672644576804982,4.110443166980996
20,15,17,4.452337878720069,40.35334191726917,9.063405118047712,17.539211564005136,0.0033400203394555,1.4965386014984925,13.5637356201774,6.274951853356088,0.4893695945602381,0.3033919062206117,0.2072384992191501,120.0,5.087446116049015,4.388685794876118
20,15,18,4.368400914972435,35.47456516929741,8.120721028079279,13.797500618551505,-0.2173929523326773,1.450579897712931,11.779754678266489,6.107984450367092,0.5067391004215002,0.3075635833878836,0.1856973161906162,120.0,4.933775782172125,4.383179075706481
20,15,19,4.707542985338025,46.38320578789398,9.85295427622387,23.450708727493623,0.5351657195909088,1.6103162845522132,15.866372721951665,6.576309255452317,0.4282824074516368,0.3307132205119207,0.2410043720364423,120.0,5.361812931772509,4.518479506120759
20,15,20,4.3737570062254605,36.92962192307601,8.443455333826643,14.64388646513469,-0.2169524288790885,1.448256640647084,12.228290257221476,6.130565814397468,0.5119091349030093,0.298840351699579,0.1892505133974116,120.0,4.949293720722139,4.36833851887568
20,15,21,4.435084259304923,36.88756744975342,8.317219086055092,14.721240079562014,0.0603487905015028,1.5016124813364704,12.48923998963024,6.081021041208532,0.50082438324415,0.3100295935868962,0.1891460231689537,120.0,4.949417965444354,4.320652084875355
20,15,22,4.449402671034908,39.26450703416067,8.82466927297186,15.560344754652066,0.1055817264018032,1.4842133986171155,13.097692373309595,6.004134382209191,0.5291522818853555,0.2817901051712445,0.1890576129434,120.0,4.898466389700999,4.208792909137078
20,15,23,4.389516077226407,39.42646915358498,8.981962580826744,16.276327818527015,0.0266713670117124,1.4864025164850934,13.350811783115816,6.090979853930337,0.5165378091384367,0.2874049394144076,0.1960572514471556,120.0,4.960479485604577,4.261107640937847
20,15,24,4.418143834042529,35.127932711145945,7.950835018199139,12.870175037260177,0.1539498588346884,1.4481479670637467,11.51398556806433,5.719756905189199,0.5591139745671003,0.2705894310964105,0.1702965943364891,120.0,4.706594013696707,4.063480494924338
20,15,25,4.286151829631095,32.37433355982547,7.553240026639911,10.981811674258129,-0.1863009433489806,1.4229435376045845,10.74783408388354,5.647269240187861,0.5713351653939375,0.2717761709669957,0.1568886636390667,120.0,4.604362234535229,4.107285423626203
20,15,26,4.295464794906072,36.024874471516256,8.386723251518118,13.935751932650213,-0.2608526785684292,1.4426863501174514,12.09941115717784,6.052516910235424,0.520957365423001,0.2940251103342542,0.1850175242427446,120.0,4.890764860742875,4.321901244419509
20,15,27,4.461239811368467,37.52652880802545,8.411681594071121,14.516625271543642,0.2165998013234381,1.4809555433413424,12.457326485561968,5.891671561217045,0.5352646404244191,0.2822977335164999,0.182437626059081,120.0,4.834045288057402,4.144733593121149
20,15,28,4.4468779719396245,39.46827894490223,8.875503036951358,16.97693686395482,0.2287675678263562,1.5252590249711755,13.537441108269135,6.164141048238559,0.4893185739543662,0.3074823467529406,0.2031990792926931,120.0,5.037541990132378,4.308457880613769
20,15,29,4.407817401137361,36.04791959101392,8.17817897395486,13.186590315457996,0.0962041686313805,1.4499615957222896,11.858045435178068,5.746701139623638,0.5602052762826947,0.2681047308672176,0.1716899928500875,120.0,4.7165817451394645,4.080451143384096
20,15,30,4.276641644135055,36.74120466522035,8.591134755376777,13.605901740483567,-0.2801338240871804,1.4287699454637324,12.274755135911253,5.956990450989261,0.5447604292337686,0.276827617708302,0.1784119530579294,120.0,4.815992777604307,4.2417053273805685
20,15,31,4.686751068021492,44.22584754599369,9.436355143279158,21.338879675165803,0.2248288296588011,1.5280930315633328,14.419628537801694,6.541789561807226,0.4485346677047646,0.3203590477764474,0.2311062845187878,120.0,5.305957373615257,4.527382230596448
20,15,32,4.327904805350633,34.41190147926987,7.951168758778171,12.68295876593461,-0.112791443220203,1.4576932480322469,11.59036501363588,5.87583249737358,0.535311710903061,0.2913618241539172,0.1733264649430217,120.0,4.780239581859389,4.222627288590917
20,15,33,4.442089045620841,40.24152065831041,9.059143174534476,17.13862049960561,0.0637055835066427,1.5054236096075595,13.63784801775938,6.215120325612544,0.4943545357184362,0.3016502151197434,0.2039952491618204,120.0,5.052097000948876,4.348243298636428
20,15,34,4.635324126668327,40.60293125880578,8.759458917922409,19.32334869353601,0.2131681475658697,1.5373573924657256,13.466418921467842,6.493951898098023,0.4345825332001713,0.3396819594210413,0.2257355073787874,120.0,5.274643382900575,4.559713207927658
20,15,35,4.559231432953958,42.854765800620086,9.39955920878844,20.3444447185142,0.4034535532466604,1.5750992261783785,14.805238436180524,6.397410290086035,0.4534232174381269,0.3219304366929166,0.2246463458689565,120.0,5.223883418492604,4.422015005768225
20,15,36,4.4007788613544445,35.25858491607898,8.011896536247974,13.57374739245509,0.1051059451940049,1.4865637150788595,11.910194679752236,5.9217354987362825,0.5199448920700862,0.3007447379774862,0.1793103699524276,120.0,4.83996833391449,4.223974196730252
20,15,37,4.756950371549897,46.770588343886295,9.8320530362497,24.43172475450004,0.59802908288727,1.6259453374252586,15.986380791608052,6.652344421340531,0.4106999796819772,0.3402570282015408,0.2490429921164818,120.0,5.423707927921274,4.5752331018824925
20,15,38,4.346097697703993,35.69989221435468,8.21424061249581,13.180669340073091,-0.1994451543126133,1.4484305828461064,11.897757317995463,5.976548578752462,0.5307982879543616,0.2919763539927642,0.1772253580528743,120.0,4.834959133048889,4.287115168135192
20,15,39,4.532281406957334,38.18853904948085,8.425897604429212,16.508945713817962,-0.0122864375013919,1.4883068796881995,12.540321372220316,6.329717695884634,0.4688917833923957,0.3250390626822479,0.2060691539253563,120.0,5.1240342176284885,4.488607166385711
20,15,40,4.58337522538726,41.39251444970863,9.03101151754628,19.277841507782327,0.1164123061225514,1.515229702134945,13.68405689170891,6.447000234384062,0.4573340114175316,0.3211235221413146,0.2215424664411537,120.0,5.227985403150435,4.501146856373394
20,15,41,4.264500937461095,33.43849005551171,7.841126205829746,11.631544791391564,-0.3459758379792568,1.4144863319019894,11.09116584486468,5.837104783838395,0.5541452981325811,0.281495048362267,0.1643596535051519,120.0,4.712972437549899,4.235496295748316
20,15,42,4.517146652326609,42.57095781000889,9.424302792578636,19.57739230204355,0.2054395017350864,1.536082858788832,14.476509975715762,6.373497783752768,0.4703307719399944,0.3089998341734515,0.2206693938865542,120.0,5.185314961658121,4.409736865359106
20,15,43,4.509051816528978,40.12413562024744,8.898574967172276,17.285032674996884,0.3356060376318508,1.539424241644744,13.698682020558085,6.181165485897084,0.4852753419506538,0.3110466447034503,0.203678013345896,120.0,5.058185591724616,4.311737883215186
20,15,44,4.30274869370546,30.18198572850934,7.014582509237156,8.943957017958285,-0.2099265924581523,1.371038694587256,9.617264046539107,5.28039928809377,0.6282467995794145,0.2363843890825824,0.1353688113380029,120.0,4.331498147723126,3.915818547249166
20,15,45,4.576654084479101,40.8805214273413,8.932403601570028,19.58212084212464,0.2466272135736653,1.5573568113810117,13.91093959090936,6.473674819709695,0.4344093060038773,0.3392853427617116,0.2263053512344111,120.0,5.265409873353192,4.53295045362081
20,15,46,4.324467517847216,32.534849329289834,7.523434780124366,10.84595591486534,-0.1016916030673832,1.4158514309759416,10.652065899293254,5.5694453445313545,0.5838644067839807,0.2617904362915412,0.1543451569244781,120.0,4.558060641355354,4.042873460218557
20,15,47,4.454837883281154,38.35052402300779,8.608736171283791,16.600221825842475,0.0192764733419178,1.5052127632952568,12.957979560857904,6.278726724996597,0.4754529648695632,0.3189013112191418,0.2056457239112951,120.0,5.095271276707882,4.427466141530132
20,15,48,4.457560367360001,38.0149682611172,8.528200434362628,16.29637448939722,-0.0644407334054639,1.482121196027574,12.639826627740414,6.283101925010872,0.4797744571853457,0.3167690606095626,0.2034564822050915,120.0,5.0844503301034605,4.446897816575017
20,15,49,4.756431235202843,44.08487814447983,9.268477975294388,21.72445959731509,0.3502129074865537,1.5611010999990356,14.469031162548903,6.600701157787094,0.4218059880340075,0.3403921230029921,0.2378018889630002,120.0,5.365117191328892,4.589090658040401
20,20,0,4.764478976687988,33.586599571900095,7.0493751229117,10.6075170515003,0.0056090977419687,1.3702354763596605,9.659303879580852,5.409651769242877,0.5451842717883947,0.2897104244325441,0.1651053037790612,106.66666666666669,4.679128163373887,3.7111692686858
20,20,1,5.397932386192133,42.54903754226088,7.882469526869393,13.066459786932242,0.6617896928950695,1.4147115606196186,11.151420765893985,5.676443677921459,0.4962721563232878,0.3208729129715704,0.1828549307051418,106.66666666666669,4.898582587438066,3.8172473076776097
20,20,2,6.677606339938298,55.67067350487703,8.336920547699048,12.900892809197028,1.2248283833099716,1.392589610543914,11.60990893865577,5.537883663334593,0.5202427425678622,0.3102255847722774,0.1695316726598602,106.66666666666669,4.764826008646186,3.756040882202788
20,20,3,5.328834109874406,35.84594320206851,6.726789099260092,7.599294180742963,0.303232652825347,1.2882535046144217,8.665809631923901,4.888802481263826,0.6236048472871135,0.2447102214908363,0.1316849312220501,106.66666666666669,4.254856603163426,3.505125240577322
20,20,4,4.664801068636495,34.710450184329844,7.440928278314683,11.069139108069963,-0.1238404041550536,1.3535048544376131,10.071332546221036,5.3153442354515725,0.5785161669437479,0.2583960668619915,0.1630877661942605,106.66666666666669,4.57236489300408,3.623117177714484
20,20,5,7.224613454602448,56.57910321385906,7.831436736288677,9.276027128255391,1.1032010951070323,1.3024786747982793,10.200279342047835,4.933368875569728,0.6148299669849899,0.2514358033021755,0.1337342297128345,106.66666666666669,4.269254617489751,3.4918545812892576
20,20,6,7.68705615625696,60.12522523295885,7.821619097190969,10.582633028055318,1.3226210235700449,1.3439253219512592,10.51167196337249,5.192863113819758,0.563527576949187,0.2916459009122742,0.1448265221385388,106.66666666666669,4.496488685017901,3.6256175290847295
20,20,7,5.086561629869501,36.72746716950679,7.220489958056215,8.799972930291023,0.1654399716749385,1.3029877687507487,9.408210099734855,5.014190735825769,0.6182615342529734,0.2402589691547272,0.1414794965922994,106.66666666666669,4.329498323447959,3.522769112059959
20,20,8,5.464481290598016,33.30020764769066,6.093937535294661,5.922396505449029,0.2868535445540763,1.2513420384414693,7.625600217550605,4.56144649895213,0.6630618999047744,0.2230653933594228,0.1138727067358027,106.66666666666669,4.009762409242756,3.400246781976872
20,20,9,4.918944904981111,30.95301632216988,6.292612932262298,7.006922257119604,-0.0043325647178843,1.2759970972088193,8.029355835425369,4.753508188277243,0.6462715898210051,0.2277406999057465,0.1259877102732483,106.66666666666669,4.152263282246792,3.452122310793172
20,20,10,7.104505618165352,55.35523717915533,7.791567795740601,10.654320320843732,1.2164861022745694,1.3524264236090642,10.53752216830102,5.26096627801835,0.5541975391949602,0.2961356599591783,0.1496668008458613,106.66666666666669,4.5554448484843055,3.655305999648225
20,20,11,6.583301313481593,45.804537301164,6.957685076234217,7.091290240057661,0.7922624525452809,1.2708855621319508,8.842421509247007,4.703776312483541,0.642262437774436,0.2385792644852428,0.119158297740321,106.66666666666669,4.100057748362582,3.442650457287919
20,20,12,6.501592216088612,54.08658511087799,8.318975308392492,13.352001883372507,1.204504581821095,1.4054865689455405,11.692208063335231,5.610028972883498,0.5071099266149901,0.3181611509774271,0.1747289224075828,106.66666666666669,4.825851922239121,3.788624937754768
20,20,13,5.07094157468495,32.538151555787564,6.416589715453212,7.61781841243282,0.1441962942899807,1.3032104295908256,8.362166639583853,4.971559031247306,0.6054094198110834,0.2600968475386068,0.1344937326503097,106.66666666666669,4.335449443818964,3.5615009128564488
20,20,14,6.852610496517166,53.06116193199123,7.743204134973018,9.241365001753843,1.015981543691461,1.3107778850770564,10.14962073975985,5.014185058101378,0.6021949616178691,0.2609408046659556,0.1368642337161752,106.66666666666669,4.336180932739692,3.536971615496499
20,20,15,5.353388074793728,37.79331135803211,7.059699545411403,8.929866691591554,0.4014349410434008,1.3202789976177869,9.320773039298514,5.126850029436842,0.5863541958409292,0.2678493823908638,0.1457964217682069,106.66666666666669,4.451840162312241,3.593697651796246
20,20,16,5.701469914451375,40.00245676382455,7.016165543982143,8.316985103272824,0.5475860648075825,1.31156748731442,9.20217461310267,5.058442840065793,0.5931150069729632,0.2686007394060941,0.1382842536209428,106.66666666666669,4.38952135191339,3.587247629197342
20,20,17,7.563447906119649,56.87086816577187,7.519172323479239,8.57581878501997,1.1269716430892025,1.3006697021705955,9.779959626549129,4.882850681104896,0.6139636822132089,0.2591368781352175,0.1268994396515737,106.66666666666669,4.23735192946666,3.503370247527012
20,20,18,5.768762002591219,47.86695484602202,8.297613044968935,12.6032925067363,0.8103665951814076,1.3720051269453015,11.384367639105593,5.495949889080391,0.5409524335572167,0.2873001603478952,0.1717474060948881,106.66666666666669,4.718822052973249,3.699315181683589
20,20,19,5.560812931426519,35.449367473809936,6.374853445162754,6.267110931104612,0.345739962213856,1.2571819721496085,8.014350826354434,4.623437852722896,0.6582530742585063,0.2257452244932584,0.1160017012482352,106.66666666666669,4.043544440557618,3.42012259441115
20,20,20,5.698167105534992,41.36518669362759,7.259384627987998,9.5557319985113,0.6558620104214694,1.3311433991547634,9.66328192947178,5.199106561718995,0.5709027757020646,0.2786548151371851,0.1504424091607503,106.66666666666669,4.517232229004459,3.6168137842233614
20,20,21,5.6794301830675264,47.222943632290615,8.314732659814995,13.05662573976584,0.7920349898713851,1.3777251482033392,11.455416286014758,5.531817196681419,0.5356629174154538,0.2881029700586935,0.1762341125258527,106.66666666666669,4.753919980712233,3.703498051408869
20,20,22,5.449432858769433,46.760796270951445,8.580855564758854,16.31199373850102,0.8111124897232279,1.463209351134635,12.555588103090823,5.931633780806811,0.4643484447484373,0.3302308774773602,0.2054206777742024,106.66666666666669,5.082918930657216,3.90295329724348
20,20,23,5.187750201383678,41.93519417309415,8.083502972427082,12.949364269987122,0.4349538002245111,1.3886427362592333,11.225097686190788,5.575530315354225,0.5306908802489732,0.2899182653741327,0.1793908543768941,106.66666666666669,4.787529981590476,3.734117690599472
20,20,24,6.449866489923148,45.094793634519554,6.991585594054192,7.95753535210219,0.8360614794094634,1.3040626692226571,9.117465771880983,4.953688722232379,0.6008841892074963,0.2684730785248778,0.1306427322676259,106.66666666666669,4.312381164729245,3.554013098527557
20,20,25,5.532669499972877,33.89256340003673,6.1258969834006685,5.762735963147248,0.3065892546502189,1.2484070274908046,7.647612843762115,4.538960968279552,0.6666914020810704,0.2218853917001521,0.1114232062187774,106.66666666666669,3.9822906817358064,3.3974015816649104
20,20,26,6.737924181239224,55.73836801892418,8.272335294914658,12.493659201207793,1.2250372627838535,1.373354186072145,11.360846305863396,5.431332800821746,0.5392614546653222,0.2952466270730852,0.1654919182615925,106.66666666666669,4.682693298205643,3.686429635108792
20,20,27,5.224893670616555,32.938705243132915,6.304186710702198,6.734527704019134,0.1910891757308563,1.2769454218540142,8.05010235874409,4.78217947775328,0.6358198099124982,0.2401918527031264,0.1239883373843753,106.66666666666669,4.172668900544688,3.487334219846432
20,20,28,5.896128929578899,44.6982826115698,7.580954070955525,9.524027997294864,0.7103431880539477,1.3141663842182536,9.962635000352272,5.1046283536718216,0.5949879040246425,0.2590226210407239,0.1459894749346335,106.66666666666669,4.417561478349559,3.5564213499889483
20,20,29,7.11732586372947,54.82855338717374,7.70353282074451,9.78590836139003,1.1489669488165832,1.3211498569694098,10.177521284285762,5.063393991784892,0.5904659036040428,0.2681980935830976,0.1413360028128596,106.66666666666669,4.393545798981086,3.5475118708706
20,20,30,5.880195330238937,45.37677824376958,7.716882806667875,9.55911427398781,0.6912210511521039,1.3051551659713396,10.071729460317988,5.055507868119015,0.6079849242603513,0.2472524263014634,0.1447626494381852,106.66666666666669,4.368232782215292,3.5198085859627906
20,20,31,5.577834495054586,44.01558428900954,7.891159970421244,12.121614395355577,0.6978481757949111,1.387438473593873,10.948498944246325,5.547918492522494,0.5218839478945421,0.3056035154765072,0.1725125366289506,106.66666666666669,4.779228336542138,3.760445240303093
20,20,32,8.989796381883586,68.63210226048301,7.6344445797228255,8.22865226695643,1.28710333547096,1.284003968233753,9.802657135624775,4.677834342363975,0.6344794329319645,0.2513375626142391,0.1141830044537963,106.66666666666669,4.065824759222684,3.4323066636845976
20,20,33,6.735594192339591,44.38648762706249,6.589839939814569,6.004058378655648,0.7423278480037291,1.2507440847938407,8.242203324461272,4.501518580723441,0.6669215497624601,0.2267410239640037,0.1063374262735361,106.66666666666669,3.9362387248334136,3.391725133949512
20,20,34,5.3040705992754384,33.19759401580451,6.258889921325607,6.1924847303139785,0.204446498424013,1.257137208231618,7.868283402324285,4.623683439851405,0.6607102805880996,0.2233471769997258,0.1159425424121747,106.66666666666669,4.042018449655093,3.420970309359962
20,20,35,5.897627697581673,43.753110822126594,7.418764470342472,9.475409124601406,0.7189862175624401,1.3293163328382178,9.861884779906118,5.188702285808279,0.5751411908859424,0.2771918973058929,0.1476669118081646,106.66666666666669,4.493023957259824,3.620607893952295
20,20,36,4.270745516489037,29.64197078689367,6.940701728175603,13.13820110683382,-0.5685517102131772,1.4546909645798185,10.09657609182058,5.732823070392499,0.4862613852377541,0.3273722114336528,0.186366403328593,106.66666666666669,4.94154945644903,3.8887515985368006
20,20,37,5.252110820885519,41.18059912119821,7.840771172885317,12.858778652578176,0.5041618316966527,1.4128526611662422,11.077854417206575,5.67395140152277,0.5009671518634372,0.3170778106995212,0.1819550374370416,106.66666666666669,4.885661675395485,3.820032479127963
20,20,38,6.816603032057728,48.46112835989042,7.109278350519036,8.12926744692317,0.948835786789786,1.3105686004883137,9.3171969783216,4.971385482794099,0.5960316543781248,0.2744756995999011,0.1294926460219741,106.66666666666669,4.319509746440812,3.5712156346438038
20,20,39,5.677980501412268,34.55822552815791,6.086358612813542,5.818587270492575,0.3866335608000501,1.2528156679629885,7.625085430974285,4.569932608368499,0.6589600918532136,0.22950263627485,0.1115372718719364,106.66666666666669,4.013353004697604,3.417044707293132
20,20,40,5.643597648455596,35.98607593797899,6.376442506993175,5.906034176323549,0.3461396290546846,1.2431916949884927,7.92714036826552,4.502305074086928,0.6781263469578241,0.2115534356499384,0.1103202173922373,106.66666666666669,3.936966822014592,3.372159053889926
20,20,41,5.400073594291008,29.7131682699595,5.502363579150559,4.498805631567681,0.1445191551043685,1.216365610863378,6.692885836145873,4.1816861510892025,0.7157901957822231,0.1916167756411319,0.0925930285766451,106.66666666666669,3.691466391774524,3.29449845889091
20,20,42,5.3391429413173945,29.85099414876762,5.590971149650866,4.806146350758773,0.1371282499936089,1.226075366305765,6.854952000313149,4.287088610307654,0.7014662339058562,0.2009282710003981,0.0976054950937456,106.66666666666669,3.778090913745312,3.33000086919023
20,20,43,5.454765448577465,45.65596240931304,8.369922197336559,14.91734609024532,0.7831190661935066,1.4365046565651545,12.023432211562016,5.808477495511654,0.481357492473333,0.3223238760275522,0.1963186314991147,106.66666666666669,4.996798143728656,3.84624764150971
20,20,44,4.4575400565858585,34.378580124364326,7.712455679129834,15.198445568162418,-0.2964960953733456,1.4789865944849032,11.406618559991983,5.896854685004869,0.4684616785988688,0.3291849499829853,0.2023533714181458,106.66666666666669,5.056969052511091,3.925839292122016
20,20,45,5.824662481744259,40.91681016735868,7.024752128659941,8.452139582665387,0.6242991676387084,1.317485402083416,9.255008382763874,5.092115535748586,0.5857998483638631,0.275337957341454,0.1388621942946828,106.66666666666669,4.419041776693315,3.608022697200811
20,20,46,6.312632303468654,43.25975663288997,6.852887124301486,7.783389560422133,0.7958502493653992,1.2982342455969005,8.896652745978253,4.919285614679212,0.6035525760422654,0.2664704857895971,0.1299769381681374,106.66666666666669,4.29613227612835,3.5348735503993884
20,20,47,5.37199522924146,38.68455832506476,7.2011527699229045,10.268878774746325,0.5113794292876658,1.3624624651796189,9.8113003550442,5.374296725230373,0.5396831004899619,0.3006902132608092,0.1596266862492288,106.66666666666669,4.662786781203691,3.710836686000014
20,20,48,4.50148408123249,32.83289477808593,7.293793376938124,11.59290298601821,-0.311122879895661,1.3818219447866604,10.078723748992704,5.4522879247636045,0.5518270824850456,0.2781588830931922,0.1700140344217621,106.66666666666669,4.687929218024194,3.706227212809433
20,20,49,6.187986480971621,50.57990090612252,8.173886782341611,12.74540114082543,1.063928220031119,1.3865355828012624,11.333384873505564,5.530545294039815,0.5225921494054453,0.3047486626760721,0.1726591879184826,106.66666666666669,4.769276060932011,3.734454190021275
25,5,0,29.78307115774111,791.966310886527,26.591156657149572,181.72153076087776,10.40526641026585,2.3006452488577374,61.17681822490296,6.274279763130491,0.6063856684437463,0.3165288818296668,0.0770854497265867,46.66666666666667,4.555041895115835,4.788397687310173
25,5,1,15.748721373473202,263.11896778223297,16.707322552891483,58.803521079476745,5.421682027990929,1.7734899947318468,29.630269386310783,5.92214144771854,0.6847533395522201,0.2348190954747615,0.0804275649730184,93.33333333333334,4.224876540342849,4.438474894994943
25,5,2,15.73958527199895,258.9240534757715,16.450500378583847,62.03861025752117,5.586986074972457,1.762957584844692,29.00153441691487,5.937773775690272,0.6812390023707585,0.2348697072687005,0.0838912903605408,93.33333333333334,4.259016124275979,4.443177171016518
25,5,3,19.539749590677765,366.71399044955217,18.767589049580657,62.18935852184124,5.772473355480233,1.817835870343112,34.11639657418632,6.118069955334931,0.6429514230361623,0.2756507384299005,0.0813978385339372,93.33333333333334,4.320859540915406,4.536455281989688
25,5,4,23.765996374738734,492.6995215472228,20.731279841097727,93.96601221618688,7.134657682260718,2.0064310791222577,41.59588418315922,6.039119484260904,0.6525118239469547,0.2863717920670138,0.0611163839860315,53.333333333333336,4.242675502516704,4.561616154542415
25,5,5,15.55793402805236,254.88810193081125,16.38315868104499,57.75419525251918,5.465291705432463,1.831325169879641,30.002890854729824,5.848825902288828,0.6895582130112614,0.2375759171010676,0.0728658698876709,93.33333333333334,4.162305359813263,4.447827425091682
25,5,6,19.17758691109064,296.08689249919644,15.439215260600156,49.94124760039484,5.246025836854613,1.8283769696268528,28.228705611592773,6.054427569775844,0.6619074396374119,0.262341756295335,0.0757508040672529,40.0,4.241433595698091,4.5242211081164765
25,5,7,40.38998715642861,1122.194942796271,27.78398860217659,236.27025894732375,12.646045191401257,2.929787708092415,81.40118828843674,6.739435338132781,0.4272240831556325,0.4965172128736231,0.0762587039707443,53.333333333333336,4.42130175266816,4.868312298304897
25,5,8,21.283963845148783,375.6017830135132,17.647172573031945,69.58814752637866,6.169249034730278,1.8413078704210093,32.4938777494015,6.30510848986335,0.6095177816975944,0.3008469557525331,0.0896352625498725,93.33333333333334,4.425084096660651,4.602829505483472
25,5,9,18.25374329235368,299.14911692330764,16.388370984082943,62.09843631780949,5.753306894535519,1.810144638316068,29.665321867572366,6.117990088157442,0.6491052648463111,0.2681514063117134,0.0827433288419753,93.33333333333334,4.333025021249233,4.54115434264309
25,5,10,21.84621669634756,454.58118028681,20.80823359967911,95.97900396340944,7.431061369064507,2.090169769599004,43.49274082880354,6.469947561300192,0.5667696114990622,0.3228666217645435,0.1103637667363941,75.0,4.726287224429938,4.696045663227824
25,5,11,15.565643286197496,251.7602485612317,16.17409855360586,54.05774440514079,5.26627630770955,1.830717699996978,29.610208503581767,5.766773869594164,0.705605874826037,0.2251014645406025,0.0692926606333604,93.33333333333334,4.093362970268282,4.431331375559717
25,5,12,19.400582684051745,394.16299838696057,20.317070100733748,75.46273938267048,6.2223320029365095,1.776086602267953,36.08487600325201,6.351097608637943,0.6128406377024829,0.2810321568157505,0.1061272054817665,53.333333333333336,4.584295307949343,4.560120421435228
25,5,13,23.207332079804186,453.9163198920151,19.559177174313312,93.14961375319294,7.181346943194122,1.9797671528863807,38.72261650719055,6.541022368266278,0.5598179952791471,0.3301972949772352,0.1099847097436176,53.333333333333336,4.736442022869148,4.700721659795693
25,5,14,16.496782849214508,275.9246245071688,16.725965724905382,54.33368911330152,5.274323237899123,1.7968072683133651,30.05333678407021,5.918767607566455,0.6788670204923312,0.2475617518140047,0.0735712276936642,93.33333333333334,4.19277576864804,4.480979995205524
25,5,15,17.25119899575125,262.0817485973685,15.192088889700706,52.89792228776187,5.238744914285729,1.7282386876454645,26.255555765329586,5.912872349666382,0.6889864474424385,0.2325871587900968,0.0784263937674646,80.0,4.166106921401812,4.445695098618041
25,5,16,27.71286383291103,789.517362988352,28.48920154007119,211.01285978887927,11.243804454215171,2.4382747327672343,69.46450027186896,6.665186886167264,0.4950110881574228,0.4090452226654857,0.0959436891770914,93.33333333333334,4.490863687291236,4.777188591284697
25,5,17,15.642399840522137,272.435074547531,17.41644999009546,68.71388390031464,5.912621872518243,1.8541005086527207,32.29184878556067,5.981546475433172,0.6726439663073698,0.2424579515236899,0.0848980821689402,93.33333333333334,4.287902309748271,4.460291691266672
25,5,18,17.61990783291985,293.6497053552628,16.665791225458484,52.13309970080724,5.134228757903943,1.692998948937532,28.21516702791355,6.1746491194899615,0.6400955283750237,0.2693763621184437,0.0905281095065326,106.66666666666669,4.358429689390736,4.516510083659508
25,5,19,19.1652448213439,380.3730131800006,19.84702082993418,71.20968455671424,6.146436025062038,1.8340421514795489,36.40027278339191,6.287299966418152,0.6206581274808034,0.2830397940518144,0.0963020784673821,106.66666666666669,4.535114252343865,4.5761645180261326
25,5,20,28.3874876069548,954.9688346104928,33.640484421612925,368.4191935180686,14.768479645212864,2.4345366160356123,81.89899110559226,6.193643691381583,0.6304262751317451,0.2877888020330461,0.0817849228352088,53.333333333333336,4.761056765387287,4.896129922095136
25,5,21,20.966706341154072,401.2363970482435,19.136834871421115,76.21304194600833,6.334815475100456,1.8324767384755212,35.06780474992639,6.115018376466288,0.6560100755710769,0.2637041752778938,0.080285749151029,100.0,4.307097955086394,4.537888265288368
25,5,22,24.7046595403852,503.5512070174237,20.382843414387416,80.18866576171315,6.6815422708978005,1.9192708525780957,39.12019725789715,6.375245455176507,0.5864085745080304,0.319112924043135,0.0944785014488346,160.0,4.459334938462808,4.635532283449132
25,5,23,24.49964851165656,543.8769571411558,22.199377957703657,101.4008883226754,7.405144888346965,1.974300176370788,43.82823581721611,6.3240638196789964,0.5996607071287852,0.3193917510946525,0.0809475417765622,40.0,4.503824979343827,4.641702743395529
25,5,24,19.552208511062734,373.6301242809823,19.10935657573315,67.29966210667988,5.947872619090966,1.7958504144382106,34.317545926177914,6.242738509337606,0.6349349613803101,0.2674486710539143,0.0976163675657756,56.66666666666667,4.503770111525343,4.5598016299731885
25,5,25,24.116371384299125,560.8560616786264,23.256237546738465,111.2758616393124,7.824206522722809,2.111264127857837,49.10006008136948,6.166520268747004,0.6167987808641214,0.3210013028307473,0.0621999163051311,58.333333333333336,4.148128864893748,4.590028156032405
25,5,26,20.385472945933135,385.9819612451282,18.9341675941902,62.28488988931872,5.822858298155231,1.7986462972030792,34.05587043391273,6.273478962894545,0.6150770745412489,0.2901998017209743,0.0947231237377766,53.333333333333336,4.470176161835145,4.571150484050722
25,5,27,43.49082040839005,1214.6097835049163,27.927957488486456,276.845882763431,14.239016704187865,3.235617448011636,90.36418653707402,6.472123872024847,0.443726259262972,0.517086083626336,0.039187657110692,53.333333333333336,4.383215953074998,4.864800174525474
25,5,28,16.54845167889008,263.3917436052677,15.91639802418867,53.81215233173341,5.247970096672835,1.7397121168175258,27.68995049877156,5.932624689366744,0.6800995753930007,0.2413599408792367,0.0785404837277625,93.33333333333334,4.240198948123542,4.470951261786038
25,5,29,20.14197666274476,389.5439764352365,19.339908041684385,66.49614728184288,5.894013886982673,1.806906138388629,34.945398556391126,6.206896381580636,0.6393813661836898,0.2697902061697534,0.0908284276465566,75.0,4.198502318825278,4.517637892199101
25,5,30,16.730371155069758,253.0966509927879,15.127975861796273,42.21583886288477,4.555581248664584,1.627437070745575,24.61982872283149,5.965934089534665,0.693376258821774,0.2222646182696676,0.0843591229085584,53.333333333333336,4.171081327900203,4.394685377483261
25,5,31,20.47737061309936,397.1359028002023,19.393891447476893,79.73344658856831,6.649988735634607,1.909448855923937,37.03164383629778,6.380117273104672,0.6024950471202879,0.2927082190375727,0.1047967338421392,80.0,4.643746270373721,4.62425673485744
25,5,32,28.443855922261083,697.0019593592798,24.50448213716986,135.43428689495266,8.718933440080667,2.171372182916842,53.20835086943328,6.4211055563855535,0.548602074023991,0.3814605332642978,0.0699373927117112,66.66666666666667,4.291028625297272,4.697112989003665
25,5,33,18.216810673176887,345.7521188198861,18.979838184791834,84.04974874844702,6.7472288074620845,1.9037895821316573,36.13361820675132,6.427746533065829,0.5910302619184101,0.2974977722575752,0.1114719658240146,93.33333333333334,4.636984242260906,4.590593657646686
25,5,34,16.140167254089917,275.68924741194184,17.080941174391004,62.96728888769299,5.685972471744926,1.829050301760221,31.24190060936845,5.93465048857732,0.6717882835021067,0.2506594052169127,0.0775523112809806,93.33333333333334,4.241547630289594,4.485692876350467
25,5,35,16.181255990300198,279.7794680688797,17.290343112833305,65.3513738887812,5.771262016331025,1.823379090934351,31.52685010702101,5.972131008905215,0.6673567372734568,0.2507432769769504,0.0818999857495929,93.33333333333334,4.283427111713298,4.487062605841677
25,5,36,24.897937630370954,576.541604907118,23.15619925900377,106.09626147348894,7.611979082801128,2.004774928129385,46.42296770521901,6.50944626901263,0.55827091838631,0.3408533609450541,0.1008757206686357,66.66666666666667,4.413399512081497,4.6437562995412485
25,5,37,28.66061169761872,631.1956882145338,22.02310595718992,110.74955829000514,8.024698854414911,2.1502675811785648,47.355570776606,6.509925679529803,0.5435471222875609,0.3665008230661823,0.0899520546462567,80.0,4.685677617410176,4.751582545540622
25,5,38,26.053015364544844,558.325431271113,21.43035742538001,91.96720934231185,7.153093884258742,1.98552065262513,42.55041726123031,6.440468625163651,0.5766531757871584,0.3261509808244765,0.097195843388365,60.0,4.393279489233997,4.635836783083366
25,5,39,20.697778133639,342.03909776909563,16.52540169097656,69.73837219818994,6.223496745031833,1.853144674394341,30.62396013586045,6.325855729142069,0.6172675798021872,0.2835623296201869,0.0991700905776259,80.0,4.555439873055215,4.6070550608264895
25,5,40,19.126733356903763,373.6083604272312,19.53330730636122,74.70113046503266,6.300101457711779,1.842860715423413,35.99716467718622,6.286856360052264,0.6177763358776919,0.2858203951539489,0.0964032689683591,80.0,4.520134480076884,4.579698543130696
25,5,41,19.870607991752436,360.7231947284605,18.15360631532681,56.35086237665942,5.442835274603257,1.7390432628951733,31.569906759920368,6.101631410982908,0.6561404836271865,0.2637923218154772,0.0800671945573363,53.333333333333336,4.338292427858946,4.523628401940984
25,5,42,15.82964289065805,251.56035711018663,15.89172660734162,52.47631455030494,5.204705901242428,1.8145296961190336,28.836009851626358,5.83815859766185,0.6916236350344759,0.2379774393403765,0.0703989256251474,93.33333333333334,4.137139322579241,4.4465514980761975
25,5,43,16.77937983007213,283.40039082048,16.88980127338006,62.85835061425107,5.79605987636582,1.917116862700515,32.379722828857545,5.983887330763815,0.6506299211542492,0.2741510348350134,0.0752190440107373,93.33333333333334,4.26670573048444,4.52865151938286
25,5,44,17.895530017502942,336.47948467118954,18.802431911325996,67.70958025221957,5.9435226863847,1.7960054937177454,33.769271007995336,6.1736805101508745,0.6508455096949471,0.2588734650301675,0.0902810252748851,93.33333333333334,4.418913746162879,4.519299219613389
25,5,45,22.047507514487474,357.693333061476,16.223753765655132,60.58692658730867,5.753005971666283,1.8102600718295168,29.369213657159257,6.345796689264226,0.6082603761133261,0.2932151646347036,0.0985244592519703,40.0,4.542732906839831,4.6364906452161145
25,5,46,28.94317593155269,475.3763386206047,16.424470477767034,59.16864212815737,5.928529737423889,2.0047961382074098,32.927714985928965,6.1078790649840045,0.6290192712776596,0.3077422221145248,0.0632385066078155,56.66666666666667,4.34538809869466,4.649333220942778
25,5,47,21.82496819980572,439.633403651804,20.143598818884765,97.03507571963569,7.395434609171984,2.036438933744073,41.02120890049807,6.44521000879549,0.5874786066581373,0.3014610713030908,0.1110603220387717,75.0,4.732753498387374,4.694142306288367
25,5,48,19.68807494833472,314.3027548489794,15.964118161565828,41.23084456985707,4.640236820118678,1.6757270143579908,26.75150406373888,5.963961627693946,0.6796754513732597,0.250529655003875,0.0697948936228653,53.333333333333336,4.230237913006145,4.486280649698425
25,5,49,15.919710466049915,271.7982063191986,17.07306215768374,62.5234904618315,5.623994838176611,1.8091061490461573,30.886981732512908,5.93955697600258,0.6790227607692182,0.2403283873922505,0.0806488518385312,93.33333333333334,4.241913478304807,4.465645595847549
25,10,0,8.240089563704727,81.64966917552178,9.90883273103797,14.70092779275485,2.1085128019284025,1.3845280432104192,13.719056791603355,4.855764661109566,0.7237735510550545,0.1874126555551188,0.0888137933898267,106.66666666666669,3.81483281614951,3.705202778696798
25,10,1,7.402539570090149,73.68103292190753,9.95348045414234,16.02359849729109,2.0595849266496757,1.4171531447543817,14.105606126839085,5.080834740771699,0.7220051406289939,0.1788394213337566,0.0991554380372494,106.66666666666669,3.938480993847104,3.782156860247056
25,10,2,9.080977117797604,79.87530581477155,8.795893302960287,10.54226907075469,1.8028413973709907,1.322673267243793,11.634092933354282,4.544147090302886,0.7696065316872002,0.1661147441701586,0.0642787241426412,106.66666666666669,3.469822160720863,3.67003874797599
25,10,3,7.077675589706041,79.58854247753392,11.2450113697341,18.854237933854527,2.064573121766498,1.4075921042427777,15.828389216157978,5.144861092642177,0.7332410099186217,0.1586709722464998,0.1080880178348784,106.66666666666669,3.997259197403448,3.777203560676648
25,10,4,7.479730743275083,80.71774047316462,10.791530235996364,21.730067742313636,2.5621397669934503,1.47407245064251,15.907497421157906,5.424569193394175,0.6766631395673463,0.2036480809123378,0.1196887795203159,106.66666666666669,4.215041049353344,3.872027079905184
25,10,5,8.185553250454884,82.44940693645557,10.072551532405429,15.683672750865387,2.1936607151218324,1.3903921524349108,14.004796605652745,4.921886658870001,0.7155600794019706,0.1910725376076561,0.0933673829903732,106.66666666666669,3.875237598368601,3.71216821255571
25,10,6,7.31762258952087,63.67159694051366,8.70113157129666,8.10725900367959,1.2474033933399316,1.2945618617081391,11.264153085905267,4.20950833463781,0.8119628141893904,0.1254196897130552,0.0626174960975543,106.66666666666669,3.3149042633144967,3.513728471459084
25,10,7,7.236123255675263,77.65369629602044,10.731394913031222,17.904483889250383,2.0937473960782973,1.4048715063893105,15.076230937128754,5.077409132256416,0.7293599310806228,0.1656363776696479,0.1050036912497293,106.66666666666669,3.964622826714633,3.747179561555332
25,10,8,6.80289126485335,70.64156916243363,10.384050900151562,16.586164103344437,1.8358421311017457,1.4070715622317274,14.611102722370031,5.304659162839046,0.722992084737012,0.1667389276727167,0.110268987590271,106.66666666666669,4.052823655138057,3.890365046671563
25,10,9,7.809791491403389,80.10177673294848,10.256583267443226,17.920288299955118,2.3317152330262267,1.431351485199329,14.68077569292545,5.150016961798468,0.6994013315858852,0.1969976782055651,0.1036009902085495,106.66666666666669,4.019578852868361,3.786445876772257
25,10,10,9.114583946997948,87.77963013055685,9.630678771626066,13.0635073683954,2.022517046297971,1.339119958617377,12.896634158117148,4.65817318732158,0.7467244231553294,0.1771200744056776,0.076155502438993,106.66666666666669,3.6345366708389575,3.668671421845462
25,10,11,7.675992897829645,85.38457635370172,11.123587201056928,22.637643791333176,2.637814562058782,1.4762302615559744,16.420976043256957,5.409851712741089,0.6787674853423777,0.201709599522977,0.1195229151346452,106.66666666666669,4.210516345224771,3.859778365353444
25,10,12,6.894525708812588,71.41293210297684,10.357918023526516,15.470406368892814,1.82400970070681,1.3913823330433508,14.411824145046095,5.069564184409736,0.7376377696990594,0.1608561977807058,0.1015060325202348,106.66666666666669,3.9215812044983114,3.778718390613681
25,10,13,7.918350035993291,92.0670075359322,11.627044411706557,26.79270127694945,3.0187531356281285,1.5190873090373689,17.66249560743729,5.605482712865934,0.648235446177583,0.220875230534725,0.1308893232876918,106.66666666666669,4.366410117096471,3.916815019770387
25,10,14,8.476240300017544,82.01293800847725,9.675626823405125,13.327706763783882,2.028773853509554,1.362468307246742,13.182734899635951,4.734032393121419,0.7290199780690975,0.1877186932938129,0.0832613286370895,106.66666666666669,3.739355663775308,3.672328724509786
25,10,15,7.282705597858999,68.42036820222343,9.39491062529535,11.394915219704613,1.5902523131367692,1.3355860326567308,12.547711409202783,4.571952480441426,0.7726778396529543,0.1473644464329083,0.0799577139141372,106.66666666666669,3.5991065451227784,3.6004384041803723
25,10,16,7.033714915221123,65.10857310883573,9.256640892274332,10.536809435931705,1.4528429708276616,1.3381798604944886,12.387050417871242,4.611224071902179,0.7793671421390248,0.1425050044764556,0.0781278533845193,106.66666666666669,3.584414267591072,3.6429940698865977
25,10,17,8.366513935984365,84.08043812137683,10.049638208304057,13.946673290174472,2.019790611843424,1.359044357356776,13.657904100472686,4.718483745181403,0.7380726249468228,0.1771149325522536,0.0848124425009235,106.66666666666669,3.733015263442641,3.651351185906321
25,10,18,7.031656941186426,70.20621922268775,9.984306659141724,13.939551117193927,1.7608402783039985,1.3735723633162764,13.714167693871731,4.89373810731618,0.7488682715562641,0.1578473120300899,0.0932844164136461,106.66666666666669,3.8097077548273344,3.712493310414432
25,10,19,6.832934370222362,70.87722247723835,10.372882079201329,17.824687168273424,1.9686117870436293,1.4261831548403183,14.79362968850195,5.417317450930414,0.7070262923533779,0.1768885854959005,0.1160851221507216,106.66666666666669,4.139889122868249,3.927603472084932
25,10,20,9.154795576983211,95.32385599080028,10.412450522703253,17.54893802677678,2.440833051214387,1.3935437654409428,14.5102055088754,4.946967607418683,0.7016759702351155,0.2046333830450558,0.0936906467198286,106.66666666666669,3.9142711269872215,3.746463528929101
25,10,21,6.726580274491576,67.60413162902788,10.0502973086332,13.815295434566517,1.6102621083166129,1.3751431839463586,13.82059784060138,5.060871214895797,0.7473904678131746,0.1543943373927971,0.0982151947940282,106.66666666666669,3.8794678311852206,3.802050006553839
25,10,22,8.628364350596184,82.01438993518693,9.50520708244316,10.751436479841924,1.7569342087023323,1.3183768007522894,12.531444503839417,4.475669244575508,0.7663032364762673,0.1639270586383459,0.0697697048853868,106.66666666666669,3.5053981627050046,3.599345589963068
25,10,23,7.290318634157506,62.40504088073178,8.55998811743892,8.164956194187743,1.2664608823465402,1.3038140468240664,11.16063274816396,4.278127316074827,0.8061644386258611,0.1304719955586109,0.063363565815528,106.66666666666669,3.3479457520698293,3.5463427640086334
25,10,24,8.042773855998172,80.60092889515631,10.021533657202786,12.524752910936812,1.7984645258072869,1.332535257426416,13.354046931708206,4.530211371148623,0.765553684203248,0.1559930113434069,0.0784533044533451,106.66666666666669,3.599482614171094,3.580905879117537
25,10,25,8.377116695836099,81.54442607259524,9.734187672606666,12.14960562768401,1.8641737945154249,1.340027646696384,13.044080599424063,4.586788830247444,0.7501369760772818,0.1721366470918943,0.0777263768308237,106.66666666666669,3.630285597014797,3.6187117980565855
25,10,26,7.12337669165029,69.19548708006991,9.713860445029928,15.076467380941324,1.9230716439564504,1.4059582643431845,13.657282371366191,5.071733759922078,0.7263918525584254,0.174817507259815,0.0987906401817595,106.66666666666669,3.9251143735073786,3.78572581150674
25,10,27,8.981239341963333,85.66916541134654,9.5386797021511,13.264667199556715,2.075335958377306,1.3518033572271684,12.894419244882505,4.700831356980198,0.7277780313691793,0.1913606599912009,0.0808613086396197,106.66666666666669,3.713780855335483,3.672938190048416
25,10,28,8.232082560396194,83.99457815695068,10.20332067137434,16.620491136366066,2.2900199219728936,1.4004101459748366,14.288833790827407,4.986171923042619,0.7057655892366176,0.197491032075155,0.0967433786882274,106.66666666666669,3.9274243951598127,3.730155708705876
25,10,29,9.070933026512382,88.73840216102725,9.782720465652655,15.973212840789978,2.339528081404067,1.3819362122200485,13.519095665511577,4.887637528011334,0.7025741984233879,0.2065805347245555,0.0908452668520567,106.66666666666669,3.876274254803493,3.727206783544303
25,10,30,7.4085741242793555,82.94327929448357,11.19557932513115,24.020476396695244,2.6783429889344053,1.4785736182465383,16.553488231125307,5.497241905345389,0.671962560885867,0.2006037607470722,0.1274336783670606,106.66666666666669,4.286128206911092,3.876789279208076
25,10,31,7.301704485451824,67.84449297348533,9.291596655090755,12.341834173922017,1.727982663159905,1.364996665140782,12.682998448032128,4.765180581534773,0.7512409329228881,0.1634105489511096,0.0853485181260024,106.66666666666669,3.720894827629005,3.678170558393762
25,10,32,7.717729931748104,74.251473116287,9.620895492966373,13.51511012197785,1.920152791309256,1.375549610468128,13.23401904770446,4.8139502229031415,0.7370269279348469,0.1755099078027974,0.0874631642623556,106.66666666666669,3.77454000444568,3.685863600643214
25,10,33,8.55295966049648,79.97994100800653,9.351142082127378,10.048177874979068,1.671003930104909,1.3144916723854865,12.291998394249918,4.391979213326996,0.7726486082085928,0.1604873627780609,0.0668640290133463,106.66666666666669,3.461878351354924,3.5805563719448603
25,10,34,7.099721816015234,72.87880326298249,10.26502237011396,16.42865053555179,1.992798398002389,1.399281402305307,14.36365489674841,5.077652059857931,0.7262572171978832,0.1699238535810539,0.1038189292210628,106.66666666666669,3.955079813863615,3.757940611563553
25,10,35,7.917546634818083,84.38897150834856,10.658474828205105,19.621197012766466,2.4609245973874043,1.4443110362345348,15.394152823804616,5.2232179221237685,0.6931079371802117,0.1986068736996784,0.1082851891201099,106.66666666666669,4.0752304591847,3.802944881835397
25,10,36,8.729410544761501,92.01477691252492,10.54077780403429,18.31106959489351,2.4660118515973872,1.4008980603603247,14.7665551803608,5.009721374109889,0.6976205842081198,0.2029112796776755,0.0994681361142047,106.66666666666669,3.964398923794612,3.7361411354509855
25,10,37,7.076451509635752,68.80198220249106,9.72266708940291,12.543955089217278,1.622773893374149,1.3648907019178596,13.27037790816881,4.805083342378034,0.7640262265170177,0.1496077767010765,0.0863659967819057,106.66666666666669,3.7174123117186575,3.704841832245404
25,10,38,9.399483396230703,85.38819954043308,9.084350271279236,11.737293982904053,1.9662265346235728,1.33112332829474,12.09239056850044,4.556527160938339,0.738198663345226,0.1887673485216393,0.0730339881331346,106.66666666666669,3.61020667883472,3.6590821802730993
25,10,39,6.830051835272424,65.17785463073095,9.542805267470015,10.673015726033825,1.3719133812233526,1.3421936473068232,12.808292607484349,4.714273529309777,0.7821944361412625,0.1372388194844191,0.0805667443743184,106.66666666666669,3.620643074443454,3.6987383939363783
25,10,40,8.882413662609578,93.1541681465637,10.487483659840697,18.12973947717685,2.467705062391708,1.391292252324794,14.591154762319238,4.972253093189877,0.6982538632498911,0.2030199247841592,0.0987262119659496,106.66666666666669,3.9503136065280167,3.7210625452481088
25,10,41,8.207131465588748,85.73110662472658,10.445928273987574,16.41964403597275,2.216343216684487,1.3856055880786076,14.473936589105504,4.899482686824971,0.721269252229505,0.1841332381577395,0.0945975096127554,106.66666666666669,3.868239525132585,3.692549178026328
25,10,42,8.027449734095024,82.53744374186937,10.28190103655308,19.060846155740112,2.5024481402437444,1.4490944727468276,14.899445961398945,5.241313745949115,0.6804428973309621,0.2124492821549682,0.1071078205140697,106.66666666666669,4.091661410789887,3.8199867221277
25,10,43,6.846539614935243,67.81088549428462,9.904402706786351,14.837702209285943,1.8207722679053024,1.3959103581634715,13.825658329825396,5.102401746955706,0.7281677819625645,0.1707248806281536,0.1011073374092818,106.66666666666669,3.941220544245856,3.800040950981302
25,10,44,7.341264996034024,77.71310574828625,10.585792202061803,17.739410505963484,2.1213808522574262,1.404213627043597,14.864713663187032,5.061189549726191,0.7276211016279193,0.1685459587964335,0.1038329395756472,106.66666666666669,3.9560096260705024,3.739851145294864
25,10,45,8.148425050941507,83.73208418005184,10.275861121208576,15.258629782358271,2.093424086254644,1.372815920353794,14.10686574253972,4.813795572898368,0.7330401810107089,0.176544741490723,0.0904150774985681,106.66666666666669,3.800946962256778,3.6681113182011824
25,10,46,8.100452634619435,85.56912880457723,10.563499678879037,18.01330142936722,2.3565602323631127,1.4077437894578706,14.870701067882171,5.040348026315048,0.7054095216717564,0.1928467577212701,0.1017437206069733,106.66666666666669,3.972057302981312,3.731308325005605
25,10,47,7.924882770486493,75.04784615794668,9.469899849804294,10.471302796984553,1.5892555598306295,1.3159635084560393,12.46204263107578,4.377026053921784,0.7839296744906212,0.1460095291657899,0.0700607963435889,106.66666666666669,3.4687763139104133,3.5508342043991314
25,10,48,6.891944087908582,73.93197803081628,10.727303803947654,21.374350760925743,2.230592430449309,1.456020700433311,15.619176398384784,5.630842896314734,0.6814894469587678,0.1889007785273124,0.1296097745139197,106.66666666666669,4.306307977328301,3.9930050506884673
25,10,49,7.774561307580567,77.21638849826572,9.931928689400912,13.894797092168158,1.9307739237642043,1.35780909910385,13.485663146119135,4.733233956218561,0.7432183620563141,0.1683728491788635,0.0884087887648222,106.66666666666669,3.749118816509745,3.633488703734737
25,15,0,5.316967792212482,45.33845625859824,8.527126367965476,15.001668464401387,0.8069348603924549,1.4588913999827986,12.440151324791389,5.962304542322867,0.5440376019759181,0.2977261754382985,0.1582362225857834,120.0,4.8249699686361645,4.245437000667818
25,15,1,5.274252457882733,43.63513008881329,8.273235010507998,11.92402216869567,0.6355251729801445,1.397032381894503,11.557977212702982,5.510084322898242,0.6204966673411404,0.2454385044950291,0.1340648281638303,120.0,4.474977766378637,3.995370270004844
25,15,2,5.191231796746574,39.55015967958153,7.618646446180315,9.413833866410602,0.440831641162611,1.3565436077413904,10.335026136207563,5.2362081965352685,0.656253423854903,0.2264592293429493,0.1172873468021477,120.0,4.253296441661865,3.898928344154431
25,15,3,5.237249937432538,41.457056551624746,7.915806395894155,9.964266277241055,0.5152366025152088,1.3558028332703984,10.732272739173236,5.204494328402706,0.6631838307920777,0.2184046511435905,0.1184115180643318,120.0,4.240726712344598,3.8553819190269865
25,15,4,5.592519403655646,49.09247753006404,8.778240000021082,16.708398191890183,0.9154247140961936,1.476208317706225,12.958510902852614,6.194880673696618,0.5070215994772048,0.3241830146391207,0.1687953858836744,120.0,4.999321443952496,4.415649352921044
25,15,5,5.13308199281596,38.24777501382774,7.451230092828768,9.75266088582522,0.4115684511319967,1.3723725454565798,10.225863609278084,5.395876583445023,0.6290998276442779,0.2484041732820697,0.1224959990736523,120.0,4.362665606741418,4.002595561151116
25,15,6,5.377294629752242,42.82313100486957,7.963694376709769,12.818361302885563,0.558462807014405,1.417731978081887,11.29038418153234,5.935357901633488,0.5487565019242319,0.3040176053431798,0.1472258927325883,120.0,4.775856954815978,4.323243698233219
25,15,7,5.077375886665037,36.84767689713574,7.2572284817262815,8.591658834971085,0.2448106683841733,1.3425814229916857,9.74342014197186,5.2195602439532935,0.6594272303173739,0.2276308526833038,0.1129419169993222,120.0,4.2143956136947205,3.9314643782634295
25,15,8,5.290328877036786,44.18567247503901,8.352159856607676,13.98099573502965,0.5904111496260311,1.4238836529132957,11.892503886342324,5.956492546626813,0.5519303709314297,0.2928296153812624,0.1552400136873078,120.0,4.802029536842811,4.277507771610205
25,15,9,5.191099309133246,39.00588665740855,7.513993536741129,9.309917101634396,0.4051792603702199,1.3612851425638035,10.228687762886148,5.282980970546303,0.6488997301314182,0.2344267492672302,0.1166735206013515,120.0,4.277791885353939,3.943023891164946
25,15,10,5.18802315696026,42.91230969735378,8.271418303093455,12.0494747494287,0.5218215581990875,1.3919236822943093,11.513183022238389,5.583608836411825,0.6139688519811831,0.2484470536953757,0.1375840943234411,120.0,4.51859247920756,4.039265196341993
25,15,11,5.202403383902628,40.71991547989164,7.827135359377927,11.011386602007669,0.3538009067138649,1.3812556229758517,10.811274726933874,5.6510621867830775,0.6022400740987744,0.2637159731025008,0.1340439527987247,120.0,4.539189745004153,4.151996858581015
25,15,12,5.0764536792091,34.68283453101479,6.832099083866416,7.763899953213442,0.205317467253615,1.3369027977683294,9.133852379851453,5.149788754714079,0.6640278467616346,0.2296845157388763,0.106287637499489,120.0,4.150338193319954,3.935269093541826
25,15,13,5.302357936887042,38.69009967851876,7.296772518762341,8.573575782105046,0.5502281204580624,1.3560890000167514,9.895072948318136,5.1059192199065775,0.6613337219868589,0.2291083437409083,0.1095579342722327,120.0,4.164699112582005,3.854272299590584
25,15,14,5.120734765292585,37.75802265358347,7.373555629067242,9.10676738717013,0.3419774720440252,1.3559344202297543,9.998057876931131,5.271613431254512,0.6493935900424855,0.2339204537968355,0.116685956160679,120.0,4.265828537048605,3.944636497322132
25,15,15,5.331162804797117,46.36595315326685,8.697155733369383,14.11022736855474,0.879919542055919,1.4294691152286674,12.432315511185466,5.679740158645757,0.591755105868035,0.2605716174578793,0.1476732766740856,120.0,4.628819170928492,4.034247114026206
25,15,16,5.364640500597459,46.994378999534526,8.760023899886818,14.709757323080488,0.6577704212065102,1.430139575848741,12.528056864608969,5.920031155051212,0.567052418320749,0.2777304428008937,0.1552171388783571,120.0,4.772897521840517,4.227798423062552
25,15,17,5.567413153191518,51.66426721415242,9.27976167612707,18.839969037578012,1.1136439746432754,1.5114407945336448,14.025810360848364,6.2131664245363325,0.5085363826654458,0.3140061016992179,0.1774575156353363,120.0,5.032253284399168,4.355724536016581
25,15,18,5.155684767229785,40.003728876527056,7.759149498587666,11.224218585303516,0.4834085658939845,1.395749223767604,10.82982688975053,5.59749817595123,0.6006816081795421,0.2650598198114872,0.1342585720089707,120.0,4.52175948407055,4.091815875377404
25,15,19,5.200886899602259,40.60701873887962,7.80771040069821,11.4391161412347,0.5498587414571131,1.408510765637599,10.99724415436408,5.63720967945473,0.5914840941115642,0.2732272349273977,0.135288670961038,120.0,4.554911326496426,4.120442414929241
25,15,20,5.218157132523202,40.066997462926345,7.678380785661056,11.733263875778498,0.4546284335459296,1.4031739043283753,10.774103545936002,5.816137821255072,0.5653273064195914,0.29349140615662,0.1411812874237887,120.0,4.674399072218033,4.257256582726456
25,15,21,5.512954052304209,46.3362103430044,8.404969441680292,13.967910425317903,0.561254802277456,1.4041305504976642,11.801674369062594,6.018394405357556,0.5497249016407258,0.2959717771760848,0.1543033211831893,120.0,4.835938548191496,4.348516609180558
25,15,22,5.56749633697706,53.17168793755656,9.550376815591544,20.200706582743933,1.0410380436785382,1.493445589903818,14.262968137164863,6.308398845738738,0.5038002927085874,0.3098520278401777,0.1863476794512349,120.0,5.105487976439543,4.388780770832686
25,15,23,5.330965106922299,44.28949619265285,8.307969627327441,13.896870004845178,0.6378580749661862,1.433632488278796,11.910575169370098,5.94380065862366,0.5504042308789417,0.2964462625760306,0.1531495065450276,120.0,4.791141391566547,4.282264154066631
25,15,24,5.24568847261303,42.69236594384551,8.138562967804148,12.075799304783263,0.4013670449523637,1.3893213165052392,11.307079016890444,5.731741202423859,0.5951764979454177,0.2652403149831662,0.1395831870714162,120.0,4.6062155830742935,4.176326370821868
25,15,25,5.104587410910618,37.14161504954261,7.276124799069087,9.525507530572163,0.3965599686663942,1.3720382239676308,9.983121346681584,5.397942933519614,0.6261001464922563,0.2521721257566378,0.1217277277511059,120.0,4.363523922403689,4.00804283801472
25,15,26,5.42391765253446,47.63420103887146,8.78225004330831,16.506776596523835,0.848160804027127,1.4699374633529465,12.909358351191916,6.120247640439282,0.5220030705157386,0.3098362668742592,0.1681606626100022,120.0,4.945187237757538,4.340454740361618
25,15,27,5.502726043354959,48.55703696204891,8.824178521604932,15.503706593803289,0.6471363238805544,1.4241379267348564,12.566847304896696,6.051187918028896,0.5512352624085077,0.2877956043986008,0.1609691331928914,120.0,4.870182787351039,4.319067021314861
25,15,28,5.224452319199514,42.87130273349446,8.205894151994704,12.171331989738771,0.5311717913760098,1.4006808685531476,11.493838948071136,5.639794383797925,0.6038242077183814,0.2576526478877548,0.1385231443938639,120.0,4.55609704325259,4.090176656332503
25,15,29,5.170302090186316,36.09035101842687,6.980317665950217,7.85324450968366,0.3728967437274173,1.3380526066127354,9.340032247909614,5.038087367488169,0.6736425192660603,0.221212070478266,0.1051454102556735,120.0,4.098113441690423,3.842511531244672
25,15,30,5.19215339311494,39.93226422899311,7.690886845127751,10.418061054321347,0.5686993118348522,1.383293208503595,10.638751540234855,5.388121403340341,0.6267761249321298,0.2473808394837334,0.1258430355841369,120.0,4.381408265543755,3.963809246531346
25,15,31,5.3975258890150055,44.98047064154877,8.333534950354311,13.95820190815399,0.7227601031649725,1.4482022367814438,12.06864395539945,5.934972847147776,0.5494626544358825,0.2986665871839616,0.1518707583801559,120.0,4.786869775423599,4.279124278943364
25,15,32,5.329598621016041,45.69130776353057,8.573123608850665,13.378434689243928,0.751343591757737,1.423166917339274,12.200985898376551,5.6672725168868965,0.5976118515046586,0.2592551058637475,0.1431330426315939,120.0,4.598012240822014,4.067935424413497
25,15,33,5.197273606132979,43.8099335751995,8.429406818894838,13.141477106735492,0.5606612637652452,1.4078204450746044,11.867091259491437,5.721218665397653,0.5933370836180387,0.2606888255166385,0.1459740908653228,120.0,4.623693736705467,4.105582533927038
25,15,34,5.081060105782228,37.23612571691247,7.328416696849914,9.03975007554966,0.2600169724834745,1.3505048344402135,9.89706217788819,5.305294993336096,0.6483935306868172,0.2346841550870012,0.1169223142261816,120.0,4.279587225634632,3.9704366071896766
25,15,35,5.210186470347887,42.06240363779867,8.07310906762808,11.424339006108308,0.6202093631499375,1.390988564407324,11.229602392283734,5.472743948002578,0.6200086357242598,0.2471618255602512,0.1328295387154889,120.0,4.450721531262915,3.977792079374408
25,15,36,5.413965210342315,47.44316511369132,8.763108603479846,16.57129228812195,0.8875493837553619,1.476419211007046,12.93802189031877,6.119623102218084,0.5198178791927889,0.3118191789508513,0.1683629418563597,120.0,4.9474022318854285,4.336214606579073
25,15,37,5.253917050982159,43.04832842204237,8.193568342308524,11.616976925952669,0.6558502844190297,1.388600770987902,11.377595317271682,5.4380963657167865,0.6282810770021633,0.240105477983877,0.1316134450139597,120.0,4.427158401152385,3.9466777371135287
25,15,38,5.266094888316984,43.59283852517248,8.278019946409382,13.133835011891591,0.573394546164947,1.418453069057849,11.74198279870648,5.80321166492006,0.5768662770901832,0.276148609840779,0.1469851130690377,120.0,4.680933424331706,4.1872321999740105
25,15,39,5.309605932024303,40.587451932838654,7.644155225916091,8.853161228716571,0.5534679225208438,1.340221519714092,10.24486133380768,5.030317337212722,0.6792600101471896,0.2108069928627927,0.1099329969900176,120.0,4.118532676079428,3.782237850703888
25,15,40,5.12477502377922,38.371722663256655,7.487494082220173,8.681357931049586,0.2653903025922786,1.3367196240539614,10.00868027469161,5.16350864610899,0.6725762698223058,0.2164320306233952,0.1109916995542989,120.0,4.175258722465662,3.888022277716736
25,15,41,5.309688703628311,42.86516419541747,8.073008906553428,11.046862065192231,0.703770092304197,1.3861039072394583,11.190029188552652,5.366185503524499,0.6334860938252903,0.2393198800043266,0.127194026170383,120.0,4.376940853853639,3.921559976210451
25,15,42,5.702216607586931,48.88363356284128,8.572742308280692,16.151122184576632,0.8649112802566404,1.4506978939207995,12.43645921174853,6.234974820615575,0.4989795191045077,0.3331446185530454,0.1678758623424468,120.0,5.029116373537799,4.461856730263589
25,15,43,5.374558470741164,47.95615454455887,8.922808227993025,15.69906657483326,0.8563627446011212,1.4573221994646328,13.00340651221992,5.926145812779724,0.5596004969944361,0.2812903079418803,0.1591091950636835,120.0,4.799370520027532,4.193512416298316
25,15,44,5.2448010550425925,43.77069153560886,8.345538958722887,12.951214879104128,0.6635546920250297,1.4176804384772028,11.831307330330842,5.683073742356624,0.5925760759260551,0.2639568154197656,0.1434671086541794,120.0,4.605252970636886,4.088547631506088
25,15,45,5.158539696613461,36.77466780638888,7.128891114384784,8.389472850567973,0.3915693089201507,1.348337836200778,9.612153619680534,5.1386374126107865,0.6607821014470024,0.2297589961616203,0.1094589023913771,120.0,4.177093346023301,3.885744965211901
25,15,46,5.188242888119389,38.49414908561231,7.419496333481312,10.242804613725037,0.2363870226774648,1.3590208227786893,10.08325001173124,5.695536996043858,0.5931056501427131,0.275299680559745,0.1315946692975419,120.0,4.558394526126881,4.22736418737016
25,15,47,5.445907125623493,46.74019298536948,8.582627633411628,15.628449247136164,0.9998580824765884,1.4934782815126155,12.817967968810285,6.010887080605157,0.5274648158638963,0.3136120711751547,0.1589231129609489,120.0,4.867813313406876,4.287803891724234
25,15,48,5.107678540403649,37.38023598375997,7.318439421758497,9.827549069435,0.4100764655112908,1.381359983461056,10.109399358601058,5.469124873760219,0.6135521162916201,0.2619718964191252,0.1244759872892549,120.0,4.418615131225807,4.052406425822008
25,15,49,5.518565683797777,51.61297146679913,9.352606170536692,17.76097146507972,0.8827059092944308,1.467044881136373,13.720693007770311,6.11649238706453,0.5407691857284821,0.2890837421264762,0.1701470721450416,120.0,4.941065612270421,4.299189303804056
25,20,0,7.894424599698217,59.484488475872986,7.53499988816752,9.355865525281022,1.3995926437792652,1.30165995719588,9.808007631903097,4.79640208834061,0.6212810973951491,0.2441928030543302,0.1345260995505205,106.66666666666669,4.313055856642834,3.540812484188628
25,20,1,5.3217909990195,38.688227862916186,7.269775883728655,6.13640331475768,0.192852788609611,1.257798654145067,9.143914322490168,4.453831747007946,0.6852553490749174,0.1940386734142004,0.1207059775108822,106.66666666666669,4.048583286020458,3.436514462912778
25,20,2,6.876388037436694,56.60470717162467,8.231749991922381,9.913019156705072,1.1868293684850386,1.3057620036609197,10.748706363088328,4.896846632370471,0.6210254562904791,0.234154740714625,0.1448198029948958,106.66666666666669,4.403545508012519,3.558011952384644
25,20,3,6.693430899109237,53.33960614291684,7.968948502929234,10.682366017130269,1.248355738856761,1.3496876561089612,10.755591426571575,5.160805692021871,0.570590470631424,0.2701708519981079,0.1592386773704681,106.66666666666669,4.610629728975385,3.702246525944778
25,20,4,8.328366496392134,61.71156216186186,7.40980385392447,9.09526588770401,1.4573588783914648,1.3073576606328343,9.687263832214857,4.785872995240737,0.6148100499130775,0.2544235864890726,0.1307663635978499,106.66666666666669,4.295450479947187,3.560973200734776
25,20,5,5.652176929789949,46.17560315245042,8.169525428172758,8.2138374614533,0.5047921318285533,1.288826784939873,10.529103192076436,4.754222649688219,0.6511220319855591,0.2113110051517049,0.1375669628627361,106.66666666666669,4.292717024316056,3.521182385703725
25,20,6,6.368523189896939,45.835650960884976,7.197218192374476,5.718113633399306,0.6510203903642686,1.237869613057475,8.909217698884811,4.317006309552709,0.6957461855642926,0.1967129498733189,0.1075408645623886,106.66666666666669,3.9208287017753833,3.3978395124234444
25,20,7,5.994603832468192,49.79965718231856,8.30741423021015,8.986388440217526,0.7636929871361824,1.3002248001209964,10.801506006997313,4.870088541405324,0.6308216107358234,0.2242111405342743,0.144967248729902,106.66666666666669,4.384876179844587,3.55658401776416
25,20,8,8.429582709299481,59.5468657699602,7.064034819216892,7.705822435695656,1.3194470142945878,1.2719312989841554,8.984966983675843,4.516593955323263,0.6528417228834368,0.231162838945327,0.1159954381712361,106.66666666666669,4.078053765248417,3.4546064309446782
25,20,9,6.251344357920988,54.47677990720136,8.714410339301596,10.451340190092436,1.0013567225006357,1.3131392981868002,11.443234677062293,4.975054261590268,0.6173807798400996,0.2283058369096852,0.1543133832502151,106.66666666666669,4.479675033290778,3.566093403309646
25,20,10,5.177839729898837,44.0154456058064,8.500735422852951,10.692661925404463,0.2613773114473251,1.3375666890937414,11.370300534407308,5.083475459150507,0.6171908446271405,0.2198657931873988,0.1629433621854607,106.66666666666669,4.563871973823956,3.620732378679072
25,20,11,7.524601480523513,48.431931070607625,6.436477891349808,4.533321022074661,0.8048093149990158,1.20546004200588,7.758916909276458,3.9352350112654753,0.7320239684218072,0.1825806649855723,0.0853953665926204,106.66666666666669,3.5976822498068497,3.282375236694251
25,20,12,7.196855163951252,56.89804073086265,7.905958843782568,7.361490585681101,0.99843420775997,1.2470677312993943,9.859266159062312,4.40144050590928,0.690362993949321,0.1963639466885439,0.1132730593621349,106.66666666666669,3.996792863095647,3.3831086020316103
25,20,13,4.824643369215313,34.79217467372942,7.211346416965959,8.986331248727701,-0.1212380891839305,1.342747657911319,9.683018511768225,5.044660237531593,0.6074377762166414,0.2349047799019328,0.1576574438814258,106.66666666666669,4.518297227723066,3.670672118401773
25,20,14,5.8587556966285534,52.81875872076839,9.015354361193651,11.593611771176882,0.8542111020867036,1.339281034398381,12.074093114327392,5.147848237833992,0.5990268149400481,0.2342678058793223,0.1667053791806295,106.66666666666669,4.619823866132539,3.633511061733128
25,20,15,7.916516915188964,51.40409181989325,6.493271266971866,4.9010408363710285,0.9079951713202196,1.2118791752629692,7.869060227776599,3.978545234703208,0.7253772647370683,0.1878455523359778,0.0867771829269538,106.66666666666669,3.632970987171701,3.2935343940091326
25,20,16,5.887728851080156,44.89476058513505,7.625140647721696,7.322186715466764,0.6008377735602003,1.2821108108979145,9.77627525906111,4.703142280427286,0.6472748266038273,0.2218077488473698,0.1309174245488029,106.66666666666669,4.240004200655733,3.532624036243881
25,20,17,5.510800606022378,44.81863644621034,8.132872090714208,9.077937135806156,0.5302979219815838,1.3169392825596078,10.710498736294229,4.96398017498603,0.6144183184225072,0.2319278063185565,0.1536538752589362,106.66666666666669,4.469501818719935,3.5995946481524244
25,20,18,8.462101369934174,57.636081496354926,6.811083793103187,6.0459799498786,1.0976153299373166,1.2307467211835248,8.382719046067992,4.143038617627544,0.7064745419178603,0.1996044175691221,0.0939210405130175,106.66666666666669,3.7669837309691983,3.3356990300459524
25,20,19,6.235367291363641,48.08205075300167,7.7111817967160015,6.738302282703899,0.6744814732020511,1.254237480417295,9.671653227752788,4.477760738636919,0.6813995316961516,0.2003845943020375,0.1182158740018108,106.66666666666669,4.0579210710155245,3.433092947801517
25,20,20,9.19308414592512,66.02096803226281,7.181590746292357,7.322857077477939,1.342748606735037,1.2538013545778492,9.004288205725103,4.315277802265035,0.6766096649060055,0.219354183677401,0.1040361514165934,106.66666666666669,3.9184468930081024,3.380627303260831
25,20,21,7.553177338911012,58.20977411260616,7.70666058808552,9.01672612562992,1.2762389775968976,1.2881092565398409,9.927020840523731,4.723598094352498,0.6387543444212694,0.2297503292292645,0.131495326349466,106.66666666666669,4.257071967231666,3.504161209215771
25,20,22,7.493884807321611,54.42745183677333,7.262915461897291,6.522169558142447,1.0057593500248083,1.2405468403131146,9.009986827717947,4.311122071855479,0.6927965143675818,0.200767866810676,0.1064356188217422,106.66666666666669,3.915210963625348,3.3756268908857194
25,20,23,6.08591600358324,47.07176001090546,7.734539875869262,6.912662411273336,0.6533584269722692,1.2597971173694134,9.743951039798876,4.530197873934448,0.6724258980511268,0.2044340360959773,0.1231400658528957,106.66666666666669,4.108524508940956,3.447115232657326
25,20,24,7.0774698723232925,49.47302236048377,6.990213063845012,4.679345096107144,0.7043972859031985,1.2029401784015583,8.408808150086623,3.9248834435012383,0.7437478598543369,0.1703954910691031,0.0858566490765598,106.66666666666669,3.5939239505801104,3.2678939239100924
25,20,25,6.463228537500668,44.27945562385512,6.850980955870392,4.573570144392099,0.5563402391675345,1.2089694493311194,8.282626673596614,4.00885054468662,0.7337325997788312,0.1752034111539279,0.0910639890672408,106.66666666666669,3.6650251420605,3.301373296071421
25,20,26,8.188617879618654,56.17550960358503,6.860194287903581,6.766340200365575,1.1691338914547265,1.2512022792925532,8.583490729414715,4.357835146112942,0.6774875069639309,0.2157334084239346,0.1067790846121343,106.66666666666669,3.9453791674924905,3.403887821127938
25,20,27,7.546400458500267,49.81240687933978,6.600816793817385,5.691455637142688,0.970414458624458,1.2362286228376358,8.160118654624405,4.2488676106504855,0.6894626662133163,0.2088932494960111,0.1016440842906725,106.66666666666669,3.859365061146778,3.380403138692561
25,20,28,5.614637677880936,43.25725236580768,7.704371118410928,7.24947199849576,0.4522181030976348,1.2783467754671771,9.848857976223062,4.667156756718424,0.6554118860480361,0.2122754582141234,0.1323126557378405,106.66666666666669,4.220326719366169,3.5050871982158505
25,20,29,6.784131630248253,53.42824115745795,7.875472362481687,6.769909358125471,0.8464223260916233,1.238810454162918,9.756217494113448,4.3376033229233055,0.699665825841335,0.1888594168240657,0.1114747573345994,106.66666666666669,3.947753723454064,3.363196521503525
25,20,30,6.934713617296357,53.78566660707993,7.756004007566991,8.878515454345667,1.141578175246018,1.2970361588879764,10.059817646294444,4.823113837743842,0.6236199953187269,0.2375525104602606,0.1388274942210124,106.66666666666669,4.340406912087779,3.547593739322549
25,20,31,6.399461644542351,49.4774893650198,7.731508072591646,8.222274572497724,0.9194557633991922,1.2932395032003212,9.998691658787694,4.796712932486742,0.6283121129257917,0.2341140893833363,0.1375737976908719,106.66666666666669,4.320832362425011,3.5513426900445824
25,20,32,5.776963130812391,46.26731290706763,8.008933389291206,6.620023851708223,0.4523379685170406,1.2468552335926917,9.985980511932995,4.396657137860483,0.7002624126286474,0.1821351634418026,0.1176024239295498,106.66666666666669,4.002982187533728,3.387037904718684
25,20,33,9.412280693026569,74.0555927280624,7.867975376353701,9.134711344214802,1.5339969037043333,1.2809916666165355,10.078810890253193,4.539161463093178,0.6512488675604381,0.2323161602228769,0.116434972216685,106.66666666666669,4.103495538441842,3.440785472140869
25,20,34,8.131257266463429,55.994778565124896,6.886361694158892,6.972724641437983,1.1901603346826404,1.2595030046590474,8.673393244962092,4.427225064573586,0.6668734583754335,0.2232991145976601,0.1098274270269063,106.66666666666669,4.001889914030984,3.43528370243608
25,20,35,7.06035120757552,50.51422868618467,7.154633983644411,5.313822632692456,0.7787297520797164,1.2161150047119205,8.70085774073179,4.083054573562558,0.7246599105426779,0.180256860453891,0.095083229003431,106.66666666666669,3.728991323134672,3.3061682138667985
25,20,36,5.869715157687012,51.93555350853425,8.848053459718425,10.868373957743714,0.801776638993767,1.3279730758553865,11.749976768235168,5.070128784602319,0.6104991251321893,0.2300907467226794,0.1594101281451312,106.66666666666669,4.551385000509811,3.611594591259184
25,20,37,7.232590098806667,47.74313932247994,6.601112280696961,4.32727138065598,0.7116648317552882,1.1994588033762426,7.917762237156996,3.8769263709983104,0.7438642782776412,0.1737268748198773,0.0824088469024815,106.66666666666669,3.549623608705803,3.2646476457838074
25,20,38,6.287496804182605,47.72102989366329,7.5898296857849745,6.148819328770422,0.6497430497751194,1.2396141241501044,9.408460078392803,4.342460737169473,0.6974039025250955,0.1912827765893591,0.1113133208855454,106.66666666666669,3.95011245661394,3.3864588773623643
25,20,39,6.152888876201196,44.38112552850643,7.213054944022882,5.613233451109781,0.5714690387163025,1.2363017403850485,8.917512380788468,4.3068745084947455,0.6970933895086936,0.1941053630491232,0.1088012474421831,106.66666666666669,3.9206950933699054,3.3900331576854192
25,20,40,5.442269610846494,44.80157179200688,8.232148532795385,8.563317604274848,0.421758084549808,1.2950082492300092,10.66070025885674,4.798984060963848,0.6456394250436451,0.2092757373087364,0.1450848376476186,106.66666666666669,4.340497886977082,3.518804587639676
25,20,41,5.484411722678685,42.66384455538631,7.779110452077535,7.9481786476716785,0.4293637136413702,1.2984520331082017,10.100801782273336,4.8187938349869786,0.6337527667356323,0.224095611669001,0.1421516215953667,106.66666666666669,4.344790140205331,3.5617248137354123
25,20,42,8.969500256875268,60.48016572120113,6.742869055033707,6.389324112474688,1.2316194516738332,1.2466198164068638,8.405794183441644,4.243788126855737,0.6819384072870127,0.2198606431629569,0.0982009495500303,106.66666666666669,3.85064398209181,3.382709079279933
25,20,43,6.4881318653198266,50.972957367083374,7.856338068519005,8.038738888888942,0.9022288375642982,1.282083015403512,10.072477600916248,4.723977069275879,0.6441099680371112,0.2237862759642692,0.1321037559986196,106.66666666666669,4.256661907624767,3.517455903093789
25,20,44,5.477001140415661,39.56809653116737,7.224409036395502,5.89740091591878,0.2601857428454183,1.25217218300746,9.046204034042178,4.411743832103949,0.6902596641104451,0.1939150425609822,0.1158252933285725,106.66666666666669,4.005528632343967,3.431824703667586
25,20,45,9.289168473534776,59.89925218230408,6.448290000656089,5.41403855845139,1.148688189527812,1.22459196480576,7.896524121540774,4.005986892456731,0.7064533127931705,0.2079674650364893,0.0855792221703403,106.66666666666669,3.655678236937336,3.313659607258014
25,20,46,7.0004719463530565,50.94843805605596,7.277857613956713,7.2741862619977296,1.0184495646630671,1.2724829405076938,9.260949657203946,4.610166569550332,0.6474692701774486,0.2291229864084988,0.1234077434140524,106.66666666666669,4.161770272260669,3.49508826422825
25,20,47,6.849728645207141,59.16355741941999,8.637357840564622,12.358597806697473,1.3767839619793965,1.352666636331502,11.683465776988074,5.221408934278408,0.574922412191482,0.2583483627290172,0.1667292250795008,106.66666666666669,4.664828688729381,3.678363433222808
25,20,48,6.437520499904357,48.3511818743683,7.510839285884473,6.803262589355628,0.7745244092330023,1.2596796650115856,9.46125151559881,4.521772706591227,0.6700560146875681,0.2104526428016494,0.1194913425107824,106.66666666666669,4.089864014966067,3.459348364988181
25,20,49,9.018242665778994,57.02976838784952,6.323822778051549,5.160301275784887,1.0837937737442858,1.21918901060605,7.709935236020669,3.968529551917228,0.7147733973580729,0.2014982117362253,0.0837283909057018,106.66666666666669,3.622058242408766,3.3025663250398094
30,5,0,50.07060786583873,1275.839427288562,25.480805639649898,183.51322132948937,11.046555316693905,3.071600216147485,78.26684811036068,6.559629331611468,0.4757784442139794,0.4576864555019294,0.0665351002840911,63.333333333333336,4.572357181642821,4.863208028614375
30,5,1,45.3366944396278,1288.8998779940673,28.42950713379466,237.9275387316193,12.613472570913462,3.1441300991111727,89.38606908225961,6.449080181684946,0.5125155986566166,0.4287704392187657,0.0587139621246178,108.33333333333334,4.757119655394791,4.914942443547217
30,5,2,28.356277050410487,790.061561333079,27.86196368192284,202.36404940677187,10.970817953129131,2.397308976989068,66.79373565121699,6.758319159445745,0.5220063553494442,0.3455551657046052,0.1324384789459507,40.0,5.096856847143818,4.90883956969958
30,5,3,56.97921129617127,1910.0116840002956,33.52120256758695,487.01681279801073,19.20379931738292,3.922308486944733,131.48049732343986,6.907964901346614,0.3380140503946479,0.5740634289208237,0.0879225206845283,80.0,4.919547073054423,5.0846524823148
30,5,4,33.51383096983992,694.8641430700941,20.73365303105523,111.79031586477456,8.390751471908207,2.324501614570437,48.19540994663112,6.247945227269683,0.5936170599526571,0.3382627060218646,0.0681202340254782,66.66666666666667,4.513363835998963,4.755147418476023
30,5,5,79.91892822175069,1796.132002340588,22.47442554981304,315.4900911986348,15.855170548955892,4.657801474081631,104.68141245505704,6.599814375795022,0.3704432194220285,0.5751657752089561,0.0543910053690153,40.0,4.633941377163429,4.993881277293898
30,5,6,22.73155475936542,456.78065403667273,20.094562772855596,85.49960685321341,6.826318429251182,1.9074570303927096,38.32951503375103,6.064332662106879,0.6651556180824509,0.2603976538852243,0.0744467280323248,93.33333333333334,4.451750801697184,4.6179141618001935
30,5,7,60.16213041637004,1533.1971526866027,25.48442254414285,228.54095824668204,13.0470017463303,3.706181397156242,94.44989275037138,6.4730627739845525,0.4485246398544101,0.5122992011813196,0.0391761589642703,133.33333333333334,4.349671698703937,4.864849279634981
30,5,8,70.69126642054843,1716.2012754570535,24.27741590095761,219.4150018119857,12.79417294456093,3.998425509658516,97.0714390469782,6.61833787904329,0.3970712354361483,0.561490097955744,0.0414386666081077,106.66666666666669,4.616896642987485,4.950311324767815
30,5,9,46.36899690979363,1055.613745853323,22.765507477052324,170.18180406405816,10.74372655111284,2.9701668929254152,67.61735660898682,6.59877900761967,0.4772758092013252,0.4462534216362374,0.0764707691624373,40.0,4.503229885544859,4.8627681750355976
30,5,10,38.26006639823508,1104.3865329934076,28.86525395691296,207.8371758630384,11.15038995305247,2.675620960632588,77.23247852109907,6.462391853344598,0.5318286489223709,0.3960444680233811,0.0721268830542479,40.0,4.688876385515139,4.857624193183821
30,5,11,74.5179897464425,1909.223479258952,25.620974019231355,244.1925626220257,13.655778623379032,4.35640738031345,111.61540030819862,6.300141752946399,0.4788158399173992,0.4961467394730038,0.0250374206095969,25.0,4.421904591833643,4.882919455208388
30,5,12,72.4268358734593,1712.4812002073168,23.644291229279737,219.0832369950884,13.066696589710872,4.190397390488212,99.07897626711716,6.580070840321184,0.3857021562518101,0.5802203865007424,0.0340774572474474,35.0,4.506076930746189,4.92630572807704
30,5,13,37.82713127260249,1146.7460797557148,30.31543871227376,239.8940638418344,11.839022859240112,2.6003593123442146,78.83103336326137,6.471364744430182,0.5262367634111735,0.4033159565184295,0.0704472800703968,40.0,4.646238365927784,4.814101033401593
30,5,14,25.08422272471261,481.01454409306217,19.17597963357157,82.10379501437438,6.76958036310626,1.910466683865426,36.63507022042042,6.156707330053028,0.6407258443272821,0.282055472581259,0.077218683091459,133.33333333333334,4.468036930665868,4.632584085114472
30,5,15,34.3894263959305,917.030321856222,26.66605459766376,160.25983871182115,9.73261049338574,2.5052299508611533,66.804598649366,6.512153509184605,0.5331818345879402,0.3761249450083492,0.0906932204037104,66.66666666666667,4.6499176458818,4.798976723140721
30,5,16,70.12687724679334,1678.130742402043,23.929922567296096,229.53709721990688,13.587965064333334,4.2837121798722055,102.50890076492504,6.472862190446351,0.4206134885354207,0.5531376616601903,0.026248849804389,93.33333333333334,4.407757427029101,4.875266496728348
30,5,17,30.48002111719006,676.0202773518273,22.179127591567408,101.97880420999252,7.6198470040690305,2.1304387153754845,47.25127209432783,6.172522587222482,0.6133862447723217,0.3215057117570171,0.0651080434706611,66.66666666666667,4.38426722624155,4.662431029695636
30,5,18,70.65189526568099,1500.8509572372125,21.24289732912866,290.27519105027096,15.26002161871915,4.444187683846134,94.40742267932151,6.545191021326525,0.3971681606501672,0.5513205608952505,0.0515112784545824,40.0,4.623617456837263,4.973048002968577
30,5,19,62.22877972420724,1789.8652614731689,28.762660450770568,281.2138641945922,14.134423522767364,3.753071046368961,107.94830815432864,6.461093244335643,0.4731216691706488,0.4798590622000372,0.0470192686293139,93.33333333333334,4.550023571155314,4.912041195065962
30,5,20,29.1346263928426,605.0788081611606,20.76837368711919,102.18075028234718,7.955478647936789,2.25669607017512,46.86790728365025,6.417911996359031,0.5705335020907611,0.3378744326790314,0.0915920652302073,40.0,4.668285210890515,4.757742187895575
30,5,21,50.26869907134052,1512.5244667327204,30.08879272141438,292.4287013358512,13.804057073288336,3.2715790743546203,98.43786463997289,6.594951341590453,0.4622571692770342,0.475143127630674,0.0625997030922918,26.666666666666668,4.790741151600897,4.93814780528088
30,5,22,32.95725616307668,592.0635308771995,17.964588069698344,81.37092688338068,7.160225740588515,2.374319938096358,42.65367963357274,6.332720179347368,0.5857785779795013,0.3341490335706755,0.0800723884498232,40.0,4.543852609505475,4.745314916323481
30,5,23,72.08738611484536,1700.3980403934197,23.58801077465128,227.52672260810655,13.183521740422435,4.073440811011341,96.08436574003976,6.656912039290951,0.4247187667966559,0.5087927641819746,0.0664884690213695,66.66666666666667,4.771637809941369,5.03866574275842
30,5,24,44.9102656847857,1209.8824499460272,26.93999760406451,259.885475113447,13.29151288049542,3.117833816601048,83.99443554910354,6.555659622125016,0.5053706580913457,0.4180201215456962,0.0766092203629581,40.0,4.845400230098034,4.986230065018683
30,5,25,70.2533918886809,1564.2251722410103,22.26547544806923,346.55970550828334,17.453992242408727,4.693243884841124,104.49730648973107,6.167409062586287,0.4945143756890792,0.4800212756104958,0.0254643487004249,93.33333333333334,4.240711694288743,4.836408043779278
30,5,26,51.87326046536611,1608.6025037904085,31.01024476501557,372.4033675554244,16.182212077799843,3.536929811016136,109.68105915629064,6.706142005974026,0.4733272726962316,0.4263237109150803,0.1003490163886879,86.66666666666667,4.824699094073754,5.037113640515297
30,5,27,34.90559127847528,911.2873997527836,26.10720421500878,158.52964654718954,9.69365043122147,2.44341853289272,63.790826620967394,6.575564973367131,0.51878040606046,0.391937695171821,0.089281898767719,93.33333333333334,4.611862352846218,4.789672833987322
30,5,28,25.21835386105821,496.31891372818313,19.68086087072444,84.41329804496365,6.951169574271874,1.9603661443203215,38.58169334204676,6.52608109783875,0.5707889591484916,0.3168887111839845,0.1123223296675238,61.66666666666667,4.708141010123899,4.681555255561039
30,5,29,25.78755849087578,472.0498769009467,18.3053342202973,97.20601939547844,7.75953895290325,2.150621944175889,39.36785346964522,6.483818855746133,0.5675247081184821,0.3322355998347266,0.1002396920467912,66.66666666666667,4.724000947184072,4.7472787374085605
30,5,30,28.89235197520514,636.3030688487428,22.023235401354857,84.98743248621025,6.8918547479248256,2.071845729967748,45.6287462263716,6.293528923960022,0.5984012043785789,0.3252113809593839,0.0763874146620372,41.66666666666667,4.372692009076414,4.6699312243481055
30,5,31,40.55750922981782,1193.6468708524535,29.43097082438401,236.8450960518001,12.086416152125498,2.791404539882766,82.15374557234276,6.314657366344641,0.5497525348489842,0.4003736804917115,0.0498737846593042,108.33333333333334,4.493838896032631,4.799320329847076
30,5,32,41.13861050194833,1138.0993531230272,27.66499255168394,198.1724644665153,11.198814035787038,2.825551288561069,78.16885535244293,6.229429732583749,0.5751608794473699,0.3774046809768753,0.0474344395757547,80.0,4.441431236293326,4.809822570406292
30,5,33,72.61083367542149,1746.313607700899,24.050317553260925,364.542158063257,17.33649883643281,4.466625474257451,107.42376104737636,6.364748482060284,0.4056148143816854,0.5675277098710846,0.02685747574723,36.66666666666667,4.4750190148432445,4.943744614032074
30,5,34,41.44051529497112,1151.9967614719897,27.79880397895985,202.8405123525452,11.248930146901255,2.7782069992915512,77.23083178628008,6.612048901125149,0.483809754977469,0.4378028695279621,0.0783873754945689,40.0,4.657557433670908,4.860463695862316
30,5,35,54.42459892716565,1276.92410831893,23.46226032878604,187.6473474660659,11.468550469391577,3.287410257293045,77.13007526413094,6.618322362146999,0.450838527270112,0.4802503835129097,0.0689110892169782,156.66666666666669,4.521034316304115,4.912033225591508
30,5,36,77.06246280738296,2048.026099420275,26.57618281081025,267.64680559980394,14.193417428799863,4.396321069559569,116.83743243963193,6.395562571569995,0.4485969927160221,0.5228729633391728,0.028530043944805,65.0,4.500616995755365,4.929992311610033
30,5,37,46.99880815815857,1220.9298173069594,25.977888911530133,256.33250988832583,13.390466613425543,3.2779862871250387,85.15516362045337,6.3938851133255294,0.5316033345844124,0.4120628303811273,0.0563338350344602,176.66666666666669,4.688850769400495,4.960018285047413
30,5,38,47.56805534741551,1273.0837778533669,26.763418612666424,214.57243433418645,11.939558963463965,3.027049316301432,81.01418801336092,6.564207573885028,0.4617312914044604,0.4758843168681879,0.0623843917273516,93.33333333333334,4.380472708162434,4.841850533457862
30,5,39,51.779529076785344,1287.374802768915,24.862620918390935,198.1210096544607,11.694077254044794,3.1355340891519305,77.95759543527666,6.259234411409788,0.5609237581001241,0.3905408284757739,0.0485354134241018,86.66666666666667,4.533880500450898,4.907282416663713
30,5,40,38.03105793952065,1013.1835599442884,26.640951234002376,163.0488165598004,9.847520693817774,2.5212074215143843,67.16736396736958,6.273971398176373,0.5785517757905039,0.3617409030730025,0.0597073211364936,23.333333333333336,4.428034704838519,4.738547893234416
30,5,41,76.77291211469743,1724.3399174795247,22.46026456445198,213.8674646093336,13.459162218306668,4.582307600927131,102.9198410325226,6.403971087684597,0.4336637773064556,0.5444600455405415,0.0218761771530028,66.66666666666667,4.4092833103113405,4.911181940105682
30,5,42,101.86181825061264,1853.9346601290556,18.200486619704584,206.61570181338425,13.715666873852276,5.610494793140517,102.11373541247622,6.012203664586826,0.5145746408427753,0.4704602203956273,0.0149651387615976,41.66666666666667,4.050646126668122,4.808671752215723
30,5,43,25.946171268520505,446.8959839258599,17.223966468920278,60.61474799821426,5.865781901134337,1.8945032301485052,32.63086011133901,6.204142034943372,0.6318427837941986,0.2896733891439098,0.0784838270618916,33.333333333333336,4.350340076921419,4.59683448085223
30,5,44,103.99161879628592,1980.9243454531213,19.04888459649472,210.33446971114327,13.629612381181389,5.668388009876395,107.9764690482898,6.134604644602812,0.4758392345201088,0.5031881567996208,0.0209726086802704,41.66666666666667,4.184336622646098,4.854580952033078
30,5,45,23.25010930701721,386.9287467423478,16.642018393675563,58.64732264176476,5.7919221423745215,1.923666605516649,32.0136950323075,6.155513932155672,0.6446304208519059,0.275979340457097,0.0793902386909971,93.33333333333334,4.249292157925712,4.57051557045698
30,5,46,37.64344878118247,1062.1427351277875,28.21587207117804,224.07779842743383,11.79275184545109,2.645535354601446,74.64608712521304,6.813491992353218,0.432006154967744,0.4635321155638403,0.1044617294684156,40.0,4.568943155673078,4.882585052763607
30,5,47,38.83246144245161,1156.2278057106053,29.77477509181579,231.1327318766306,11.730362785065186,2.6477498477359465,78.83615621572731,6.365768896026858,0.5474801602554697,0.3932971766041975,0.0592226631403325,68.33333333333334,4.606236164784661,4.802974563319924
30,5,48,27.101094614820585,597.7923071693989,22.057865767624328,90.8210830559318,7.1827561501462815,2.097901616804108,46.27523225714707,6.268896766667801,0.6050483304930409,0.3167013292221339,0.0782503402848251,33.333333333333336,4.435822734505432,4.666326125059995
30,5,49,33.60999172995919,891.7632601926322,26.532683118685043,143.37067429651202,8.921153217937658,2.3696612421114183,62.87347083557186,6.1889483661043245,0.6028675284725968,0.3388451080901353,0.0582873634372678,58.333333333333336,4.431611415502919,4.715543564446893
30,10,0,10.351119340370406,134.38957674792312,12.983096062257756,25.573817508471567,3.0910927587036423,1.4499222437825598,18.82447977383328,5.769109966986516,0.7144495337231246,0.1860318053673372,0.0995186609095381,106.66666666666669,4.230349493054782,4.150541155170425
30,10,1,8.991992184044467,114.89698874807138,12.777701136345115,29.092050398387617,3.192306554464557,1.47746650576746,18.87862544965672,5.830524527212463,0.6669630097496011,0.1949204642818928,0.1381165259685061,106.66666666666669,4.514501893589398,4.066085988140072
30,10,2,9.342036592835742,100.92214267191076,10.803012990690522,15.560677858194564,2.2295118904862834,1.3679184886507871,14.7776412031002,5.1316977443263365,0.7687407572637303,0.151347630740618,0.0799116119956516,106.66666666666669,3.8297930199580046,3.9075822985894617
30,10,3,8.764647579841553,103.06548511375712,11.75922753024376,15.86040433071345,2.1266551473536897,1.351286144081189,15.890081226716454,5.007309730153804,0.7592743860316346,0.14933350779368,0.0913921061746853,106.66666666666669,3.877272650428782,3.806744296700985
30,10,4,9.517636923105895,114.42049762978816,12.021943950394911,21.35966492533328,2.701890273978913,1.4091616745760824,16.940862668798296,5.4436229960168765,0.7379573928378362,0.1668102332954372,0.0952323738667266,106.66666666666669,4.0693756515644175,3.989761680828423
30,10,5,9.272286935902327,112.569634518599,12.140439062851794,21.9864456585888,2.789212939202472,1.4241428498945268,17.289719485940594,5.39849304480263,0.7064787917680333,0.1864896527506052,0.1070315554813615,106.66666666666669,4.183826521472236,3.9318879242659497
30,10,6,8.717891376550346,99.08771224577728,11.366018222285549,13.806154011978874,1.9808985045835128,1.342782458743035,15.262089894638727,4.914926740380524,0.7662088433484728,0.1496611941882316,0.0841299624632955,106.66666666666669,3.7873274898732663,3.803621034081844
30,10,7,10.24371914060419,123.21834926147336,12.028673138163152,20.009754063968973,2.664834509694987,1.407819831480286,16.934204590300297,5.580112417829049,0.7437822880657239,0.1692356714769456,0.0869820404573305,106.66666666666669,4.048222109300292,4.104114693106064
30,10,8,8.721262786700082,91.45480264631615,10.486417492864067,10.857159588149177,1.6682397028979932,1.3087127318740115,13.723708084657558,4.749742102516744,0.8020920707812875,0.127384804324086,0.0705231248946263,106.66666666666669,3.567334560157021,3.789205080598079
30,10,9,10.586057187708622,133.65961320348143,12.62600520982188,21.40041311164044,2.7410585979434665,1.403820394257599,17.724643611550654,5.67227863519908,0.7376951340384569,0.1710613280971213,0.0912435378644217,106.66666666666669,4.113604666843317,4.126665614884063
30,10,10,8.752070105059207,100.01630305770776,11.427731023302991,15.36566201526322,2.1663081091794045,1.372551806034812,15.685152854914572,5.078812927423758,0.7445300620526594,0.1647104955525143,0.0907594423948262,106.66666666666669,3.918135804692814,3.862864721831313
30,10,11,8.752685623240758,102.76314926438828,11.740756344718266,19.40992359927282,2.3929313340611094,1.3915547989112729,16.337905834340674,5.421065064779879,0.7288205369746471,0.1619307286934323,0.1092487343319206,106.66666666666669,4.132848114467032,3.964390473409469
30,10,12,9.128483343712002,105.69465180349324,11.578555585172774,17.312059813722303,2.2745048778841985,1.3562617811713968,15.703552421338452,5.086575868116455,0.765492553229959,0.1464263729370422,0.0880810738329987,106.66666666666669,3.875418905996317,3.836428769546075
30,10,13,8.627242087402184,99.8962573222914,11.579164733091654,16.08891406810284,2.113510553803387,1.3588592731673272,15.734455373093674,5.15432686282486,0.755410412067226,0.1491197145209019,0.0954698734118719,106.66666666666669,3.9277928428372784,3.8792683023860928
30,10,14,8.815117256734297,101.82629102203607,11.551325757379576,19.53367267375804,2.402911048578126,1.3893556732621957,16.048899974715045,5.496901455679511,0.7238987733695148,0.164825243276612,0.1112759833538732,106.66666666666669,4.154989703604056,4.0020712056070815
30,10,15,9.385069151802286,115.66431049002576,12.324289636993658,25.118555021823035,3.043131781837321,1.4594844680827608,17.98710930534557,5.531772714852456,0.6852507969077415,0.1972268135831963,0.1175223895090621,106.66666666666669,4.323355594623716,3.972510937395868
30,10,16,8.932279243548049,110.77222076011894,12.40133875574163,22.38207283256536,2.7838831198463216,1.4358132056253563,17.806005952927357,5.453945397240696,0.6950816741425132,0.1912766669056986,0.1136416589517881,106.66666666666669,4.246508612681818,3.950555096844543
30,10,17,9.307519577692666,116.691824607769,12.537370846626455,26.072260714341585,3.1349246316863795,1.4696910065999964,18.42606117969588,5.590335029090859,0.6731306707208312,0.2056019471574992,0.1212673821216694,106.66666666666669,4.373276239568058,3.988249402678952
30,10,18,8.857736934619263,109.30706910405972,12.340293001573333,23.518360499757144,2.730792036158122,1.4257304717370998,17.59393176250718,5.538944592721004,0.7087864651314233,0.1713726740620701,0.1198408608065065,106.66666666666669,4.278564487725406,3.974578054718672
30,10,19,9.24165202930502,121.45044183563576,13.141637604458577,33.897187984482805,3.621553037544617,1.5283952793907056,20.08561687811787,5.942131831493075,0.6395851605563733,0.2141372287660907,0.146277610677536,106.66666666666669,4.639023674643245,4.0908523673550885
30,10,20,8.77723233956162,101.00055866196476,11.507107793731851,14.50466350540546,1.9967641864020065,1.3337497515120962,15.347602160512762,4.919949860513212,0.7754531830450271,0.1404454574030471,0.0841013595519257,106.66666666666669,3.771689913671944,3.797628620581524
30,10,21,11.208462934014111,139.35330932350178,12.43286525047149,25.094514925880883,3.0663660966625077,1.4280248967330622,17.754441115400628,5.901637811374138,0.7002588092614274,0.1982338745840675,0.1015073161545049,80.0,4.273958809814121,4.201786406253939
30,10,22,9.149135735706649,111.28747901443536,12.163714937588027,20.617701645314668,2.5828266032764104,1.3907466877496015,16.916646260180897,5.274218299894271,0.7346034744825156,0.1644875970895127,0.1009089284279716,106.66666666666669,4.061899479995433,3.8783571159697914
30,10,23,10.17639019992819,130.7615450772822,12.84950188704487,23.410238773015077,2.874181912884968,1.42314349338906,18.286685003838357,5.65749637937557,0.7352907986413492,0.1693452614570173,0.0953639399016335,106.66666666666669,4.142856554611712,4.10078330912835
30,10,24,9.21753085607657,105.82301980098542,11.480625500832751,18.42945163746764,2.4398087184267485,1.3815650664650734,15.861231133118618,5.243495529446892,0.7497934272961614,0.1601053372050496,0.0901012354987888,106.66666666666669,3.956931249136433,3.909968889063197
30,10,25,8.853898108632135,109.95053838142924,12.418319821665063,21.75569462229561,2.6824999066566444,1.420790855021243,17.643835237350753,5.407168084921131,0.706374833138727,0.1810934425152738,0.1125317243459992,106.66666666666669,4.206293586666786,3.928353339469616
30,10,26,9.161585416565702,101.9416851743132,11.12707905227684,15.878623736021932,2.2189971900274785,1.3617146184657454,15.151906206309343,5.084896815944944,0.7646822898532603,0.1519203610485206,0.083397349098219,106.66666666666669,3.8440137517249,3.8661875895163407
30,10,27,8.683011691488367,96.60400293713322,11.125633175391268,12.936497560915596,1.871054932071563,1.3298899291364756,14.795867515219514,4.8710388443889165,0.7794764314127376,0.1398216470694399,0.0807019215178224,106.66666666666669,3.7199303768350416,3.7979719966134473
30,10,28,12.386850400431785,217.2542735914945,17.53910530669858,38.99788731297676,3.852334697126281,1.5022227181242482,26.347642447296163,5.835697256258388,0.6997379920981421,0.2120146092240629,0.0882473986777949,106.66666666666669,4.201271985707337,4.417771509505857
30,10,29,8.810873511414668,108.7932725690464,12.347614845236684,19.136603294123653,2.4326543324158383,1.3827597576068018,17.073784910421622,5.200628223918495,0.7313771819193854,0.1657688345676143,0.1028539835130002,106.66666666666669,4.052790803144472,3.8517890408318944
30,10,30,8.7507913599584,105.79528029415052,12.089795761586236,17.051530823303008,2.270247369005868,1.3665934823163692,16.521836090319816,5.087091291258676,0.7407024454083236,0.1633449880591306,0.0959525665325456,106.66666666666669,3.956910165699199,3.8259185925458015
30,10,31,9.074146781929574,100.61557374559486,11.088158056464614,14.570344750808616,2.087679954708155,1.3463534141566849,14.928579456030084,4.966709140159437,0.7728934682030432,0.1473161535191852,0.0797903782777716,106.66666666666669,3.770762268275,3.827574618083958
30,10,32,9.286894110722928,105.35949415227486,11.34496559303111,15.006097352234884,2.080827084141236,1.3356398273807268,15.152787886316355,4.99599160836528,0.7895330079256903,0.1346642637972644,0.0758027282770451,106.66666666666669,3.7227254578945055,3.854610063328425
30,10,33,8.625543919169061,93.95747156029742,10.892932949015554,12.370252400934431,1.8039091368225424,1.32689259043005,14.45375201810009,4.888199807337382,0.783541082248105,0.1372675569321907,0.0791913608197041,106.66666666666669,3.697912456879127,3.820150339220159
30,10,34,8.736313373536618,101.18590294708002,11.582219938857133,18.72773058641539,2.384149653673404,1.3977327720614792,16.188848381764515,5.415639134002022,0.723927520624233,0.1687554522375573,0.1073170271382095,106.66666666666669,4.12749732205615,3.9783854449082297
30,10,35,8.769910577935274,109.58206817887398,12.495232101291643,20.512273464707476,2.512907287568565,1.3923974344300458,17.398329120446434,5.288692931279169,0.7269114947278876,0.1650201854688085,0.1080683198033038,106.66666666666669,4.113166667538282,3.87798358913716
30,10,36,10.617841085252632,122.437056085484,11.531257164466297,16.282764443031116,2.3765373663587157,1.3701128273347098,15.799123356330544,5.467146258294817,0.7565688246541199,0.1652433701794767,0.0781878051664033,106.66666666666669,3.955183062973503,4.0999906448628245
30,10,37,8.949766747407013,109.999781263819,12.290798673126186,25.52193199558057,2.925241605649127,1.452721821420255,17.85511143513353,5.715707339805028,0.6853504455597993,0.1862872799101283,0.1283622745300723,106.66666666666669,4.402169767149216,4.048905356756448
30,10,38,8.770100161470308,105.86736872445128,12.071397905984986,18.487184536776272,2.35428381886745,1.380533868043545,16.664973643842202,5.199396233965869,0.7391470704480082,0.1593747248532646,0.1014782046987271,106.66666666666669,4.030246428332442,3.864679987530339
30,10,39,8.640697290744983,105.28981587728124,12.185337865042063,20.314048389084245,2.4479890678630483,1.388986305129241,16.925267417916213,5.44224545454063,0.72145190971469,0.1663177702729121,0.1122303200123978,106.66666666666669,4.146717446665535,3.954636155023759
30,10,40,8.864799594838772,106.58295184712458,12.023165409083685,19.351694833932072,2.5385737002525297,1.4097008863870188,16.949066934363014,5.302517252572868,0.7127798367847622,0.1830579813396919,0.1041621818755458,106.66666666666669,4.119306375378681,3.911712375029495
30,10,41,8.830619893307487,109.4180334074943,12.390753393249277,21.49064550361225,2.630191019289396,1.4129402172118886,17.507393790876577,5.383341866951064,0.7138738961420378,0.1742849955798667,0.1118411082780954,106.66666666666669,4.183511921321305,3.918423661324326
30,10,42,8.7665593400002,110.63489803852192,12.620104849312456,21.68396081493201,2.58032707306434,1.3977264059055128,17.63945379318023,5.345404009249342,0.7237734529840819,0.1643318779133938,0.1118946691025244,106.66666666666669,4.156566606480985,3.888078521351824
30,10,43,8.656036854713067,97.45976864726828,11.259167478498323,14.847985375644235,2.0404919286934518,1.3580683247085543,15.29071871513726,5.088431395548582,0.7601038997562771,0.1493896252519786,0.0905064749917442,106.66666666666669,3.881121882361116,3.8741315992937375
30,10,44,9.39130717490128,112.84201220475492,12.01558101584949,22.51264202291993,2.828358033151136,1.4334610179834135,17.22386699464179,5.403171893743732,0.705464319407433,0.1858379436037325,0.1086977369888344,106.66666666666669,4.20838616257345,3.936398511066069
30,10,45,8.687049758717935,105.8262831048757,12.182074011798214,18.753670102090087,2.339949159981157,1.3770533991041305,16.775366426084823,5.234722292835325,0.7405487026674169,0.1560275954086227,0.1034237019239603,106.66666666666669,4.039805859089269,3.876471381640193
30,10,46,8.693304534648465,91.69686713676458,10.54798745072061,11.302727260522795,1.6849707068752418,1.3067448128165695,13.783527886883428,4.839678854793945,0.7929697915137646,0.1325261317639826,0.0745040767222527,106.66666666666669,3.6000213348637096,3.815198635111861
30,10,47,8.803007117447953,111.19705759529248,12.631712789927768,23.43699137011851,2.7321045903829853,1.420603455491446,17.944654838146878,5.48258965874616,0.708917865778238,0.1724370167350754,0.1186451174866865,106.66666666666669,4.254639708384732,3.941504518061127
30,10,48,9.275535310010785,107.82986516995022,11.62519052173441,26.26143387133445,2.947478599014949,1.4422779852720906,16.76675636409131,5.857163152325737,0.6847442256900328,0.1813524364976304,0.1339033378123367,106.66666666666669,4.466885230341978,4.117936004092975
30,10,49,9.31680992309537,105.79309062938658,11.355076630589714,16.71947661658228,2.275362825918232,1.36377205488144,15.485736189835553,5.175608511830669,0.772489410767029,0.1452951226852826,0.0822154665476883,106.66666666666669,3.848037794202007,3.909552430441355
30,15,0,6.249682458768829,64.5540270683691,10.329169120871793,12.200884067661072,1.1160376675992716,1.3729773822806506,14.181715580708683,5.375416599408954,0.6462161423820649,0.221109274748689,0.132674582869246,120.0,4.353645973709001,4.026064038137796
30,15,1,5.9958368654169005,60.46172417689311,10.083950836892742,9.730895852280288,0.8097448406533713,1.3268723476090538,13.380115520122157,5.111982659236343,0.6825926404347588,0.1999757655145447,0.1174315940506964,120.0,4.133938730944109,3.923419478511818
30,15,2,6.268823970324145,68.05494244572544,10.856094024635134,12.151864115052415,1.180535285698946,1.360705590761678,14.771947833155473,5.166325525200929,0.6730729585343427,0.2022284689259187,0.1246985725397386,120.0,4.223996199833118,3.884443920931307
30,15,3,6.205823694275479,58.9378320092716,9.49718118219156,11.25725342934785,0.941712596743369,1.3536374343844957,12.855739969346494,5.507720263428835,0.6269173144370488,0.2366403967112584,0.1364422888516929,120.0,4.428093418059872,4.142512383525946
30,15,4,6.423029128553671,67.80766938056524,10.556961213070831,16.243770680169337,1.35826792412937,1.4071878149780503,14.85562718222917,5.806177055378025,0.5906693810486985,0.2464202323216404,0.162910386629661,120.0,4.692537517543307,4.203777828509293
30,15,5,6.008837338374336,55.2355264630304,9.19238171256174,8.09854146736942,0.5477143337708269,1.2934029682628998,11.88945379243295,5.074071503315816,0.6973165311753485,0.1935620333680654,0.109121435456586,120.0,4.05393316479198,3.972826721327792
30,15,6,6.099714135210228,60.60442606992043,9.935617428378336,7.55081261942736,0.7433899713708086,1.2890424755919656,12.80743288641149,4.578392477758349,0.7420246304300139,0.1662267863980799,0.0917485831719061,120.0,3.765420741285376,3.684549803966151
30,15,7,6.738137386232181,66.99706255429271,9.942964756282002,17.543637923745035,1.5178199689166625,1.4253830530216436,14.172533460395844,5.990593759385325,0.5610380304887718,0.2665938478689868,0.1723681216422415,120.0,4.8326361063731325,4.315150790588293
30,15,8,6.096813367954992,59.10732015377919,9.694789160588185,9.77493948963758,0.7435971820312067,1.320742398357604,12.804319087526538,5.230333150396454,0.6757066271087084,0.2035350063153078,0.1207583665759837,120.0,4.199989504934356,4.008361384261637
30,15,9,6.258975948919215,69.96840018824136,11.178889447613765,13.476995408417686,1.295887321177592,1.3751852697921436,15.373044100993283,5.276575488252178,0.6574088648312265,0.2093115075520599,0.1332796276167135,120.0,4.320143480814555,3.91057039918692
30,15,10,6.789529721596331,68.09351621960012,10.029194806085952,18.47577275511573,1.6231714461420588,1.4418312078783806,14.460406061306488,6.033304852775599,0.5531445486004016,0.2703186699889837,0.1765367814106146,120.0,4.870815876640464,4.325919839824172
30,15,11,6.138390685519627,59.78814608560725,9.740035971748524,10.123758328106122,0.908760241246355,1.348250019925079,13.132003692980936,5.259380297935928,0.6584739497608855,0.2189967020161951,0.1225293482229194,120.0,4.242598458771647,4.016824749205531
30,15,12,6.3777505594603365,62.00998292379853,9.722861116262534,13.251705707949489,1.065502241383263,1.363699563498939,13.259061460208024,5.679047004921093,0.611079007364311,0.239716276834077,0.1492047158016121,120.0,4.568409438292004,4.198612689944652
30,15,13,6.356053050293861,64.60823316503125,10.16483541811285,14.063847957605692,1.1786210299752151,1.3825412158070476,14.053303917436278,5.682395871251257,0.6080928126127642,0.2404383098515798,0.151468877535656,120.0,4.583168411987178,4.179098545145782
30,15,14,6.097225793722998,63.08393716504928,10.346334431306978,10.113548757938352,0.9430067104024736,1.3354696623443711,13.817215749479471,5.050926104927599,0.6865503839673055,0.1972918988415405,0.1161577171911539,120.0,4.116526627862566,3.8702332745206176
30,15,15,6.544179081455256,58.99628727205144,9.015078367771714,12.779597544360138,1.037732736253424,1.351536542610839,12.184207848543949,5.744579761897027,0.5988605095442348,0.2508684327897267,0.1502710576660383,120.0,4.611498969711533,4.261526014557488
30,15,16,6.177129115733013,64.63917384982226,10.46427436415206,12.230205553514082,1.0695574391638014,1.3643407694938523,14.276836138182016,5.3699286714285845,0.649688629292374,0.2163333903192922,0.1339779803883337,120.0,4.350051962707724,4.011231418551135
30,15,17,6.13222130119796,62.35720853459116,10.16877987139984,11.567284118107963,1.0305675531237095,1.3628243183730575,13.858260496926157,5.367606314784921,0.6444103418789995,0.2235943410819706,0.1319953170390299,120.0,4.341378950052706,4.0312744222493215
30,15,18,6.599527983089438,66.89072594107733,10.135683356821492,16.32061075887154,1.309713009682551,1.3918445348465502,14.107295487127132,5.836057480850645,0.5966720491095099,0.2410305926564987,0.1622973582339915,120.0,4.700038757480332,4.230211050716129
30,15,19,7.062867609094681,62.03127305743055,8.782731956854805,15.76736390325106,1.4089005250250188,1.3906412818274485,12.213629626427462,5.984028243814083,0.561657210256585,0.2720911020823172,0.1662516876610977,120.0,4.810162157130737,4.349579395134817
30,15,20,6.7342251561897655,63.87159724249136,9.484624550128643,16.308626936464375,1.4013226256736278,1.4048534845859284,13.32450784923747,5.963808552431873,0.5628720794372186,0.2683727712001203,0.168755149362661,120.0,4.804907817075051,4.3248155432810425
30,15,21,6.132072546659118,64.85523967753541,10.576397977037944,12.153644915666042,1.0396917857477528,1.359476411697038,14.378363570503357,5.355951636674045,0.6518599990660692,0.214553266671875,0.1335867342620558,120.0,4.339030086736758,4.001587548095223
30,15,22,5.941458345914301,56.243182389850325,9.466225144627408,6.545020694971816,0.5446448364308627,1.2737660109339737,12.057755841074927,4.531659368369756,0.7522691304009853,0.160985254075708,0.0867456155233066,120.0,3.6877014145156135,3.70469253073128
30,15,23,6.541910704848654,61.960797227798224,9.471360894894952,14.249262994694469,1.1894116891881816,1.3780619305869706,13.052121880104878,5.8113007220713895,0.5877533798707936,0.2547724753564628,0.1574741447727437,120.0,4.674932571265317,4.267278528877001
30,15,24,5.958549018514918,59.23341728846823,9.940912981400848,8.636110404475788,0.7227804069397422,1.3099531344389992,13.022130119171376,4.938584653408841,0.7041918487304697,0.1880707236112365,0.1077374276582937,120.0,3.99983312274421,3.854234737860225
30,15,25,6.537380296678596,63.83272898409488,9.764267349801564,14.4721028912889,1.1652262153408723,1.3737007929269982,13.413181800773607,5.756126438388148,0.6046992602106119,0.2406384339216456,0.1546623058677423,120.0,4.628177727608975,4.223053501750044
30,15,26,6.152758389938225,66.54326306838995,10.815191959627404,10.45023979718412,1.0344827170709123,1.3276719693736585,14.35902720819267,4.9044737680390735,0.70249147744877,0.1850082938681303,0.1125002286830996,120.0,4.038753190282758,3.767288666812145
30,15,27,5.95653575254253,59.10000101212683,9.921874637770816,8.893082018831562,0.7023547440675274,1.3105655515536832,13.00326710709661,5.005128107981706,0.699826635832391,0.1893549048395592,0.1108184593280497,120.0,4.038918623768828,3.8855626524987934
30,15,28,6.568169584883783,71.4450727291199,10.877470778700069,19.14732362554888,1.6278372800700396,1.4443963362570509,15.711378940497504,5.974068214649143,0.5647132108980227,0.2579473566074682,0.1773394324945089,120.0,4.837609069487699,4.257256873028302
30,15,29,6.188553457571951,58.267133201178936,9.415307405947456,10.697558383179846,0.8240064741557835,1.333345129432507,12.553854271829856,5.465767730428708,0.6388247047344418,0.227162936727411,0.1340123585381471,120.0,4.386283536333415,4.1298850072547415
30,15,30,5.930446627537503,57.80415721076093,9.747015838967751,8.78017852601076,0.7434502236119596,1.318740886470301,12.853788307920397,5.043018729438472,0.6870838180843928,0.2010328761338118,0.1118833057817954,120.0,4.078921736528702,3.9093647964987577
30,15,31,7.143579902740054,67.91511232343343,9.50715373077626,19.656117476826672,1.6655824597147777,1.428040716935531,13.57660262971404,6.15588570730359,0.5399005415224224,0.2747858464602584,0.1853136120173191,120.0,4.963773835995046,4.3785190331162624
30,15,32,6.714464780526147,60.68371166850648,9.037758578242371,13.92598253355794,1.2659246957315275,1.388711396761746,12.550838338786418,5.827315776176771,0.5803725584172791,0.2656787141995719,0.1539487273831491,120.0,4.681922557629484,4.300945760551625
30,15,33,6.47945324673715,70.17171003515627,10.829881374712064,17.22344859927975,1.567555394663022,1.4397820970310369,15.592669316280302,5.817219236672208,0.5818584272492414,0.2538997380230709,0.1642418347276877,120.0,4.717532320269705,4.192793563260961
30,15,34,6.192794986861131,67.11473902511864,10.837552214712714,11.986124221856151,1.0884787924792496,1.3524084559337712,14.656797256801244,5.177312710295444,0.6764288234476433,0.1984545298353539,0.1251166467170028,120.0,4.219299287020522,3.89507326487876
30,15,35,6.397868037209102,70.34116628079302,10.994469700171788,16.30146392392334,1.5751739726775569,1.435892525716567,15.786876866693932,5.67672774988525,0.5957452749329694,0.2491145991349752,0.1551401259320555,120.0,4.621672145522816,4.114981899551687
30,15,36,6.429516957914552,66.3417689014604,10.318313076349472,14.707437827713944,1.243804918552206,1.3924859332774049,14.368105813968944,5.667110235339804,0.6137909143214862,0.2351235026667362,0.1510855830117776,120.0,4.573587581137255,4.155613095423617
30,15,37,5.95644509085168,54.93782694904064,9.223257515362302,7.374473160230062,0.5697170446005833,1.2945104789138857,11.93960350335775,4.8750958478256345,0.7145282023671351,0.1856875956550627,0.0997842019778021,120.0,3.91709265514936,3.8781596883872713
30,15,38,6.135393971519151,67.44219940164545,10.992317643286803,13.081719275913889,1.187198722719469,1.3705003406336422,15.064975074477758,5.342277291658343,0.648906071866527,0.2146530731538108,0.1364408549796621,120.0,4.355801557870056,3.955711453259655
30,15,39,6.786402410604217,66.91970918151576,9.86085191130858,17.45319535224379,1.3897528550137168,1.3964708951071254,13.770392695103904,5.963017069968962,0.5787610159759542,0.2502180267216463,0.1710209573023994,120.0,4.800064419532088,4.289222625444044
30,15,40,6.290125902194043,69.42083192496565,11.03647733040624,14.60581264444937,1.260777230687406,1.3858398829409884,15.294790451651057,5.49656171601979,0.6374394739062067,0.2181939789301669,0.1443665471636262,120.0,4.46090678243774,4.029701391905222
30,15,41,6.2911364549135085,59.59671694109742,9.473124191186656,11.444869855165072,0.868012917944034,1.3341181136133462,12.6382665759709,5.523339461451198,0.6367738534460298,0.2254124844846845,0.1378136620692858,120.0,4.4286919201257335,4.149008319883228
30,15,42,6.3961077698424615,61.0319159552121,9.542039964207069,12.778892469064056,0.9484787263514028,1.342312334907794,12.808397944138273,5.645852132416146,0.6241566012116534,0.2289417801158707,0.1469016186724759,120.0,4.527685166054218,4.1837500911594425
30,15,43,6.227113748624782,64.18993549712616,10.308136014265372,13.349539325213655,1.0036447241812063,1.3554127453083753,13.971778934107562,5.565156069356945,0.6343920821503521,0.2200931121029198,0.145514805746728,120.0,4.481314018202754,4.107420787996844
30,15,44,6.596837394412065,67.6390050461954,10.25324727626148,17.205301874319957,1.503191799163469,1.4287852291657448,14.64968825930631,5.927308487943976,0.5678061496343633,0.2627791941119379,0.1694146562536987,120.0,4.788622916060795,4.278504304376556
30,15,45,6.208975254472208,59.45510298457229,9.57567079072314,11.07199578397428,0.8431792286170571,1.3344129048769688,12.777898675994404,5.457308694667529,0.6442388347151156,0.2216517097545987,0.1341094555302856,120.0,4.37907840262852,4.115422326296208
30,15,46,6.454791186481193,61.9751448710518,9.601417471234624,13.56188586638617,1.202848435870339,1.3884130334332072,13.330733156495455,5.720157739759292,0.595272521978133,0.2545897272498927,0.1501377507719744,120.0,4.606100545292995,4.232239122641751
30,15,47,6.233224057950149,59.73869406266943,9.583915724395608,11.47548322801256,0.9531021381585644,1.3533432615170895,12.970327764558473,5.513829878102678,0.6278858055524991,0.2349468477771661,0.1371673466703347,120.0,4.43347809910095,4.142089926922528
30,15,48,6.146956077752285,64.72146148919295,10.529026183128218,10.188077799774678,1.011535582999149,1.3343408481655576,14.049309727552671,4.9600588922649615,0.6942410285583549,0.1926694767001506,0.1130894947414943,120.0,4.066627050064798,3.813081600709264
30,15,49,6.621156313270169,59.583363530377,8.998936244860976,12.531157365885596,1.0104836407455062,1.347044822627952,12.121970477799003,5.673636555440274,0.6174251396681475,0.2378760852305503,0.144698775101302,120.0,4.545656803345056,4.22750474283737
30,20,0,9.512605838436514,65.83532113890617,6.92085031767981,6.393284784862275,1.3369892245103587,1.2306166505114189,8.516913636634017,4.132543545727898,0.697007525830394,0.2152057259988078,0.087786748170798,106.66666666666669,3.73887347427806,3.344925587858251
30,20,1,8.79175680627153,64.41948270966799,7.327259400955547,7.35576495136499,1.3666376618017162,1.2440846369534486,9.115730851701525,4.3206375608990095,0.6868702056093513,0.2132763779395085,0.0998534164511401,106.66666666666669,3.897068104226921,3.379079743803665
30,20,2,8.203433837854943,47.55674441388394,5.797175348014901,3.9966928339829786,0.8658539475317197,1.1903991598419936,6.900952663733654,3.7380626650470528,0.7554023945691285,0.1759919685165629,0.0686056369143085,106.66666666666669,3.4031826374402616,3.250206759130476
30,20,3,6.762801390559025,50.57085850593442,7.477797377952296,6.709147102977923,0.8995358048187257,1.24165814773813,9.284868041469291,4.376995632701622,0.7007855508787636,0.1931636029446843,0.1060508461765521,106.66666666666669,3.950552345524158,3.395372395601626
30,20,4,6.828152938776677,46.95744394855201,6.877034590406355,5.176092358178423,0.7560764904512721,1.215975786877012,8.362307547449797,4.0969851776811606,0.7300939953972131,0.179533563972712,0.0903724406300747,106.66666666666669,3.7181348353121386,3.327134198255175
30,20,5,6.227598055904427,48.01685213343729,7.710332571626422,6.231109102769044,0.6744568100216252,1.2454631283399444,9.602934925199213,4.389111796376171,0.6992000318349635,0.1945853009737645,0.1062146671912719,106.66666666666669,3.958575969820009,3.42222861009043
30,20,6,7.940333519664802,52.9515877192746,6.668685589608575,5.967276154332157,1.105755331692331,1.233131538063422,8.223366517975402,4.22861305384424,0.6999497560181827,0.2068820811216306,0.0931681628601867,106.66666666666669,3.8129807235753055,3.3824859023791483
30,20,7,5.823064691156239,50.27297446614476,8.633421940597136,7.576113696437525,0.5843820887973071,1.2714635185310148,10.977081037554496,4.6114749309694645,0.6785877810974836,0.2002946123221483,0.121117606580368,106.66666666666669,4.147001409089815,3.480526877522648
30,20,8,8.927646148419068,68.52903854547323,7.676047796496564,9.055355094842868,1.5992518171236043,1.278137266360893,9.811042747069676,4.601560503146016,0.64646463292867,0.2394214459175486,0.1141139211537814,106.66666666666669,4.124627519182655,3.4733734102289606
30,20,9,7.284483187440616,46.910043464227805,6.439721563927383,5.46842411610973,0.9174751053501352,1.2224134288611597,7.872002117871621,4.157779808588992,0.7156722573737183,0.1922347435562124,0.0920929990700691,106.66666666666669,3.7621399664346704,3.34978608314006
30,20,10,7.072629010889004,40.63948411265937,5.746022313639087,3.4843572660495523,0.6031423015353173,1.1831696837433994,6.798519403610875,3.6839143534171264,0.7710956834686201,0.1612304778724561,0.0676738386589237,106.66666666666669,3.361256163636801,3.238732119289394
30,20,11,6.732903076201543,44.109853430959525,6.5513869621668,4.631018119449183,0.6836676699049451,1.2121678012618666,7.941380329145389,4.041467486768387,0.7319745202520852,0.1822134319705803,0.0858120477773344,106.66666666666669,3.665338168431959,3.3316043472009027
30,20,12,7.171895123313683,47.665253983082486,6.64611698352044,6.008981770070522,0.9588457793840658,1.238239656669777,8.229485611861525,4.3138187334221545,0.6968310558660022,0.2048949254525553,0.0982740186814422,106.66666666666669,3.884991167287859,3.4094889332228013
30,20,13,8.354051016816245,61.01058942503377,7.303114297748818,7.718691563962856,1.3734438511396618,1.2621437771015092,9.217580264364727,4.486998330379901,0.6656495780559336,0.2276869285130448,0.1066634934310215,106.66666666666669,4.0253133759540765,3.4524311581577365
30,20,14,8.981032350666268,57.3005432648732,6.3801733506307095,5.429806100926542,1.1763197079148036,1.221060445150702,7.79057731165978,4.041787835496862,0.7093186289567442,0.2086458039845426,0.0820355670587132,106.66666666666669,3.657724348384695,3.3374675767933475
30,20,15,9.021046459582124,57.60442150003836,6.385558677491473,4.751195916997665,1.0516459454219491,1.1986353092168565,7.653956099917373,3.812082107869856,0.74348065865501,0.1842050932436017,0.0723142481013882,106.66666666666669,3.470267999420317,3.256125787988784
30,20,16,6.512456825262962,51.554090971553606,7.916227677942715,8.14978914644132,0.983153890148142,1.2777600089929515,10.115039148958338,4.691301663860704,0.658530470815078,0.2181455529487134,0.1233239762362086,106.66666666666669,4.204473030557188,3.5057085433128257
30,20,17,9.745610128307009,71.0344931176445,7.288870802590223,7.708088237033894,1.527109419755983,1.2531581538533154,9.134107878649298,4.336976330764515,0.6687574508522033,0.232868251681258,0.0983742974665387,106.66666666666669,3.909570447376378,3.402160119684896
30,20,18,7.460904671823453,57.072518596355145,7.649544003945377,7.928609152623753,1.1983968385408763,1.2551298994383848,9.60117139642146,4.4974188996140985,0.6823358600586023,0.2060844100503177,0.11157972989108,106.66666666666669,4.04543881122159,3.423841548623085
30,20,19,6.020975633708803,52.61463899593353,8.738557037395607,9.8853810540898,0.9127568569121152,1.3276788853478596,11.601997666958091,5.037592165353084,0.6117370118900853,0.2444682563453251,0.1437947317645895,106.66666666666669,4.481592329518615,3.651449169390068
30,20,20,7.382398920301421,41.81928475049022,5.664728390047872,3.6881657525789504,0.6926135808999063,1.1856678379321468,6.716486262700912,3.711837001393061,0.7657659396580093,0.1655362327893575,0.0686978275526331,106.66666666666669,3.384911540704329,3.2424619042387857
30,20,21,7.657645236424162,45.8683874813906,5.989881492970474,4.457298237700255,0.8553412225568015,1.200951385871284,7.193556480187645,3.900435213396324,0.7421788026018851,0.1800042289112171,0.0778169684868977,106.66666666666669,3.54478433634935,3.2855091451529264
30,20,22,6.628159973309256,46.64089340948463,7.036778472049781,5.206489812706244,0.7112524843446903,1.2190485309197088,8.578174458759719,4.130138688428366,0.7263243231203238,0.1811834492308557,0.0924922276488205,106.66666666666669,3.747577993579039,3.33743047205101
30,20,23,6.797269952025407,50.92672956609261,7.492232900198084,7.408489426470752,0.9873521933847226,1.2602427085912735,9.442031883542288,4.5357492317310175,0.6785701047255502,0.2085607096463974,0.1128691856280522,106.66666666666669,4.074128453959816,3.4595644228009386
30,20,24,6.486526329430542,54.39723154166801,8.386188350898685,9.412407522058905,1.0574881798884104,1.292898685903045,10.842491898612332,4.825629736851552,0.6482058001311805,0.2194365006827848,0.1323576991860345,106.66666666666669,4.314917721495771,3.536397517142032
30,20,25,6.829201384177643,53.66220558708483,7.857757088759026,8.238170183341433,1.0558744097354107,1.262657676523877,9.921657308381496,4.581079810738503,0.6797201341721135,0.2028096854508031,0.1174701803770834,106.66666666666669,4.118094135611191,3.446138460503672
30,20,26,6.428699953372077,44.62406150909954,6.94138190190268,4.647194533867865,0.5717597778319595,1.211261312239442,8.407827351253752,4.028491391570706,0.7407705453232899,0.1730551054332995,0.0861743492434105,106.66666666666669,3.6563752331630903,3.3219580077620394
30,20,27,7.52172291590838,46.67427132925568,6.205263322122646,4.523686449694267,0.8223571270435693,1.1991060181663955,7.440768593864466,3.8874990693107865,0.7488542419590435,0.173131666206941,0.0780140918340153,106.66666666666669,3.5362997952168707,3.2732552418737253
30,20,28,7.955400625615145,54.15591891874577,6.807440815032267,5.616240320463612,1.0294965152975304,1.2155278073101932,8.274633607290086,4.071594147546254,0.7264764632151821,0.1864412064162979,0.0870823303685198,106.66666666666669,3.690070334546761,3.312346685158581
30,20,29,7.810945823004932,47.79893718167178,6.119481336164633,4.430646863857665,0.8631161096692687,1.197840815599594,7.3301645147579375,3.858705618283031,0.748217730336581,0.1761422197609289,0.07564004990249,106.66666666666669,3.5078329738669902,3.271806052498325
30,20,30,7.1683332309955325,52.92127902448564,7.382647725646533,8.596981756224638,1.2530758981684391,1.2880392839283328,9.509140290036894,4.753445739429175,0.6402626056682059,0.2361936931385073,0.1235437011932868,106.66666666666669,4.24504232413436,3.541624467645668
30,20,31,8.049641389207176,56.4543339180676,7.013273161927514,6.439485603516745,1.1637800310557491,1.2377480824139055,8.680665407620689,4.279434004536994,0.6964467077214929,0.2075823766354686,0.0959709156430385,106.66666666666669,3.854435899538445,3.3898941879264863
30,20,32,7.594208181353585,44.68260474869414,5.883774013254658,4.047102723843744,0.7728173254907341,1.189702901186905,6.999943013497186,3.773873788442743,0.7598405643825915,0.1679019461706219,0.0722574894467864,106.66666666666669,3.439152594576576,3.2471277895348223
30,20,33,7.325019831803732,46.04264516023758,6.285668328204365,4.133193197419448,0.7102091525402052,1.1837075010537792,7.440392749231675,3.7172645071923167,0.7750989845016123,0.1527157723040837,0.0721852431943039,106.66666666666669,3.4050904760937977,3.20536054719583
30,20,34,6.101531126400582,47.79110248491288,7.832640937964997,6.709587535634121,0.6789514836828536,1.2638711176692128,9.899448656567452,4.543352672690528,0.6767337386217018,0.2098630691013156,0.1134031922769825,106.66666666666669,4.080961977687664,3.486417124104173
30,20,35,7.280460177487946,43.67666029051147,5.9991620345050345,3.759633307102857,0.6611501443797204,1.181622510134269,7.088744901914048,3.6732822226534574,0.7768707702838554,0.154648615190946,0.0684806145251985,106.66666666666669,3.3592228451959736,3.2132238315082864
30,20,36,6.90917495050075,47.036813460241504,6.807877032674134,4.921791988450528,0.7351338505202908,1.206963594207411,8.216859732278456,4.003830660835944,0.7437444966668234,0.1707857212347532,0.0854697820984232,106.66666666666669,3.640212633980359,3.2940813256096244
30,20,37,6.016537841381207,42.478049645003296,7.060214822026563,4.123270964768747,0.3714053264581487,1.2030819422784018,8.494016960986476,3.91879782195001,0.7541805174152532,0.1632538726529998,0.0825656099317469,106.66666666666669,3.572547241378868,3.2901760625628595
30,20,38,6.349792018328027,49.39687998252376,7.779291012988252,5.872594380679484,0.646567765484791,1.2261712908462947,9.538743303264786,4.2124025150065,0.729028065565488,0.173237590194017,0.097734344240495,106.66666666666669,3.816715697812733,3.343778999082413
30,20,39,7.1054269877775305,52.47930982456713,7.385806639747327,7.610724786676886,1.0981864216232244,1.2605560710288428,9.31022339917863,4.537976789794818,0.6757758352926506,0.2116016542347381,0.1126225104726111,106.66666666666669,4.074164845240405,3.4565164425576818
30,20,40,5.7952634132981125,49.27948122344908,8.503406611400928,7.301542038156933,0.5254788526202595,1.2681850860805002,10.78389344545698,4.580201365533133,0.6846599791541459,0.1969614847342134,0.1183785361116406,106.66666666666669,4.116144775707949,3.475191885113498
30,20,41,9.373156064450916,65.30959436853625,6.967727190229187,6.343887132974337,1.314162970446539,1.2321841051206666,8.585522692617488,4.150443385578432,0.6975610479255351,0.2150302674363153,0.0874086846381495,106.66666666666669,3.748189017242904,3.357807286956032
30,20,42,7.455507119414583,53.73641593150026,7.207613790826843,6.743640679662589,1.073944684832258,1.2405117370597911,8.941129503714713,4.345544333589457,0.6982415633602437,0.200173981077802,0.1015844555619542,106.66666666666669,3.914837788851631,3.396097104117338
30,20,43,5.904735750378942,47.65570035573267,8.070759195731041,6.402264468575854,0.5210299546487026,1.2539963268407694,10.120702386263089,4.447970240032966,0.6969280147320863,0.1939583575237569,0.1091136277441568,106.66666666666669,4.003122459086608,3.448806914158538
30,20,44,8.73756193054789,61.732040871357775,7.065133427613583,6.576117616580572,1.2734910002897488,1.2388296616854475,8.752496853893081,4.2499182966967,0.6931029529204058,0.2137858710945607,0.0931111759850334,106.66666666666669,3.827777367075586,3.385477951997335
30,20,45,6.940252473259591,50.27126945889869,7.243435257231797,6.678384649736036,0.9525920350832412,1.2426500179416444,9.001054952358231,4.380455789067501,0.6971344029604729,0.1973836903593168,0.1054819066802103,106.66666666666669,3.951033951263709,3.401838887055769
30,20,46,6.863112115076187,47.524840245513865,6.924677820884804,4.742413786216689,0.6880103845254906,1.1992712771774194,8.304567214294668,3.9151760160863662,0.7568207282678082,0.1605010110571129,0.0826782606750789,106.66666666666669,3.573043054897836,3.258367280959084
30,20,47,8.935059219773324,72.17721183321514,8.077978003042965,10.388239794151668,1.7359807383662165,1.3009191998481366,10.5087966801095,4.780256809514667,0.6247530311720102,0.2515785604321375,0.1236684083958523,106.66666666666669,4.266263322897763,3.533941577042944
30,20,48,5.946161745439147,51.88749007645929,8.726215716593696,7.800773365250802,0.6661080343205835,1.2675226945339355,11.06067645818122,4.602121391865445,0.6821195567035461,0.1963579689181175,0.1215224743783363,106.66666666666669,4.143388292214175,3.458810548710852
30,20,49,8.330252482896402,57.37967048779773,6.888107005833154,5.802703508922947,1.1074259586606163,1.2160802792687009,8.376491091286276,4.063530328994625,0.7237853786656231,0.1890122727118967,0.0872023486224802,106.66666666666669,3.6861601725564648,3.304335905494002
35,5,0,76.25347090718036,1970.994836603977,25.84793601071843,238.7876987514035,13.458648790844771,4.334597767173467,112.04040571810276,6.222305643056748,0.492811653597902,0.490457382434481,0.016730963967617,80.0,4.352918953938676,4.873624301005577
35,5,1,72.86596799751659,2058.0193379766743,28.24390308033533,289.075046476486,14.592273870289722,4.21930281000742,119.16957963243608,6.454052783693138,0.4370033288754724,0.53308921365255,0.0299074574719775,81.66666666666667,4.5528616523912095,4.930267211703626
35,5,2,65.88745257015734,1975.4363519167491,29.98198101244381,352.239697295277,15.792266947926493,3.818154618802212,114.47583928350254,6.398775111224337,0.5367158294114721,0.3922789095103896,0.0710052610781384,26.666666666666668,4.698059108368165,4.995137281245778
35,5,3,54.1343984818298,1421.4803357888998,26.258356528446868,188.36394010249947,11.333218963755538,3.2915337061552403,86.43026558162437,6.549434941879988,0.4753001881408246,0.4547473878032123,0.0699524240559632,55.0,4.5997181065487736,4.861584893688155
35,5,4,77.62557254646481,1851.637684093348,23.85344962170813,251.31283434941653,14.947816097650946,4.95443032705175,118.1802542105918,6.025918295343774,0.6124895672445778,0.3627411940085834,0.0247692387468386,26.666666666666668,4.20343542869823,4.740144351713568
35,5,5,85.2781257991044,2249.675868582546,26.38045627177905,281.45198483498007,14.92522806510712,4.934095731852941,130.16369669491814,6.520374133675509,0.4159706028462074,0.5429524076222211,0.0410769895315715,23.333333333333336,4.703402595351956,4.9978850663125325
35,5,6,82.22183605604481,2052.7038722708,24.965434618507143,252.31441915256048,14.010957998825278,4.5079962195741645,112.54408488025618,6.547674156527182,0.4111394342974435,0.5512902236859879,0.0375703420165684,201.66666666666669,4.624788083480779,5.022103879235898
35,5,7,60.063388717887264,1738.0050172813294,28.936179832353357,266.2554170564593,13.613758700367118,3.645244319520178,105.4794451625004,6.258993854256165,0.5242272315610167,0.4431249984781886,0.0326477699607945,135.0,4.414114407103519,4.858911476167293
35,5,8,50.00148905343538,1426.6294459220826,28.53173921275581,225.25931388539752,12.02563516814442,3.110459469108984,88.74681840446442,6.563737726826235,0.4872586354768638,0.4407709061715418,0.0719704583515944,76.66666666666667,4.686953770490469,4.870007328499572
35,5,9,43.67167820136167,1272.7410364992545,29.143396565409997,231.939227493692,12.107798475632814,2.992544863928289,87.21292170924303,6.411223385476967,0.526216819246256,0.4085709614849514,0.0652122192687924,46.66666666666667,4.611376138512284,4.84988150937566
35,5,10,53.95738106042378,1523.8372859669669,28.24149830883209,245.2333978127286,12.944152380473833,3.4183673898718694,96.53981686003316,6.535862812482984,0.4745746411526899,0.467664455101881,0.0577609037454291,131.66666666666669,4.578149588201227,4.897990061596108
35,5,11,53.71335133515832,1574.0994437658935,29.305552616590504,256.49140752431754,13.155136903231076,3.6154660640113208,105.95323097238112,6.437133741445201,0.4885801219922408,0.4599849939396408,0.0514348840681183,116.66666666666669,4.563777113521255,4.867859036092128
35,5,12,53.13545351539866,1479.3487957355374,27.841087218853264,223.5325726756211,12.323762201379818,3.3195385184681547,92.41956141901484,6.2617135780923885,0.5320874253866847,0.4284306223890182,0.0394819522242969,80.0,4.34961869098878,4.7923497099713
35,5,13,34.96480504452642,750.0488335723996,21.451537699616495,135.52954212766252,9.506060368627754,2.5694062776569875,55.117715630790165,6.68182785913346,0.5041910650648921,0.3875754018676891,0.1082335330674188,88.33333333333334,4.913288236086511,4.862368794742846
35,5,14,74.48235599766302,1733.874646886404,23.278998410587423,232.54754795488805,14.353681989872136,4.756167634767019,110.71881881022878,5.93721992584756,0.6495610280995228,0.3242289784785073,0.0262099934219698,26.666666666666668,4.1090280815916005,4.688369016336113
35,5,15,72.21511526651504,1972.662392040531,27.316475017179982,261.6537147494686,13.902739949176096,4.175299506814096,114.05446466713116,6.360320601729776,0.4657724410095993,0.5085118561242331,0.0257157028661676,51.66666666666667,4.444985954092037,4.889936268054283
35,5,16,94.30260998850956,2083.852379070978,22.097504823301158,262.3959979574963,14.511643024784616,5.028889297620652,111.1259055100199,6.558425985479019,0.3636881975538245,0.6065160225155976,0.0297957799305778,148.33333333333334,4.591110146218603,5.021817114313389
35,5,17,77.54969496117113,2020.330217341041,26.05207175028365,250.8011101856588,13.85481094567728,4.441668829719042,115.71467504283892,6.263750132427195,0.4828835291635602,0.498558967412697,0.0185575034237428,15.0,4.352111941080928,4.8879754815764205
35,5,18,52.630287706778205,1851.909166870419,35.18713743668009,605.767739540511,21.196624654188096,3.618325927686983,127.31853170822484,6.827650145783106,0.3526853301431019,0.5835067444215593,0.0638079254353388,53.333333333333336,4.887023296301039,5.067811068047434
35,5,19,88.07475031286167,2075.9341088019046,23.570139017456327,243.6573037381916,13.88234527679252,4.698473867862713,110.74368223540988,6.411949056185806,0.4597212378848467,0.5091151374475757,0.0311636246675774,53.333333333333336,4.538931426226877,4.990007103699603
35,5,20,73.245271472127,2109.970302758473,28.806914908649198,268.6694025697944,13.763096642769373,4.136983457543812,119.17373043995391,6.657961787629396,0.4059214801177664,0.5397952437215146,0.0542832761607189,58.333333333333336,4.624071145358808,4.951459919063199
35,5,21,68.96997814804583,2081.6632692293047,30.182165126411395,381.17075786471406,16.822779485999334,4.209726993175221,127.05867524512584,6.617921598249953,0.4702391526477149,0.4491086110244448,0.0806522363278403,28.333333333333336,4.848461319493357,5.060217332024246
35,5,22,64.14365421122238,1788.8464163155068,27.88812764587608,242.63268783442737,13.131857484479657,3.7820084549461863,105.47313454932184,6.301275833256762,0.5078731673615807,0.4588555261067537,0.0332713065316655,148.33333333333334,4.555840005435047,4.915065669001249
35,5,23,100.27169168934508,2259.37174417348,22.53249851586539,238.4131386495214,13.890538072556057,5.114345428684597,115.23898078145864,6.323947339605614,0.4629307533493698,0.5173335832937418,0.0197356633568883,148.33333333333334,4.525480335172678,5.007743259120838
35,5,24,103.15874531880868,2197.382297433481,21.300979288208133,294.98409580189303,16.039157347982105,6.063023501540167,129.14833803022626,6.242758898070543,0.4753361840721729,0.4954785348466075,0.0291852810812194,26.666666666666668,4.337668804866375,4.87773254404417
35,5,25,77.48911598150498,2001.1597622141005,25.82504312853092,244.03844041347944,13.679035626760584,4.4288369645702215,114.37490561925792,6.237756108247463,0.4893426098920464,0.4931087365365399,0.0175486535714138,120.0,4.321765893057665,4.8773133899940815
35,5,26,112.41274651251022,2064.136143965265,18.362118247289256,231.86113190884356,14.517268178563826,5.940543091997043,109.08095470836705,6.115613125401124,0.4802898602985009,0.5044435250707064,0.0152666146307927,66.66666666666667,4.220234347419504,4.86259368059892
35,5,27,91.71386727419012,1717.2140388805708,18.72360298303357,215.93679395443883,13.516610704424112,5.226927330497777,97.86691215740784,6.176750056719674,0.5188601121045775,0.4473420913866691,0.0337977965087533,53.333333333333336,4.302071200050245,4.8160736365138215
35,5,28,72.32809383934809,2047.2473587643328,28.305009161607195,279.5689839775223,14.262219341520693,4.193847529389398,118.70689274175062,6.534051547439691,0.420932225572285,0.5412824797130134,0.0377852947147015,143.33333333333334,4.56686876344849,4.949968135333752
35,5,29,43.32210123787863,1218.2057400572749,28.11972885082818,200.7175764172623,11.140540584552005,2.811348288336652,79.05435157326659,6.597816909830319,0.4971515925371992,0.4136619510091843,0.0891864564536164,121.66666666666669,4.743214674563223,4.8431268661432725
35,5,30,56.71554218779918,1457.6534559229772,25.70112882102628,197.103304116307,11.5815540939628,3.350694434470905,86.11662930023252,6.67587786562515,0.4408400194733488,0.4827410794666379,0.0764189010600133,26.666666666666668,4.686062899232408,4.916630211513225
35,5,31,95.03923799982714,1940.6277584231864,20.419226829519783,175.01787752096178,12.325269196360036,5.12050690394913,104.55679195385936,5.971584049164037,0.5887442083728692,0.3931611317044287,0.018094659922702,56.66666666666667,4.186299234281656,4.761248956718887
35,5,32,76.81278039793436,1943.651208959705,25.30374761713447,226.15984412457533,13.16299735037104,4.354365057119776,110.18175443822813,6.170703016535382,0.5049983687012369,0.4799349739942057,0.0150666573045572,31.666666666666668,4.225003246240952,4.85063418478034
35,5,33,78.84813900851064,2090.024492418037,26.506960325245544,267.64622150740934,14.2487520054023,4.4353521518114345,117.56770351655813,6.348030796762803,0.4543271602540044,0.5252983250457173,0.0203745147002784,51.66666666666667,4.451056114710641,4.925178233746931
35,5,34,67.30400792458276,1858.5469824637971,27.614209610613155,251.98048891923156,13.489784941761323,3.9377110419504895,108.73677809844678,6.36456860321146,0.4787202532271559,0.4899334534905469,0.0313462932822971,55.0,4.4008166718341055,4.859831283407404
35,5,35,72.4098616662237,1922.1977257474143,26.54607648068526,236.243447210908,13.122404203444177,4.117340707278501,109.29924131245384,6.41929888607556,0.4536136297925104,0.5130932601456055,0.0332931100618839,225.0,4.533230080107305,4.913348155933779
35,5,36,44.79162759528602,1188.752323500693,26.5396099074953,166.59973437066057,10.17102623613854,2.8173069021978154,74.77022617402403,6.705718923307133,0.4731789271639421,0.4273626056115002,0.0994584672245577,91.66666666666669,4.67480826639944,4.850504071090854
35,5,37,117.31895094418086,2139.7092218137964,18.23839375133731,218.73911821560296,13.88867857460623,5.807189001915317,105.91379960536706,6.559136376314809,0.358128230112342,0.6017088676728507,0.0401629022148073,33.333333333333336,4.394576016509583,4.912665084738978
35,5,38,34.88192141374552,756.4260636200347,21.685332486356632,102.5326565978636,7.920929869597623,2.3311382937581824,50.55150897182428,6.268331753055868,0.6035605823150579,0.3196260763406002,0.0768133413443418,33.333333333333336,4.505342214672807,4.7413761267933365
35,5,39,131.5159347580153,2702.7838892567847,20.55099934642758,239.52712891076865,14.537226518127795,6.474045165826853,133.0480979716503,6.384889406398862,0.4166113121950772,0.5412787669663474,0.0421099208385754,28.333333333333336,4.195895946211655,4.867004957059546
35,5,40,122.58908782242878,2282.192954992274,18.616607689405825,241.28481183298751,14.774263359416906,6.349659983408482,118.2091288722348,6.348512814761426,0.405855978620826,0.5690343545301133,0.0251096668490606,26.666666666666668,4.368147278448046,4.9118165505334215
35,5,41,107.2571912227783,2728.61967361347,25.43996950233385,451.4143274821837,20.084088393157906,6.613747356930372,168.25353105644976,6.45765285564285,0.3386368161604576,0.6399795280396893,0.021383655799853,26.666666666666668,4.505499751020745,5.010408001354932
35,5,42,74.07578459684649,1797.7495582570705,24.269058613975226,228.09197356946495,13.23130811891697,4.327176914850067,105.01651017953677,6.494186699123532,0.4504331383124518,0.5004883650016654,0.0490784966858829,23.333333333333336,4.622643245817716,4.943529184599516
35,5,43,29.50591882670527,687.6860179170708,23.306714220831477,100.70967582181623,7.472569963052125,2.1447236086557564,49.98646022961012,6.3425886426582325,0.5864545712849752,0.3313857356166738,0.0821596930983509,146.66666666666669,4.476860177451985,4.664795976161587
35,5,44,85.10101389922073,2220.7249659742874,26.095164607605486,402.0784012262727,18.08623921101517,5.184725905765661,135.29627595627136,6.609119897953498,0.3336544789571458,0.632969990698318,0.0333755303445362,40.0,4.6545964736697565,5.040484291040684
35,5,45,79.94405294230154,2406.11032037528,30.09742728595278,529.2026849875367,20.873647571896186,4.749486683924425,142.94733011501637,6.5315989294573065,0.3725426799750768,0.5984214933529647,0.0290358266719585,26.666666666666668,4.5723309701826205,5.0017238913645246
35,5,46,51.188452922287226,1425.467493930754,27.84744239281574,214.5163019685724,11.78201258292894,3.1270459537603195,87.08023205702804,6.599995727293153,0.4675394682164607,0.4623543384812155,0.0701061933023237,55.0,4.640329377376783,4.878937975380449
35,5,47,37.04339118607423,877.9109422945608,23.699529502703708,108.9303188623803,8.149946354779372,2.4437034449526185,57.91462188951327,6.21227669382704,0.5972497001731207,0.3374419762458893,0.0653083235809901,26.666666666666668,4.414432517245798,4.724383764717
35,5,48,73.34935668096242,2050.1361576569634,27.950295004960413,278.14173615362915,14.271333643832916,4.223841294978844,118.05761024879271,6.4504949522371655,0.4390696378485805,0.5309186240149013,0.0300117381365181,81.66666666666667,4.580843260280498,4.940723938248357
35,5,49,45.72366538560595,1208.7798938464628,26.436635900738462,206.2005678214915,11.634951450590483,3.080346989982043,81.43401182209094,6.639289905165794,0.472827241356104,0.4442210126599674,0.0829517459839285,30.0,4.554800519213982,4.857753926956041
35,10,0,18.969942865203944,280.6569480106254,14.794823052705492,36.75165536567921,4.382279386652035,1.627056345017244,24.072010721311862,6.2233859398859686,0.6519738302023615,0.2534852089254274,0.0945409608722109,53.333333333333336,4.27978316959035,4.466343797433231
35,10,1,15.3057817429013,328.798749621394,21.48199648632049,74.49557684729702,5.605340261868131,1.5923273269893834,34.20637004345803,6.450000031375788,0.6285671345539494,0.2532891037525498,0.1181437616935008,106.66666666666669,4.4287671791118886,4.48769523510536
35,10,2,17.720859305786046,335.65606452486674,18.94129730014117,69.82844199365489,5.755176919398116,1.666892297468104,31.573102573658705,6.306958564934623,0.6545002756984485,0.2441684664855765,0.101331257815975,80.0,4.341978441145008,4.479976732968799
35,10,3,13.083363113547335,236.30177558574036,18.061241099473776,52.04450056525599,4.550872567271729,1.5111660620117555,27.29353458733665,6.089246760448473,0.6636072671858566,0.2346750808049225,0.1017176520092208,106.66666666666669,4.181075373743436,4.387316030592908
35,10,4,61.80869766274876,1762.2370893623518,28.51115063089944,283.2790025616808,13.764085235530802,3.638180698849267,103.72871792732244,6.887501359791846,0.4556104459267062,0.4236412287032945,0.1207483253699992,50.0,4.81579748334543,4.914985997689367
35,10,5,16.723375443441746,307.6842379554817,18.398453051303317,44.64079725425349,4.452096483913183,1.6353760746277146,30.08838993026271,6.352143889865925,0.6448603100684168,0.2428567654493104,0.1122829244822727,73.33333333333334,4.367850545722447,4.4338841148971575
35,10,6,60.98759685594289,1730.234710795363,28.370271989603108,344.1653660637241,15.59917546484396,3.70038004778176,104.98078842046908,7.2452283206635215,0.3711694196900938,0.4660397915189638,0.1627907887909423,31.666666666666668,5.3175574614393,5.042435427082893
35,10,7,38.82449471378084,1674.3393180916771,43.12584955541912,815.4465750412415,23.187452713958216,3.038566668884966,131.04076902644405,7.519428776727641,0.2841452195889086,0.5023831313188168,0.2134716490922744,53.333333333333336,5.514452331013137,5.100217167650131
35,10,8,24.333970376217984,794.7875279046624,32.661646069949285,236.34209130456335,10.186244025633671,1.9390946629304688,63.33402357676257,6.639535425028897,0.5858890079957729,0.3019611358733977,0.1121498561308294,80.0,4.611191687765333,4.623159912510873
35,10,9,32.9374154973463,927.2197293182566,28.15095584512272,188.3604892523585,10.296047109211775,2.3236979703293565,65.414318960143,7.024486623699144,0.4966776377887467,0.3548715138778433,0.14845084833341,80.0,5.057522262876008,4.798336276294091
35,10,10,44.74319238958656,1790.8899652600508,40.025976458417816,527.4898223354371,17.451732595319058,3.0850504419837628,123.48215636387356,6.978487999794771,0.4694303794203737,0.3896423416927085,0.1409272788869178,61.66666666666667,4.817909688831623,4.907076560771806
35,10,11,25.89586598407143,802.9707626210574,31.007681423550977,202.53578602215356,9.629488232163691,1.9922361728056268,61.77462456683133,6.619482236702098,0.5837409697787936,0.3087675245504666,0.1074915056707396,61.66666666666667,4.645503507131752,4.648777892428944
35,10,12,33.89839075172219,999.267621171194,29.47832032765233,196.3906858368236,10.032590565371644,2.28332726823629,67.3086526259327,6.98296417902624,0.4940511969245013,0.3620148394093436,0.143933963666155,68.33333333333334,4.8393425035745565,4.780561542559896
35,10,13,17.098891784291382,368.2400959204273,21.535904230865217,73.74012753468034,5.814400366232375,1.656023868026406,35.663971425843656,6.458060004769996,0.6303565844156939,0.2565199495460819,0.1131234660382242,80.0,4.3896474073772245,4.46194260329406
35,10,14,26.966994775685087,709.9300109278893,26.325885284332863,161.3745957102779,9.163254033960747,2.0548450889357404,54.095616088397065,6.796243917374027,0.5576420474659314,0.3195807917620153,0.1227771607720533,80.0,4.666447260880863,4.660827021937157
35,10,15,22.81736595179387,715.1924774741985,31.344217338021483,207.8318870493403,9.742581017130142,1.9491351138586852,61.09411462995589,6.504548584995179,0.5859422718032646,0.309197781594751,0.1048599466019845,66.66666666666667,4.78806703177577,4.656411273583755
35,10,16,13.511756198984148,208.02967208051385,15.396197875162526,37.20725082648809,3.866823176971086,1.4559688345049902,22.41638427610859,5.892559208192671,0.7105956782494982,0.1980804831467191,0.0913238386037825,80.0,4.0515322298647,4.334510746225521
35,10,17,24.95557163950359,514.3742039601598,20.61159773819517,111.37288681102552,7.900728557528602,1.9886773610596609,40.98981779721725,6.692841234933798,0.5724027474630518,0.2968712699585196,0.1307259825784286,53.333333333333336,5.111879700423475,4.667525128871915
35,10,18,17.970902662328534,402.1593319410305,22.37836014681979,104.38871787987644,7.149588801186591,1.780937401380012,39.85445856702327,6.568586711095612,0.5886727431899735,0.2865205876180236,0.1248066691920027,80.0,4.751679997378466,4.61772927907617
35,10,19,43.12114087294472,1501.9994565015784,34.832089923761046,375.1057533515959,15.232957933841565,3.011200186127508,104.88639566163936,6.759682096348169,0.476903214810627,0.4148010493035773,0.1082957358857956,111.66666666666669,4.90436746689703,4.900338623056568
35,10,20,19.580443996478166,413.7289981900249,21.12970463103085,85.61555306457713,6.333944587620504,1.7268771440671098,36.488403988216135,6.6182778410359,0.6001285303772212,0.2754698757419199,0.1244015938808589,80.0,4.63495959800736,4.591453498194696
35,10,21,27.45239227920532,779.1719947948784,28.38266286122856,184.8901831430829,9.710674439985638,2.0906891531354312,59.33932538107038,6.493204398229667,0.5864443677266135,0.3119664262429378,0.1015892060304487,53.333333333333336,5.037403641547795,4.7536447174508005
35,10,22,34.35855126218273,842.0427395313243,24.507515846808467,159.01537402786562,9.864678279519833,2.401771217079406,58.861446162982006,7.0375749063629,0.4566651625386844,0.3958040624103686,0.147530775050947,51.66666666666667,4.986755656965577,4.798620982224166
35,10,23,28.140465508684976,553.0991895722228,19.65494101018052,114.51526899262578,8.309324702097125,2.0746675944251214,40.777469184158896,6.995937709955303,0.5107082991734333,0.3303430132924602,0.1589486875341063,80.0,4.991376657596643,4.701317406178086
35,10,24,20.31498127385494,443.7463476505536,21.843305768716025,86.32171911992565,6.524678031931675,1.779837692669246,38.87753893966036,6.6328660739523135,0.5978176722600123,0.276981683651225,0.1252006440887626,80.0,4.592199873330963,4.533004239074556
35,10,25,20.518299765332667,724.9814419536988,35.333407263043,311.5127288397145,11.680325632423546,2.018646906904394,71.32567328193502,6.841936338468702,0.5538463699834134,0.3114023071887227,0.1347513228278638,106.66666666666669,4.886286938482242,4.681488435517847
35,10,26,13.378887303716317,260.08873945265486,19.440236960543707,67.5562711026956,5.355385780184419,1.596841318701579,31.042973623945795,6.481001162889831,0.6015945323795578,0.2586874345787577,0.1397180330416843,106.66666666666669,4.594341321885912,4.484316112009763
35,10,27,25.291592187939603,643.6094377014786,25.447565061103045,152.9133195570012,9.121417128867035,2.070071717955357,52.6782847238183,6.612914888907381,0.5827116302744019,0.3099500926746249,0.1073382770509732,68.33333333333334,4.475198919646583,4.641999962646065
35,10,28,16.823577014313454,339.60595484151537,20.186310827511864,61.161380982654144,5.344152720321048,1.6717080095108057,33.74561749282628,6.637038550636211,0.596702664104641,0.267882130213158,0.135415205682201,53.333333333333336,4.5845746581967495,4.482267879770815
35,10,29,42.707744579570935,1643.3659562189068,38.47934308863044,561.8648670314071,18.759415671693688,3.054032601525831,117.51716827797502,7.607966589711799,0.2858457027830355,0.4910000493033468,0.2231542479136176,80.0,5.433166966189062,4.9909582456129415
35,10,30,18.26734205427189,394.9430830819518,21.62017232220124,80.11571786561599,6.146083280291976,1.723433288227557,37.260924677297695,6.71703979488743,0.5865957709133146,0.277635507174696,0.1357687219119893,80.0,4.69388816674322,4.53671389517476
35,10,31,71.25145356069571,2032.5283158699576,28.52613124781439,322.6709493668058,15.357078479794044,4.130109413333047,117.8160431925722,6.821199794878289,0.4649531697483741,0.427318684518274,0.1077281457333518,143.33333333333334,5.143701035036017,5.035925839775687
35,10,32,18.6331320842007,355.75174242114366,19.09242851999051,63.49999220315238,5.629727564816499,1.7063655375293776,32.57866205425483,6.407375765105599,0.6041581187048556,0.2900628268238878,0.1057790544712566,85.0,4.579333993973469,4.562221306127535
35,10,33,16.89305141922738,305.0028220923664,18.054927705081003,64.45415325188465,5.537424312059377,1.651141743482475,29.81124480941749,6.617277993856319,0.6050203297557639,0.2604703238573169,0.1345093463869191,80.0,4.667276909657074,4.480950535274273
35,10,34,72.17009218068247,1923.9540989353677,26.658606644406444,274.00781633769645,13.905700867188314,4.156273870765483,110.8004702271616,7.305386427052577,0.30504519753063,0.5175809162951156,0.1773738861742545,80.0,5.194159894781763,5.079238870226428
35,10,35,42.80151143506056,1325.9452834740748,30.978936000562264,313.0844293479597,14.265027142067051,2.9422298066665045,91.14714887966834,6.908968186051325,0.4776018753705913,0.3920611099922755,0.1303370146371331,160.0,5.245396181881567,4.9387296623214185
35,10,36,26.22236352196429,637.9521849531553,24.328553923783257,106.52335091956644,7.357882119196646,1.9607618429673697,47.7025002283283,6.546161113201309,0.5738208187111586,0.3174555373394875,0.1087236439493536,106.66666666666669,4.786755925822912,4.628211802709251
35,10,37,40.018650727602505,1526.9589856893708,38.15618362755456,439.9100294642556,15.561721235678815,2.8436867350162083,108.50423324051953,6.969280681236353,0.4933017788306338,0.3690066276671624,0.1376915935022036,120.0,5.018100843857655,4.883194419750698
35,10,38,18.73799891636624,368.5922410821326,19.67084333430049,49.91664814809575,4.590812963965892,1.562398406456995,30.73369427917628,5.973873429074227,0.6877435962544873,0.2364496179738558,0.0758067857716567,80.0,4.172003728215942,4.421021498523342
35,10,39,46.22453657947379,1584.4622068819117,34.277514154365775,531.6815536281878,19.19569685360994,3.3417082592966234,114.54545215780102,7.183514127775053,0.3573634130211718,0.487938446935414,0.154698140043414,133.33333333333334,5.127270463397285,4.9933004217416
35,10,40,17.717841560756998,329.41837662770195,18.592466554014464,54.87193328747857,5.077859802729217,1.648099764023111,30.642239740278825,6.042047657745285,0.6840138727702376,0.2291216196455539,0.0868645075842084,80.0,4.429902163592865,4.473400364600963
35,10,41,18.519936789893364,339.1310633778973,18.31167499248522,61.40785580682549,5.43461835717886,1.665802622787713,30.50363623011805,6.285998587305127,0.6552983940945295,0.2449635475505703,0.0997380583549001,53.333333333333336,4.339523827072552,4.4667393323221525
35,10,42,19.42160373183961,351.66009342287845,18.10664547986683,54.32467675977277,5.251777647904018,1.714411800388112,31.042246676127764,6.569840847582687,0.5672223382138154,0.3183368685487577,0.1144407932374268,80.0,4.543846192240579,4.611129478504035
35,10,43,12.963874872696012,229.20866383098613,17.680567429244178,46.19491527086286,4.279802353783475,1.4923940672747538,26.386373937455257,5.983333162785906,0.6774253581884118,0.2294028574885728,0.0931717843230155,106.66666666666669,4.090999831108137,4.369934461879092
35,10,44,21.65560297580249,483.12003692694657,22.309239667294165,106.9710935518577,7.429242940670545,1.892215211457717,42.21388265450993,6.99073144750127,0.5223436909360505,0.3230030053813265,0.1546533036826229,80.0,4.971987219273174,4.665528919790669
35,10,45,22.58005967638385,584.4631017432657,25.88403707163569,130.74003457810318,8.263251351024037,1.98731103104618,51.439632400469854,6.745826194385058,0.5479477906247161,0.3192878266226836,0.1327643827526002,53.333333333333336,4.915760063486402,4.682821384978302
35,10,46,17.696839825677234,306.2662230869442,17.306266322338928,47.25075376888219,4.747751243700591,1.6302660016970003,28.21381760162293,6.162598037103155,0.6552632279403913,0.2507987442305774,0.0939380278290314,86.66666666666667,4.375311255739241,4.460535832500858
35,10,47,18.59888899181649,309.4457056137145,16.63785969956972,46.48117114669903,4.781322289183732,1.6217996718526833,26.98327540109316,5.968505327249547,0.6927054038977116,0.2273775505792304,0.079917045523058,53.333333333333336,4.278349901277506,4.445445966303113
35,10,48,20.28371403981375,495.30094769849205,24.418651669329098,101.30907533207905,6.732095277706988,1.7095545112355943,41.74501611959214,6.621528513482217,0.6109129010957174,0.2632814651405295,0.1258056337637531,80.0,4.543474591159055,4.505690537271772
35,10,49,15.041559134831916,295.75804008473034,19.66272494982518,53.02491440448092,4.651693429799091,1.5215095635011282,29.91702405565125,6.165999721014096,0.6810751890887192,0.2148761122466569,0.1040486986646239,80.0,4.402103899348603,4.442465653572395
35,15,0,7.781351291684911,66.4618829457392,8.541174977765088,13.427577353239608,1.5378542568532598,1.3493464032549467,11.52500373581847,5.579334698960099,0.6343435382719659,0.2251457602600508,0.1405107014679832,120.0,4.489290328000041,4.186245372209487
35,15,1,7.430532887240929,64.1409206611748,8.632075469487804,11.657402679421736,1.163123848858042,1.298101195194595,11.205307483952062,5.35766812403842,0.6836244758884622,0.1872794050975324,0.1290961190140052,120.0,4.293701069221136,4.06729508891045
35,15,2,7.528045193502156,72.65598773822578,9.651375074227625,16.377362030194107,1.7289045126722284,1.3813735148366098,13.332153909292256,5.638959567654641,0.6280358780732208,0.2181339218888996,0.1538302000378795,120.0,4.565914890182352,4.123347003513441
35,15,3,7.907794575319067,72.06409307851045,9.113045665529668,14.732925063814196,1.578803328383274,1.3449528608817336,12.25661683920001,5.665353010644412,0.6321962378440171,0.219512584538083,0.1482911776178999,120.0,4.555243834446078,4.195743193924196
35,15,4,7.0820667199585285,58.50658468915746,8.261230372805647,7.67636370788261,0.8264349215066332,1.2670965934106524,10.467776862762651,4.906524490751485,0.7304409419005392,0.1681053236653659,0.1014537344340948,120.0,3.931282131738941,3.931502708515845
35,15,5,7.6438989223881855,72.45608610807068,9.478943513480315,16.54422103568524,1.8082202643033505,1.392966328583803,13.203849144825933,5.691016616561536,0.6160458758095734,0.2294120810798497,0.1545420431105769,120.0,4.606740619308274,4.166424223884549
35,15,6,7.48414906322376,64.71469189406386,8.646900448851873,11.965542400014527,1.3159891805035344,1.324141514747576,11.449719858214218,5.414621748483404,0.6620569984544871,0.2057600202880761,0.1321829812574368,120.0,4.354579436286391,4.105425430869408
35,15,7,6.968170019479975,59.93985607826266,8.601950858072762,7.351104291069701,0.8528503469994295,1.275421440395816,10.971112553617186,4.821415522263273,0.7303742541557956,0.171682602954717,0.0979431428894873,120.0,3.8778764863911888,3.889353108957283
35,15,8,7.293188093237069,60.61255955727311,8.3108455153486,9.001354239564732,1.0464009027592531,1.294675726790128,10.759849957824429,5.117078573943591,0.6981917268685076,0.1900257983997952,0.1117824747316972,120.0,4.104914568040736,4.021303356226007
35,15,9,7.470220350746748,68.63989803954959,9.188470328413825,14.191229578599742,1.462313217853178,1.3443195771513257,12.352240546560772,5.492914205342172,0.6568505156716005,0.2013726055666294,0.1417768787617701,120.0,4.430721055457491,4.0807765778242695
35,15,10,7.434876980673386,69.39038588242168,9.333091329257869,13.712626910348677,1.4737124296204285,1.3504277240550826,12.603665282167926,5.435829046486573,0.659514723432545,0.2025608737257669,0.1379244028416879,120.0,4.389342493010539,4.059214094579577
35,15,11,7.011383588747368,60.40667216450316,8.615513814056667,7.558479298739559,0.9195337847134556,1.2858699829272664,11.078430600990677,4.823013828649407,0.7268460800471219,0.1751239633549569,0.098029956597921,120.0,3.8850450364109848,3.882105284110602
35,15,12,7.188051405550205,65.2724583934492,9.080688869733113,10.38559001329344,1.1740305073848745,1.3162124721020705,11.952115945621175,5.162352644626937,0.6897166185774939,0.1908246942188572,0.1194586872036489,120.0,4.165002328549846,3.9852487098917
35,15,13,7.223010507149973,69.56193247701425,9.630601036528429,11.221239080106194,1.3073021991501843,1.3293208585901464,12.802158838617125,5.032839916136327,0.703663117659525,0.1799959740080517,0.1163409083324232,120.0,4.086461785564486,3.862128386769392
35,15,14,6.936925785471917,62.449855076255126,9.002526047928114,6.806533297680701,0.8474288363302113,1.2675207199795968,11.410888297904917,4.465819858509351,0.7677309745382471,0.1480125248483591,0.0842565006133936,120.0,3.6231503351230647,3.688812065462655
35,15,15,7.562824718435101,74.26665813224659,9.819962897092482,16.525120738678826,1.7716667180221266,1.3894402457289232,13.644251660785088,5.538012470565809,0.6433566635002218,0.208912013913682,0.1477313225860961,120.0,4.490884046653433,4.052296165018985
35,15,16,7.241180292003219,70.28255077040374,9.70595233597762,10.977822813562897,1.3505592417365733,1.3325950458330535,12.93410399801553,4.979565722768458,0.703348299365627,0.183215770091541,0.1134359305428319,120.0,4.057562644147332,3.840960887657781
35,15,17,7.327138725246542,70.59607899727084,9.6348768113293,12.511524884120972,1.4819121566618634,1.356906405441698,13.07362606093441,5.256146041576741,0.669962846838135,0.2028786104259831,0.127158542735882,120.0,4.264157352237717,3.976545668223093
35,15,18,8.036663475301884,73.43846183326707,9.137929198971278,14.35885273261324,1.575466854961603,1.341838414497798,12.26162442814075,5.6584382975142,0.6333951379027293,0.2210591876656002,0.1455456744316705,120.0,4.544874513101399,4.207455315454469
35,15,19,7.833566926210504,65.94513156316573,8.418276397501433,12.920714164387109,1.5093363160358302,1.3438535033905774,11.31293022929251,5.576058121645129,0.6328605357629695,0.2285527748392788,0.1385866893977516,120.0,4.4812976847005,4.200767459065935
35,15,20,7.199366576446449,68.73533421701347,9.547414135278093,10.289669827501866,1.2628475700316355,1.3223479282884658,12.625003302297,4.932678488973398,0.7104048238776147,0.1795800655226026,0.1100151105997826,120.0,4.013290192165965,3.831705795243106
35,15,21,8.01459520683451,73.81651957741042,9.210261737793418,16.219278631023407,1.7684505154231325,1.3715056663130776,12.631926161610206,5.787599128829087,0.6071951874681043,0.2359544745986614,0.1568503379332343,120.0,4.665388378660339,4.245574439303951
35,15,22,7.401748316520368,63.49405203700892,8.578250613479124,11.077952234267444,1.245052133866817,1.3166338739725412,11.294415337132348,5.36474145032818,0.6650532765677369,0.2071379242472096,0.1278087991850533,120.0,4.313025134656264,4.102054768986189
35,15,23,7.6150162358072,70.0037357092913,9.192854426248092,15.525188262571628,1.647493206027689,1.3667647587843008,12.564469462430166,5.63759876161187,0.6307210016214192,0.2186971720129218,0.1505818263656589,120.0,4.551804120945539,4.150077297326851
35,15,24,7.714045334188451,73.80366420834108,9.567439781724527,17.81595206000848,1.9102651257997043,1.4033593967108615,13.426556520148434,5.763090628387534,0.6074303050863161,0.2318393944215044,0.1607303004921796,120.0,4.666573901430109,4.184075971057371
35,15,25,7.4600054043016595,64.61421449477373,8.661416579874764,12.469366308778884,1.2885351533247564,1.315395928630355,11.393192105338718,5.459971627396312,0.6621727014689363,0.2010727066851393,0.1367545918459243,120.0,4.38823933600946,4.109530650259769
35,15,26,7.036172461013715,69.42152015524512,9.86637558131192,10.75136957387197,1.2449285487515678,1.321315928513219,13.036599212281311,5.022668379979158,0.7014814199139688,0.1816240368310381,0.116894543254993,120.0,4.081545045747962,3.860570696962132
35,15,27,7.801884015197233,73.67100353845058,9.44271965527139,17.73938097649683,1.9452388788060904,1.4102400062913187,13.316501026057082,5.761995359056842,0.6053926764471005,0.2356702964371934,0.158937027115706,120.0,4.6641227584665295,4.195307935243819
35,15,28,7.670986251745159,72.11477532639407,9.400978304450469,16.573838944577346,1.7000427800027489,1.3694503699902774,12.874173217300266,5.702073603860439,0.6254491341078475,0.2182813932046021,0.1562694726875504,120.0,4.604986958181311,4.165135357754785
35,15,29,7.644315517006394,74.33600504671786,9.72435071280636,18.007239116567515,1.946552370970992,1.4107745514440997,13.718866514944503,5.800850073035079,0.5951682104097528,0.2412301629697476,0.1636016266204997,120.0,4.705247469839385,4.205943418002388
35,15,30,7.468920795305059,70.48558375759681,9.437184526297807,15.138391821569185,1.5649994361573638,1.358246877930056,12.818026419293831,5.555474708003272,0.6448432945867649,0.2077827391237466,0.1473739662894885,120.0,4.4892949712664905,4.096737756615907
35,15,31,8.105262544895359,73.95274908215401,9.124041161224191,17.602503524605517,1.9780423386451191,1.4040669312383944,12.810764473732853,5.880655777579301,0.5837182298028178,0.2537373921506793,0.1625443780465027,120.0,4.75084767362042,4.290281154018155
35,15,32,7.397833532120099,75.07988338843853,10.148901440192564,14.936884898067296,1.718773556963463,1.3837968283267708,14.044017623939467,5.384788726878267,0.651510107748941,0.209769272161426,0.1387206200896328,120.0,4.38460705260011,3.9846960661316455
35,15,33,7.567896293099989,63.09693488269571,8.337447084234517,11.283563167455911,1.3199291245253153,1.3251740458340933,11.048568484542718,5.405615506043421,0.6573005915494785,0.2144325905377379,0.1282668179127837,120.0,4.3415980428318885,4.133040523625365
35,15,34,8.628826385228193,84.36351607359073,9.776939795429632,15.88329795208802,1.7940044440557712,1.3556581274459027,13.254187895223462,5.821683151807354,0.6020962015059647,0.2425042658638116,0.1553995326302235,120.0,4.687485968358697,4.280238228496326
35,15,35,7.293493666341625,65.18054141242334,8.936806473586413,10.947172539636677,1.2063269702137085,1.3182277444463022,11.780746240228927,5.20249965803514,0.6901315656027928,0.1882061465585759,0.1216622878386314,120.0,4.191697078891918,3.994901247547151
35,15,36,7.163808990520423,67.31610137662686,9.3966912665739,11.114078189282685,1.2237785085582822,1.3218211327194391,12.420745093797576,5.148514093811871,0.6937824377072569,0.1844370432723853,0.1217805190203576,120.0,4.162395042379787,3.942650085187312
35,15,37,7.289341374625381,74.07393694278078,10.161951970124,14.38391806650999,1.628435000174392,1.3719262010826536,13.941448161956606,5.359532575311772,0.6566156116880016,0.2058453186847921,0.1375390696272062,120.0,4.361941225983753,3.978483010528096
35,15,38,7.2497502418802355,66.98440337250126,9.239546348168918,11.178185803160623,1.2454265085359515,1.3248617301229502,12.24112136038626,5.1443036697507605,0.69546855701879,0.1841972072626205,0.1203342357185894,120.0,4.156524098754599,3.9436913193100143
35,15,39,7.256758425636303,59.10767149594125,8.145189357155491,8.85991840449801,0.9652632850859773,1.2778693962169558,10.408488205901062,5.144250882166208,0.7012465160961059,0.1853917032153695,0.1133617806885245,120.0,4.115403577358132,4.032573839408472
35,15,40,7.24210055717302,63.08613965988855,8.711027851912961,9.95920587296322,1.1551810118658483,1.3115085097687855,11.424587156616752,5.201044484509644,0.6829733989823303,0.1979731067862087,0.1190534942314608,120.0,4.185970420654994,4.031098667418947
35,15,41,7.4584397188990685,70.91802577617459,9.508426487174548,14.921976134297545,1.6733569698930923,1.3780567802955168,13.103151590592368,5.610814765630055,0.6212468163404059,0.2304004351557779,0.1483527485038162,120.0,4.543046291173422,4.150715198287534
35,15,42,7.2941622007174995,66.59909070038395,9.130464728880426,11.311810409937038,1.278490458361217,1.329463258159215,12.138617386965166,5.216980547635215,0.6841718940178451,0.1924786750871322,0.1233494308950227,120.0,4.210252791454031,3.990520107300103
35,15,43,9.266746445252538,97.25292926047882,10.494830071702523,23.738558628866876,2.482533281059673,1.4362241477256792,15.072928375256788,6.183465183082459,0.5479753785473676,0.2636482918741094,0.1883763295785231,120.0,5.01087974779252,4.365288625298783
35,15,44,7.322812388166063,68.10281291067419,9.30008981531889,11.846977097038284,1.3910854463478033,1.3465994656176803,12.523495975504847,5.260202381548283,0.6720915332656505,0.2021333469224613,0.1257751198118882,120.0,4.255013116012442,4.001435561648258
35,15,45,7.464317277397027,73.07082983759655,9.789352076293032,15.109436172551,1.7362177228813418,1.3906406685078263,13.61347111563462,5.509864595129453,0.6344633182395015,0.2221992000561208,0.1433374817043777,120.0,4.47132912993014,4.076429151673652
35,15,46,7.2432187870656515,60.7534658316709,8.387633677469397,9.393451637858826,1.0279017361293057,1.2875825741426554,10.799770961401675,5.188003405017842,0.6933453315219832,0.1895582942810009,0.1170963741970159,120.0,4.159979701148829,4.039586500176936
35,15,47,7.452601645265688,71.37673214223813,9.577424842984952,14.187052427959529,1.6074577428184318,1.3726833119612238,13.146771253528287,5.425211531696471,0.6521850417947925,0.2098894886505685,0.1379254695546387,120.0,4.394561861896307,4.042384210923049
35,15,48,8.114524017473354,80.37784206850849,9.905429067118098,17.200782465902602,1.753332206945801,1.3591764145261067,13.463225563788257,5.826545796404909,0.6125420917945703,0.2259423745490712,0.1615155336563585,120.0,4.693340345171443,4.237539926454704
35,15,49,7.111870899432335,62.81051612319099,8.831785195679592,9.276063187437884,1.0708152083335718,1.3031080351366588,11.508770253091065,5.084071962403534,0.6973712971818384,0.1893346402423217,0.1132940625758398,120.0,4.095764434064175,3.976708950252805
35,20,0,8.020904137272241,55.70675493470539,6.945196449343205,6.336735497221054,1.1652177963379942,1.2330255191878834,8.563604457813248,4.225155800900434,0.7091306218170046,0.2012606205721172,0.0896087576108781,106.66666666666669,3.716168774392367,3.3789374140930546
35,20,1,5.698880617498454,37.83754240550244,6.639469212483938,6.631476539820985,0.3365739773057306,1.2781114333448689,8.485981511816973,4.64541111713462,0.6835070647519631,0.2042935099063073,0.1121994253417296,106.66666666666669,4.031036680013068,3.536252641037813
35,20,2,6.735585247917697,57.26606988855602,8.502018426128567,11.948374693292426,1.3989423625492736,1.336781579070124,11.365341616963438,5.130524467395036,0.6124579900407535,0.2438470058841803,0.1436950040750662,106.66666666666669,4.436977822439149,3.6392526116101593
35,20,3,7.350035887526025,55.296554498828506,7.523304014429917,7.339687361750375,1.12196323906545,1.243077798013996,9.352052188047397,4.382433464483834,0.7055515118777009,0.1927338912272871,0.1017145968950118,106.66666666666669,3.834114324860523,3.3881637238861058
35,20,4,6.095438343748628,40.17130144757811,6.590387627950839,5.702507302229997,0.5026619511805971,1.2447881416281266,8.20363636800592,4.353114849197875,0.7188840563552498,0.1833254396162328,0.0977905040285174,106.66666666666669,3.799696835818332,3.4258425121346967
35,20,5,8.934398087805,60.47185145500076,6.768430381173832,5.349001170883402,1.121626405858692,1.201342558374157,8.131203470296743,3.869101126452197,0.746019240984839,0.1798495387324414,0.0741312202827196,106.66666666666669,3.4294590662432367,3.262759649008994
35,20,6,9.081343338542329,67.90037238250767,7.476908410050991,8.180765899181269,1.5372186920780404,1.2601147557487686,9.42176261488732,4.422042638088893,0.673018159472456,0.2285062680347513,0.0984755724927926,106.66666666666669,3.882489228924456,3.439668522474069
35,20,7,9.52042167984997,62.39854631781331,6.5541788395655,5.989445195404173,1.318091289373302,1.224425424422989,8.025103207379162,4.045314441086063,0.7074361412894551,0.2136319308923434,0.0789319278182016,106.66666666666669,3.589951760262067,3.3481352107527425
35,20,8,7.068814536374175,46.70938624850972,6.607810405571693,5.337413535900211,0.8315052807549631,1.2157851471222576,8.033677746093966,4.093904575347853,0.738557937382458,0.1753405811462863,0.0861014814712556,106.66666666666669,3.604413178098156,3.323110608365181
35,20,9,6.253972007408194,39.66755253473084,6.3427774361225655,5.130464368015127,0.5346393432743382,1.2259049757757927,7.775642419181078,4.179019536652597,0.7368666893137422,0.1728698197813659,0.0902634909048917,106.66666666666669,3.667028403202417,3.359291147622347
35,20,10,6.098297124382819,43.24383215979076,7.09113237314872,6.984096433074171,0.6451000769089394,1.262857216779328,8.955087692568384,4.562078932328553,0.6944012545540049,0.1943392992007315,0.1112594462452635,106.66666666666669,3.9744156175182095,3.460573184914075
35,20,11,7.44948566352061,51.70708313970494,6.941027270232814,6.187434616622901,1.033064882341488,1.2283666862396831,8.526126667035154,4.222281013850594,0.718226384879274,0.1892951454745645,0.0924784696461613,106.66666666666669,3.716774749535309,3.356273157513231
35,20,12,6.764663619560898,40.45747417636737,5.980707460364971,3.955823702394996,0.5556436021187199,1.189619890087583,7.114768551645364,3.771301666887846,0.7808010430228715,0.1478231634786148,0.0713757934985137,106.66666666666669,3.3360676161138323,3.237591067150947
35,20,13,8.088445008713315,61.28114180960214,7.576381089762834,7.773980587000921,1.328754546600006,1.2516927961326183,9.483301630811535,4.421328546065629,0.6897378404017057,0.2095738718545875,0.1006882877437067,106.66666666666669,3.8658571445019625,3.421460926939077
35,20,14,8.66715984377599,65.18453390436852,7.520864398408259,7.79963966339695,1.423212701149634,1.252134408849874,9.417133097540988,4.384222691514059,0.6858493269831002,0.2169448623648364,0.0972058106520633,106.66666666666669,3.842515849164356,3.421850950548623
35,20,15,6.679992868550217,42.67251270889663,6.388107524755188,5.00077149996453,0.6792385769921397,1.2150783739084463,7.762051303531845,4.079565282222804,0.744098062526016,0.1702082731152975,0.0856936643586864,106.66666666666669,3.590995818315349,3.3232782928426494
35,20,16,7.754167570489199,47.16057349230827,6.081964706539477,4.269276655098762,0.8291068873003472,1.1879944894298906,7.225340556275979,3.754741093512485,0.7686599484533299,0.1611077191138983,0.0702323324327718,106.66666666666669,3.339499577708867,3.229243223555652
35,20,17,8.691595579897427,57.33006804276995,6.596034930038303,5.119959530980005,1.0711784623775082,1.1995108065217277,7.912015178775732,3.8519337189576506,0.7490447946765536,0.1773009916994782,0.0736542136239682,106.66666666666669,3.418237533239757,3.258661953392259
35,20,18,6.123686849244876,40.265472584658816,6.575364412963741,5.509284834064618,0.4910662718381157,1.237325414128701,8.135865495317484,4.279768060429365,0.7291171056023926,0.1761307595844021,0.0947521348132052,106.66666666666669,3.73876610103662,3.396217150785306
35,20,19,9.627675433195831,66.76207545856688,6.934391995431626,5.791845944993969,1.2559167077263973,1.2117718285199042,8.402900867977968,3.932362635419537,0.728716423131642,0.1972387512770551,0.0740448255913029,106.66666666666669,3.478166156897732,3.304529809757031
35,20,20,7.720922834935705,60.34790675375382,7.816152038288873,8.564377590203609,1.3468815463297366,1.262027826968238,9.86420137213507,4.540578756033644,0.6806602088666218,0.2101846848290729,0.1091551063043051,106.66666666666669,3.966343127907439,3.4396786423418657
35,20,21,8.834227715044866,67.65636581534696,7.658435801935105,7.965088931432938,1.4506005728103462,1.247752121628214,9.555829520218,4.34930960732448,0.691015402653294,0.2119573822210835,0.0970272151256224,106.66666666666669,3.8159180440280553,3.39552067987739
35,20,22,9.11506657119487,58.941988357981074,6.466435313182197,5.467284750855726,1.201919632489706,1.2179296776729889,7.875663476677227,3.992137355533828,0.7200812019991152,0.204168286760642,0.0757505112402426,106.66666666666669,3.534607710382425,3.337408460396345
35,20,23,9.93815480168294,73.41317209059235,7.387002271101721,8.412589910159145,1.6667203223720446,1.2666378197314327,9.356656451019427,4.417389205745328,0.6578868690927963,0.2460720774857178,0.0960410534214857,106.66666666666669,3.8915688008636655,3.459652125114732
35,20,24,8.801128486479477,59.01916946935454,6.7058638628013805,5.872183791065285,1.2079953768265126,1.2174506874822153,8.164058569929685,4.0374552078663015,0.7221351867208116,0.1963669700028781,0.0814978432763103,106.66666666666669,3.576510513642771,3.317972678146534
35,20,25,6.4429465006794375,45.15701642168016,7.0087523490872,7.153884590229056,0.8595444102879077,1.2680040073861885,8.887126065419931,4.584581890776248,0.6798428634169078,0.2097244846901401,0.110432651892952,106.66666666666669,4.005143135991603,3.4857059395103294
35,20,26,7.711826036422798,53.41092901937848,6.9258472334722985,6.812718717210688,1.192641218260356,1.2501766365383693,8.658532399520968,4.3850089011082725,0.6882920377055313,0.2152393185382084,0.0964686437562603,106.66666666666669,3.850048376320369,3.439245441262319
35,20,27,7.645309700015339,53.89449132439354,7.049353582665907,7.038004250057957,1.197736448399653,1.252353548604064,8.828282974616421,4.416749708718465,0.6871983374340389,0.2140675613285208,0.0987341012374402,106.66666666666669,3.8721573722917664,3.4419196085915544
35,20,28,9.539758478653988,58.78520392305551,6.162127065857312,4.719077391641778,1.127447620251119,1.2009195590782566,7.400218918913555,3.7799749692523,0.739763023939701,0.1947672152975045,0.0654697607627946,106.66666666666669,3.363486115278301,3.287521935046607
35,20,29,6.750034350717262,45.67812067039793,6.767094550495755,5.718235835882936,0.7828743750536629,1.2274613929407496,8.306347303113276,4.213775718460445,0.728553119264577,0.1790377389940461,0.0924091417413767,106.66666666666669,3.698324193867338,3.3578987684362334
35,20,30,6.336229671456771,34.83431642263167,5.497641062405314,3.6156935221636033,0.378226943102623,1.1923258195860191,6.554979385522168,3.762724722161754,0.7833242870668541,0.1470849701940926,0.0695907427390532,106.66666666666669,3.329706294270561,3.257487431662906
35,20,31,8.93676985322162,65.48790674996371,7.327916890055746,6.777779532740019,1.3111982056524651,1.2269613670447956,8.991070925013444,4.142537249260619,0.715154818480413,0.1983832633170782,0.0864619182025086,106.66666666666669,3.6467455355170544,3.3388097860484733
35,20,32,6.831705070295827,53.37198096221133,7.812395355629749,8.528458406166301,1.099875523555964,1.2761321158733503,9.969648615218928,4.676153123209235,0.6738752006360441,0.2096280224669759,0.11649677689698,106.66666666666669,4.064433640942943,3.491996159875991
35,20,33,9.995291710808957,67.1249458821978,6.715656513517116,5.179943979103823,1.215268342551094,1.2006148512043835,8.0629169457161,3.784856029457544,0.7361535759912164,0.1968085658609499,0.0670378581478336,106.66666666666669,3.3725919832012186,3.2785090297565422
35,20,34,7.224268259766556,56.3331686344177,7.797768107276521,8.390195148660895,1.205408574167276,1.2671897206942602,9.881251589898344,4.596535547642842,0.6795565231534577,0.2086571975208298,0.1117862793257122,106.66666666666669,4.002641781536794,3.464267413361908
35,20,35,7.513326729064165,53.0137717570744,7.055965176118145,6.985489704613264,1.1589522400141226,1.2472561943751077,8.800596273208404,4.391977442920221,0.6934122488353188,0.2068154900691183,0.0997722610955628,106.66666666666669,3.8563424728162943,3.4173436410097677
35,20,36,8.376948290309377,59.19997915273085,7.0670102167414095,6.903958706799104,1.2943577199652598,1.2422931867100906,8.779298642668453,4.301515488290408,0.6954236217164312,0.2119070033156987,0.09266937496787,106.66666666666669,3.778299666312979,3.40418487158583
35,20,37,8.800802613963544,56.39503175251755,6.4079418919179005,5.201024107050646,1.120239067975854,1.2084001947987308,7.7433582304525395,3.924623619243852,0.7340466847801114,0.191216714834234,0.0747366003856545,106.66666666666669,3.481030350227724,3.3006106330002063
35,20,38,7.579423542803002,54.60662538780176,7.204588195846789,6.556417757003259,1.0852620127067665,1.2329998784193876,8.883256369540845,4.268908864369186,0.714674569906834,0.1916816764515117,0.0936437536416542,106.66666666666669,3.7422386071604703,3.372167719292338
35,20,39,7.644204391367095,54.80110007524603,7.168973678560335,6.250160736104008,1.0564758937357288,1.228030268949832,8.803716674576714,4.2066558042603575,0.7216791319509352,0.1882973252126991,0.0900235428363657,106.66666666666669,3.688297808174562,3.359967423527019
35,20,40,7.023651629568574,56.15208053905812,7.994713220494287,9.55109819512086,1.2830891477823902,1.2835234765392385,10.261402106703036,4.757588858572335,0.6606784089603469,0.2160312354437036,0.1232903555959493,106.66666666666669,4.143382039426026,3.4949686964420805
35,20,41,7.79522652281252,49.82669405736937,6.391949472097173,5.449033372159827,1.0331706610688112,1.2239399860029068,7.823362547409902,4.124966193270451,0.7185112452678418,0.1979605351879405,0.0835282195442176,106.66666666666669,3.6387862008302654,3.366708003246045
35,20,42,6.535459054687021,44.64921887987787,6.831841268725705,5.48197126672178,0.6634957068504664,1.2222624428832656,8.350302998503388,4.158083764648564,0.7420545155958223,0.1675979746030614,0.0903475098011163,106.66666666666669,3.64355918886577,3.336263227467807
35,20,43,7.969254466316037,48.54130708280269,6.0910725448627785,4.269308092545681,0.8646817895250994,1.1896461258096525,7.246220855021546,3.75367535186644,0.7653786681731016,0.165631328640648,0.0689900031862503,106.66666666666669,3.33618485468824,3.2411880832458504
35,20,44,6.02414016625681,40.72914033564684,6.760988159569086,6.487622113115361,0.54270665003726,1.2701837486563012,8.587697285142328,4.569311859439781,0.6885632162693449,0.204344709393028,0.107092074337627,106.66666666666669,3.973910741570929,3.513508379828977
35,20,45,7.405214309090725,48.94026221603167,6.608892082427925,5.407389540000358,0.9245177119904878,1.2152307956183566,8.031329183484745,4.077788515040509,0.7353009205324735,0.1796784147821072,0.0850206646854191,106.66666666666669,3.5956363832831766,3.3209078614433007
35,20,46,7.89784553157909,62.02111308477674,7.85291543583485,9.038841452164288,1.4438257765344231,1.2697612482647496,9.97132770632318,4.599919546429682,0.6697219018498377,0.2181011095237671,0.1121769886263951,106.66666666666669,4.020372170082868,3.4569622853484114
35,20,47,6.434453593880793,44.317660043784606,6.887556091154498,5.8489971648347145,0.6693004340622368,1.2301224102354924,8.472537099483118,4.24934035358602,0.7322231761750657,0.1721709249329582,0.0956058988919759,106.66666666666669,3.7197640069881546,3.35739161198279
35,20,48,6.132030601070452,43.54153417827039,7.100671378037393,6.335281384935849,0.5672896633670883,1.245289599864569,8.842392219125983,4.385545477978555,0.7208861171025619,0.1768122870082909,0.1023015958891472,106.66666666666669,3.8206251627899466,3.401530818648422
35,20,49,8.308599510477054,65.78442282926568,7.917630732629758,10.070963307863888,1.6561784790539436,1.2968763660746323,10.268188172453709,4.766385364002191,0.6377524622275212,0.245165035877012,0.1170825018954665,106.66666666666669,4.15647721688143,3.5441933769534417
40,5,0,92.63557020386976,2730.0029423513847,29.47035287139995,395.4751594808845,17.527338333488863,4.973452994409948,146.5694147345819,6.72092940981571,0.4368534881275491,0.4805500131475382,0.0825964987249126,23.333333333333336,4.824460126804327,5.069122691832522
40,5,1,69.09088600291284,2032.5986058009253,29.419200178084736,289.1200823385428,14.275633787871543,3.9951565127978177,117.53430919277794,6.479420937594434,0.4632269008207473,0.4920174304939534,0.0447556686852993,55.0,4.593697926614726,4.923365138149112
40,5,2,36.02223256430602,907.2290202913704,25.185252431864324,164.0341218797078,9.814235677359171,2.39868366492768,60.41145360539308,6.7964771237655,0.5000123154819687,0.3741202671112074,0.1258674174068239,80.0,4.879359496588521,4.812819366688947
40,5,3,51.48339429649387,1356.8146823429183,26.35441390148047,191.36966544089225,11.110552722513598,3.099344067008228,81.68139636503267,6.86862217396616,0.4398127033501107,0.4404125245091933,0.1197747721406958,75.0,4.771357332890073,4.899964922728984
40,5,4,46.65871133861943,1086.9801618832228,23.296403408885595,169.84306149767835,10.96048758839214,3.027273357502232,70.52458136534354,6.652845081784205,0.4992618895065165,0.4043131802883247,0.0964249302051587,76.66666666666667,4.816624614459918,4.911943662495464
40,5,5,45.50860081543386,1316.6912978549076,28.932801146643094,229.2245052898861,12.05842580695451,2.909725671352386,84.18651424052116,6.860805852251365,0.4482955748117167,0.4364087819554348,0.1152956432328483,53.333333333333336,4.650999225962496,4.864449949584197
40,5,6,56.03373914346276,1517.2263812650956,27.077014749641325,228.0356745622373,12.56695756533893,3.380957932449681,91.54624780485685,6.524336197133029,0.4957486533091869,0.4318011565137865,0.0724501901770265,53.333333333333336,4.808233353356589,4.938455842456961
40,5,7,84.2270323063264,2692.789435582697,31.97060803222006,570.5395089786037,21.37949531705595,5.004867789854511,160.00866636252206,6.706932442344574,0.330935093601495,0.6309033556115787,0.0381615507869262,31.666666666666668,4.779563926655525,5.060212828751336
40,5,8,75.36526787988853,2132.8968871705592,28.300793550814536,277.7757358416623,14.294769317495032,4.304017977536473,121.80712422125404,6.518314645255944,0.4295731256017857,0.5312646647092197,0.0391622096889943,33.333333333333336,4.540814643884394,4.915756412737761
40,5,9,74.63477665540492,2639.33204943627,35.36330069857768,612.7012267434784,21.82352290605979,4.713131947150093,166.67190227914168,6.800628266301149,0.3321208800953443,0.6123059996853585,0.0555731202192971,93.33333333333334,4.859736142111147,5.075763310382359
40,5,10,50.626755704879805,1484.5266874323825,29.32296701147872,244.87903243750344,12.500514211993794,3.123454129366092,91.5889423972689,6.493708379973756,0.505486718498204,0.4231377212985557,0.0713755602032402,71.66666666666667,4.732802482405442,4.852829869869077
40,5,11,36.14936834717147,844.3593258357769,23.35751257744575,190.3728699173321,10.816180847268718,2.580613598407943,60.27671458234106,6.878442470248956,0.4770567947711986,0.3897032442070894,0.1332399610217119,35.0,4.945559699683501,4.850096728044371
40,5,12,41.41571064753072,959.9064936084252,23.17735174889861,141.59248770942824,9.43927166596344,2.619690281104094,60.71748311832067,6.623231437728101,0.5124394217783173,0.3881452022541908,0.0994153759674917,66.66666666666667,4.663122280813536,4.806053140452969
40,5,13,106.59894333670178,2164.6901351867277,20.306862970952444,193.52971372127743,12.90879950528536,5.311486094594124,107.85962029504223,6.183930988412289,0.5321487165549414,0.439848970133216,0.0280023133118425,33.333333333333336,4.297788021941841,4.789556949910219
40,5,14,92.59262212802984,1791.7689319705253,19.351098292615664,248.3399214397195,14.940629746578908,5.309205198369399,102.73895164931228,6.001700720315872,0.6017542581521257,0.3707767704357487,0.0274689714121256,33.333333333333336,4.095921973083138,4.703998041417114
40,5,15,74.95182571414699,2513.773981206205,33.5385290118655,612.223532651446,21.649079121936605,4.51790882704412,151.52401626878245,6.9839248056536976,0.2965511577045071,0.6274892961307166,0.0759595461647763,93.33333333333334,5.027945494883438,5.144523563304227
40,5,16,75.63622617825759,2332.266462873809,30.835309754576876,423.1149938399076,17.74202694451144,4.312681044252185,132.98285587220818,6.665802253106397,0.4852812544568389,0.4226402985889949,0.0920784469541662,40.0,4.909206974426565,5.069793921497686
40,5,17,53.14859989055592,1635.7277054638992,30.7764966308088,261.6448213125232,12.899517234116605,3.2914188593925653,101.29834143667584,6.619545820088306,0.4769312237105838,0.4430239876301473,0.0800447886592688,93.33333333333334,4.676577568324866,4.888913226993832
40,5,18,45.94960059883535,1219.848177367296,26.547525146458284,218.0016724937717,11.589480446041328,2.8073269628867914,74.52758314156745,6.637673474776743,0.5300332427562764,0.3592442952148193,0.1107224620289042,53.333333333333336,4.929901421267827,4.950098349210258
40,5,19,37.24621182131296,928.7951639244308,24.936634318149835,144.77955868064132,9.257030095356782,2.51882051970121,62.81090621284119,6.672480168067585,0.4974144720934789,0.3986923782792372,0.103893149627284,48.333333333333336,4.673894003261349,4.806558572478174
40,5,20,96.62997803527604,2763.81389517729,28.602033772255684,527.041236076146,20.719217813092836,5.730268022300742,163.8973194979226,6.867879216055053,0.2628837683129411,0.682565670420746,0.054550561266313,80.0,4.903963539430689,5.119551693261951
40,5,21,34.592185153889005,789.2027177282213,22.814480039850725,139.81879786670677,9.093466823976287,2.3511204299206696,53.63959011971037,6.4625191256424,0.563575629184633,0.3474192757008461,0.089005095114521,40.0,4.563533542343046,4.728022875012
40,5,22,58.52121301499586,1571.8576154387497,26.859621228903208,207.0069984629164,11.698093582554131,3.421508887322369,91.9004327448049,6.890946195071381,0.4039256524626577,0.4831593391555219,0.1129150083818203,60.0,4.991031010623876,4.985487843893896
40,5,23,66.9110313370161,2259.392287355293,33.767111972542054,420.9023689816218,17.51503475616567,4.194181039486571,141.62538079345586,6.758251488823423,0.4046985044726093,0.5236441616022189,0.0716573339251718,90.0,4.767608917312515,5.009488346740232
40,5,24,72.69706775678992,2373.5484268824653,32.64985095166752,511.5777571478448,19.375891162413165,4.153714567344217,135.6181615195588,6.739128015756716,0.4892433807178097,0.4012007318761804,0.1095558874060097,93.33333333333334,4.941419590195714,5.1062134155358425
40,5,25,35.887492395173176,739.3176664282561,20.600984272941105,108.40597106696204,8.130778570450646,2.35166052238488,48.44652143694737,6.545856860510195,0.5567028784882484,0.3453093853451702,0.0979877361665813,40.0,4.5602318181256525,4.706349905845286
40,5,26,70.64203228696026,2337.2645468375517,33.08603208558858,396.4140654378441,17.148457445310584,4.4305505577337705,146.5893379100019,6.723953085356091,0.4093392471943903,0.5162714392079336,0.074389313597676,70.0,4.7271967720392025,4.992943517157455
40,5,27,59.80100141601393,1670.920557319989,27.941347431558867,332.76894744945184,15.536085137347888,3.8160068564825536,106.62437337818982,6.842496090844075,0.4540372834203406,0.4315452853561154,0.1144174312235438,80.0,5.00283661973098,5.039562700537103
40,5,28,114.82541962121984,2485.522066038456,21.646096084277925,300.73417985216525,16.178123048275555,6.220915673160377,134.65853839342,6.1854332244761965,0.4857819474572503,0.4847874368498878,0.0294306156928617,33.333333333333336,4.251284054915352,4.840471177218978
40,5,29,75.40584461770166,2227.528367880233,29.540526721416985,307.1900296147544,14.99464840287908,4.375017417988802,129.24031894276297,6.574187705504785,0.414782257386097,0.5412212709331922,0.0439964716807107,80.0,4.679573242258046,4.959289526627405
40,5,30,102.934462254369,2825.6550094601807,27.451010551524472,300.3702006974239,15.70611515226715,5.42849330042718,149.0176268689064,6.917077232684487,0.2852660583521749,0.6481717963063435,0.0665621453414817,53.333333333333336,4.493595403859051,4.893927067418552
40,5,31,106.08671079452104,2127.630594312548,20.055580745014783,182.5991519861751,12.344039201521902,5.176475964047262,103.81723167157811,6.25865422092337,0.509973142566885,0.4556419539833547,0.0343849034497602,33.333333333333336,4.401128575468962,4.833947255961391
40,5,32,38.419219014040834,936.2107394729534,24.36829179507273,162.61947530191438,10.24298904728066,2.683749822434145,65.39839877804987,6.749872791090345,0.4899434902779256,0.3975359973063556,0.1125205124157187,93.33333333333334,4.6987553977924925,4.834690561714179
40,5,33,97.09465275809453,1962.6230992377548,20.21350345757466,263.80015157364664,15.302013881698072,5.22041155251119,105.52280696664764,6.043805416213197,0.5813067226008,0.3908963549429603,0.0277969224562398,40.0,4.19762791698779,4.733440426126763
40,5,34,35.57049648578831,833.9735274076799,23.445653274501865,190.88427965969817,11.062707117529175,2.726725031445129,63.92984966216769,6.909091417792824,0.4593221462616173,0.4063453116771497,0.1343325420612329,80.0,4.866383472518144,4.850234258297336
40,5,35,67.83879199884893,1964.87023037692,28.96381513412354,253.6806861082088,13.527293103977742,4.020321349195214,116.44384433786033,6.924667054706198,0.3694608548736791,0.5252734429016028,0.105265702224718,173.33333333333334,4.768241910428558,4.981457516273483
40,5,36,55.40504319135532,1593.8051112746791,28.76642665488177,261.2850104792301,13.376825738711233,3.429020731493879,98.6406733705877,6.930602958659621,0.4049348703083995,0.4783447682673007,0.1167203614242997,40.0,4.931342997353533,5.022064165987128
40,5,37,94.92183677755308,2540.331653086121,26.76235247153217,314.6672644491294,16.23777112308181,5.159698540020512,138.0856709748789,6.721357757187736,0.331407189924996,0.6314328788592501,0.0371599312157538,90.0,4.486422486940532,4.926199527156459
40,5,38,37.73556372844725,838.3292603934899,22.215893379154924,173.99730299233508,10.516095233555037,2.612930379232241,58.04858271217832,6.657527210500246,0.5235406718464116,0.3664861623796643,0.1099731657739241,125.0,4.91721608837596,4.872230410369671
40,5,39,59.81759697109815,1710.369782278632,28.5930874673054,320.1050892812617,15.21608348347127,3.7066717450740585,105.98518941949212,6.917787824648663,0.3795954099505244,0.5129745880830168,0.1074300019664588,103.33333333333334,4.974693491583754,5.06604927178068
40,5,40,86.90182830300174,2613.0255799074034,30.068706619112007,374.9814216351824,17.265214949983037,5.1227379951677765,154.03410586327792,6.621136483328401,0.3745611712427131,0.5834507212877121,0.0419881074695746,28.333333333333336,4.6983436939867005,4.992955613090098
40,5,41,42.09318011417944,1166.198155468969,27.70515680463224,240.97427815378825,12.49896882306304,2.875866387334573,79.67632921027558,6.392624206676689,0.5673159078027639,0.3522450726453701,0.080439019551866,70.0,4.754011258111042,4.907440120476554
40,5,42,42.97482741460579,1092.04514382438,25.411274681541325,154.76613926681242,9.930128781458247,2.7282349190524227,69.32792692381378,6.385765165710387,0.5606195705071759,0.3625228643493766,0.0768575651434475,88.33333333333334,4.583342057567152,4.803677168850071
40,5,43,101.07100232772768,2435.695967605225,24.09886032105788,371.83848713998566,17.475132236534947,5.349906736992863,128.92665518547756,6.517516753700308,0.3935394389538204,0.564327429888212,0.0421331311579676,53.333333333333336,4.599330789214192,4.982114401623477
40,5,44,89.23927559924614,2863.761988177874,32.09082513218055,655.1167366122347,23.59035028762482,5.62728060043332,180.58407771821763,6.713612116486698,0.3016564903132605,0.6635893432948234,0.0347541663919159,40.0,4.742121004421379,5.080056659750298
40,5,45,73.42653883520408,1814.2835036215652,24.70882507063936,228.3827282984253,13.008787004166,4.179405932409667,103.26821008310286,6.887473645549234,0.277533234733669,0.6282256631162658,0.0942411021500651,21.666666666666668,4.893045455515364,5.053566972236473
40,5,46,99.34018376864684,2247.711207254916,22.62640476375206,330.4464376606987,16.485163737887905,5.349892738837261,121.04883855158997,6.34757131775122,0.4510732744848061,0.5041525917437902,0.0447741337714037,80.0,4.401690134374775,4.887875509167628
40,5,47,35.27186995061842,818.6302904097095,23.20915481815436,169.72540675307056,10.376041424259396,2.540418594900693,58.96096847196834,6.451167911293868,0.5695538811250365,0.3399873661632864,0.0904587527116771,85.0,4.765876437293884,4.824537727153922
40,5,48,121.64997374409629,2367.965136787792,19.46539784520677,225.56527229360765,13.59788280493111,5.817324551279016,113.236536785335,6.369238560396399,0.4351768548129969,0.5310133733389693,0.0338097718480338,33.333333333333336,4.449708596440086,4.910367829070349
40,5,49,83.52774362805717,2745.035204867762,32.863753833590906,649.2861181003832,23.22464979716595,5.14310574698901,169.02176120917346,6.779155894005635,0.3153998245853338,0.638510880567224,0.0460892948474421,53.333333333333336,4.809939069348951,5.082149849208921
40,10,0,25.91648022825939,655.1688594175566,25.280009231468053,161.43089532201734,9.370435140415816,2.0728474849786784,52.401603555686336,6.81939207122586,0.527708474754651,0.3475834084297478,0.1247081168156012,48.333333333333336,5.028242821045258,4.7326174404880845
40,10,1,21.436126533302986,483.9718697978291,22.57739377708629,105.85167692649136,7.04075098675176,1.963220693979868,44.32440667930809,6.810155968726009,0.5416217180165867,0.3192938001712582,0.1390844818121549,53.333333333333336,5.057639137154371,4.689560210538057
40,10,2,59.11269986331464,2466.448215191742,41.724506254914274,641.4856910634124,20.3696390168719,3.848894612196728,160.59322732110823,7.437107831942155,0.3259716506021598,0.4798014546660084,0.1942268947318318,53.333333333333336,5.277488550802536,5.009065067762679
40,10,3,27.14516767471213,668.016912834092,24.60905457793147,110.91645879414976,7.655835582386977,2.0079955487518006,49.41487205147652,6.455264857417559,0.5911817904185973,0.3161721944715173,0.0926460151098853,43.333333333333336,4.512614965010389,4.649193311406833
40,10,4,51.48977441157414,2090.5449879083826,40.60116813093784,561.357384213842,18.34977120826781,3.322839097341149,134.91114886320173,7.536121094390544,0.323439085909183,0.4667412485076097,0.2098196655832071,30.0,5.370149336787175,5.0050048313842606
40,10,5,16.49544954814912,280.68499346271386,17.01590445555382,50.54558694211421,4.8715726086539455,1.6153484742194757,27.48661529974324,6.207399415091314,0.6788924278952654,0.2191530969774716,0.1019544751272629,80.0,4.593510517534323,4.487025056595147
40,10,6,51.63517644398621,1995.0344490897703,38.63711884966602,489.2064327397759,17.266848730967528,3.324325123965925,128.44234490960218,7.359589325162029,0.3510617448152868,0.4661172638408412,0.1828209913438719,26.666666666666668,5.317964114694942,4.998952449394836
40,10,7,14.991962244409873,264.4689712480946,17.64071753493833,70.44586703821118,5.976070599376277,1.7145337199860122,30.245605058400287,6.456499338617718,0.6365424732135732,0.236402620211883,0.1270549065745439,80.0,4.871351912297389,4.48557849099088
40,10,8,57.666655596797256,2322.1170768699617,40.267933918452,548.0862945151448,18.290436548483413,3.626472838068487,146.0305686004029,7.448704181306072,0.3256140558146391,0.4833984063954709,0.19098753778989,106.66666666666669,5.2995020696057535,4.975325619705209
40,10,9,17.993102592151722,315.5173526633739,17.535461216177197,54.36385522260936,5.066306511280952,1.622679995190036,28.454442121921478,6.401347570121743,0.6362101898161647,0.2481430467190835,0.1156467634647517,53.333333333333336,4.664603326952473,4.509183202923813
40,10,10,15.076482574903393,249.40274942357567,16.542502416229123,54.20064244933115,5.088051687199295,1.6200180382843254,26.79915231265322,6.233311720111814,0.6648190436780582,0.2267447936581036,0.1084361626638381,80.0,4.61675121985922,4.422591547523588
40,10,11,19.054519933034417,457.6069777870924,24.015665542627968,103.94789417821954,6.903728104639532,1.7276828414538097,41.49145328409183,6.419800776867409,0.6441819207658543,0.2462213030565563,0.1095967761775893,80.0,4.8001789713162175,4.566111151149482
40,10,12,101.72523649577816,3677.279405943176,36.1491359727219,618.9197249189866,22.25642383279578,5.6377335371742126,203.799196213285,7.379667828823194,0.3161041429278446,0.5033230349572917,0.1805728221148636,46.66666666666667,5.265344699107542,5.162640774202644
40,10,13,32.395425002489354,871.723505732207,26.908846099880503,200.8403698898726,10.461622406449369,2.284851283766105,61.48271155597651,6.5507220486593285,0.587377881436551,0.3078194635175961,0.1048026550458529,55.0,5.166424252010576,4.774464288133993
40,10,14,15.62408624998408,260.76124530256794,16.689695712786637,54.39691539613558,5.0844111662334335,1.6460785865294332,27.472550728510168,6.285929107531461,0.6635458739353843,0.2283746140978227,0.1080795119667929,66.66666666666667,4.695565722084508,4.476523600815709
40,10,15,34.49451918786193,841.0372985487239,24.381766099371276,180.37927906809944,10.629952687916472,2.492370367927104,60.76839134380256,6.973069860875583,0.4718066594262489,0.3923743215933068,0.1358190189804443,80.0,4.990689123464937,4.833062486705826
40,10,16,71.86272338133088,2562.894310642728,35.66375152585073,488.7332698237373,18.84641087601781,4.429121022495021,157.9590716241844,7.314362185032692,0.3308063811608535,0.5007483349083584,0.1684452839307879,143.33333333333334,5.350693568162116,5.094825210998468
40,10,17,16.732555310575762,299.99079037589564,17.92857007239578,52.72903857246251,5.060620809980808,1.6446866022632418,29.486878995807054,6.32111319592146,0.6390801587370537,0.2571626551099043,0.1037571861530419,80.0,4.526144702930468,4.483316562810399
40,10,18,72.92120663185518,2829.7151876043617,38.8051064745851,619.3570980261545,21.33117783039891,4.608587653644221,178.83673459712236,7.410303429156533,0.2966068941252447,0.5161371466802513,0.1872559591945039,50.0,5.448647868700341,5.162035824420342
40,10,19,20.050730991196748,460.5913274451829,22.97129853507112,88.56558032426749,6.290901269452022,1.6912942041075807,38.85122407319074,6.606455725795014,0.6137887810809727,0.2617008183591107,0.1245104005599166,80.0,4.662879999639213,4.526013071966119
40,10,20,31.907521444379803,811.5785703617186,25.435337300530755,194.403207329454,10.555064482483838,2.3596675642102896,60.01894041281053,7.099199341989878,0.4627207993778627,0.3815205239553919,0.1557586766667453,80.0,5.022289408512338,4.832634770239002
40,10,21,21.891175350686066,583.3319107013251,26.64689772735495,187.4555953147497,9.656964599140318,1.9866355645970584,52.937674711343874,7.053858354885794,0.4852972007604196,0.3564601053155972,0.158242693923983,80.0,5.183812669137396,4.703985348502158
40,10,22,15.032846512389703,254.26105915726748,16.913700206259122,62.75907344479488,5.497129466350088,1.6946011469237616,28.661975768251374,6.283991881014688,0.6672515461547036,0.2210638135900247,0.1116846402552718,66.66666666666667,4.670191304070411,4.449122768015576
40,10,23,28.35764762308185,1026.4030095561077,36.194927844461326,348.79294838584315,12.978069850826396,2.205989791148144,79.84564131622538,7.200506237071661,0.4791705601247664,0.3623739328054126,0.1584555070698209,80.0,5.182310420055724,4.751051703946584
40,10,24,16.376212144083627,380.4073864575663,23.22926590780636,84.82043474935394,6.096511124822584,1.694087100724127,39.35239973370548,6.6454979376459296,0.5933712361205009,0.2717849194406268,0.1348438444388723,80.0,4.713429761766394,4.483091206309888
40,10,25,23.70701486921319,749.2647658361392,31.60519238586897,217.5178605966969,10.121970837149398,2.0246601296601434,63.98977291390725,6.435791836068099,0.6145355849837907,0.2874887562506316,0.0979756587655777,58.333333333333336,4.516533754745837,4.627462253984064
40,10,26,19.318078724717104,320.0781979429496,16.56884219720131,69.9017574371887,6.191124742813994,1.76442192460207,29.234428438013925,6.448337847644021,0.613818834860763,0.2688675640933016,0.1173136010459353,80.0,4.859877194586144,4.5825577757312015
40,10,27,47.66325298214274,2096.823541207912,43.992455613415565,778.1073555153064,22.227537646366947,3.5990027631166104,158.32896930896746,7.407975244042961,0.3476122978368835,0.4624950015983705,0.189892700564746,133.33333333333334,5.503315677291071,5.029914380525202
40,10,28,28.89733282098959,604.0910338611368,20.90473323622293,104.8746036934918,7.840693317422766,2.111454080437788,44.13938429208634,6.532329057995992,0.5654060005207262,0.3380836230123509,0.096510376466923,56.66666666666667,4.533989377079393,4.686842842517523
40,10,29,17.693886702214023,414.24579001103183,23.41180301325189,94.42038956046808,6.567681285968696,1.707842138519943,39.98366372475975,6.523209802974884,0.6147734943448938,0.2667508162533969,0.1184756894017093,80.0,4.759217988970099,4.531126268987483
40,10,30,15.543467584788193,257.91017042250144,16.592833549890017,56.19887452232484,5.15870009862013,1.6314651171001242,27.070629130494183,6.180566166170613,0.6767886928913549,0.220525946347311,0.1026853607613341,66.66666666666667,4.579075730011331,4.446428148944539
40,10,31,15.011984498666743,280.09231381286406,18.65791387126331,73.66569047291664,5.920164521130963,1.7214214535518395,32.118133216515126,6.37635596629299,0.659951302669265,0.2189198179165997,0.121128879414135,66.66666666666667,4.7626916925991,4.450417327335112
40,10,32,59.47528203444929,2809.8304049702183,47.24366676130611,985.4719620259648,25.630262516025216,4.080877393425627,192.79561166874785,7.747290987310457,0.2410699545568317,0.5058880495039163,0.253041995939252,133.33333333333334,5.692023801178098,5.143227336791377
40,10,33,55.818090159900805,1540.4773537389462,27.59817380576756,300.85238687095807,14.154426693940708,3.4043621830330344,93.95417922512794,6.86855199804524,0.4684454165830289,0.4117679730818822,0.1197866103350887,38.333333333333336,5.118053661661357,4.949727426708214
40,10,34,15.259811894896869,259.3809270529235,16.997649043083207,59.428527021689575,5.324968446396733,1.6623551592282877,28.256129581521133,6.223466012573416,0.6735113161698402,0.2199073623718956,0.1065813214582642,66.66666666666667,4.622120921361925,4.447042098059518
40,10,35,29.65833014770408,1016.0748441318466,34.25934093631037,301.3295582034104,12.087981747731758,2.2467606768364576,76.97254003003566,7.103486412375103,0.4883405986460745,0.3398337941782092,0.1718256071757163,58.333333333333336,5.339031141781444,4.80720280033661
40,10,36,39.0805397706448,1175.849347215919,30.087848174992544,239.1506316135546,11.934977657713157,2.6327073483844408,79.21249898737827,6.890797350884043,0.4782149618811549,0.3976308153146056,0.1241542228042395,51.66666666666667,4.673570401101105,4.794462359694668
40,10,37,28.47116308192781,667.451429102999,23.443068594786933,117.39004343196392,8.125705759184086,2.114538521975092,49.57127161698146,7.012036490524029,0.515051868094295,0.3390358698793246,0.1459122620263804,80.0,4.999398104531195,4.718595615546594
40,10,38,35.86180499530043,731.9725467784567,20.410923177859544,109.78814651542812,8.17223556052253,2.358808095956888,48.14545083788919,6.469436290416609,0.5739694044110891,0.337046291418204,0.0889843041707069,101.66666666666669,4.525880993832154,4.726982926553898
40,10,39,33.32224350106277,746.8827788892107,22.41394037185371,138.8361541298206,9.081376724905136,2.309083118000353,51.75565132051395,6.6367368011549885,0.5499265291188415,0.3434851431762876,0.1065883277048708,120.0,4.735839520624345,4.741536807129597
40,10,40,18.45338883748825,300.95835434041663,16.309110320648347,52.65294985718017,5.221042482744129,1.6917029893650135,27.590170683324605,6.194868444166996,0.6598207260252642,0.2528303493726733,0.0873489246020623,80.0,4.409041060716405,4.495153584321637
40,10,41,26.928228596117783,904.6023093828246,33.59308638345562,273.5353034491173,11.348903192941718,2.0869141363043786,70.10588685572768,6.68653872704551,0.5760090275488742,0.3039472426433012,0.1200437298078245,80.0,4.973566605096792,4.679779995601628
40,10,42,61.425544734529325,2122.1360347600594,34.548102811811724,431.0744782414166,17.22571469444565,4.006124216655846,138.40399131391487,7.076478416799814,0.3883033865288766,0.4770702000121637,0.1346264134589595,106.66666666666669,5.170376103430787,5.025909177444637
40,10,43,15.009165025394797,227.440479333855,15.153439844857225,56.14468101649657,5.1626254473496695,1.6465064802368905,24.95023690243732,6.485845663398558,0.6393871936476392,0.2328763897703189,0.1277364165820417,80.0,4.749046771070333,4.4863353764207865
40,10,44,54.88277289640849,1687.5811071888106,30.748830974231723,314.97297341892715,14.288436075081218,3.388129139041146,104.18101021524544,7.109747236707105,0.4329881938444954,0.4190739291065325,0.147937877048972,46.66666666666667,5.0448715677831055,4.957144931508036
40,10,45,183.9546671492868,5970.265004657545,32.45508851271726,672.7207311231086,23.89608757212817,8.320111036241636,270.02994011685803,7.364696959656169,0.2805498581137447,0.5624532023158799,0.1569969395703753,26.666666666666668,4.969832793515391,5.1608089704132585
40,10,46,35.121201775879165,1222.9553770921757,34.821000286274014,369.3413325662205,14.559823295592452,2.559582851027941,89.12723518838598,7.193837395257667,0.4802145899242049,0.3578038576102908,0.1619815524655042,53.333333333333336,5.620400703100148,4.902077162940915
40,10,47,25.25230712965494,1004.8468567571326,39.79227923998655,492.5863436015002,15.88919726041991,2.365197839461517,94.11661288566556,7.761289438918783,0.3674295298275855,0.4002932908281263,0.2322771793442881,80.0,5.468831297620239,4.777653364164495
40,10,48,94.00671582027618,4391.622754508481,46.716053381808045,1136.6202735002962,30.48519761581229,6.380637540467196,298.078203950434,7.444435968057543,0.2296332439080626,0.5897685225106151,0.180598233581322,53.333333333333336,5.452505221497739,5.244390123491055
40,10,49,32.47745684429971,918.9961579807936,28.296432272593155,178.92632392586214,10.019023119092184,2.323498835208722,65.74672742593268,6.575111539487411,0.5577063696098848,0.3475678928559801,0.0947257375341349,106.66666666666669,4.895443909623198,4.805456273624738
40,15,0,13.087778738125897,211.20020909601203,16.137208102454128,37.610006209737016,3.763069485910029,1.4747066368080657,23.79764788824199,6.265862226585113,0.6170087967711038,0.2638656211041648,0.1191255821247312,80.0,4.6354592271811805,4.461679057261316
40,15,1,15.985321531098348,254.45650678583127,15.918135039749036,46.98082436498135,4.69793039167727,1.5623069472856022,24.869012960430293,6.49577859349857,0.5910715095350687,0.2695490725825668,0.1393794178823645,80.0,4.867295204372081,4.440249293454398
40,15,2,16.023492839092853,218.2443082490656,13.620270588982343,32.68784256255537,3.8235545318082726,1.4709048666453848,20.034122294361133,6.313435696711542,0.6221242011335935,0.2596971882114491,0.1181786106549574,80.0,4.435612194873798,4.308903740816173
40,15,3,16.117685796151058,249.90588481082557,15.505072376488668,47.774420722708,4.863246906910141,1.6006110934734872,24.81759085091709,6.467215821960318,0.5802230808504807,0.2815927885159813,0.1381841306335379,73.33333333333334,4.8900240024304535,4.438054031286299
40,15,4,8.480431859394653,81.59831411584908,9.62195268693235,13.203260245981738,1.7633159343338984,1.325701787334105,12.75583987471041,5.160557725067301,0.699110086962337,0.1879664963386521,0.1129234166990107,120.0,4.176258857769629,3.931720663041702
40,15,5,16.036116152639917,259.68022776727344,16.19346139024592,49.27925625716932,4.788199622212489,1.5586616142042724,25.240126670075263,6.458964778261969,0.6103530758931798,0.2544258714591648,0.1352210526476554,80.0,4.856297382204321,4.366838707443357
40,15,6,9.031886044233197,101.15700517968084,11.199986878075036,16.171869877905188,1.966262966246531,1.3424684765111563,15.035629321154335,5.459520166300271,0.6644220646375242,0.210861399000901,0.1247165363615747,120.0,4.392694314532503,4.099387656267617
40,15,7,25.934937980520253,561.9562282259367,21.66792257795343,99.03533020005436,7.074422486193028,1.8735907831652272,40.59682003239127,6.596914975710267,0.5815166938918562,0.3144842265954225,0.1039990795127211,55.0,4.69333134631845,4.634615041426788
40,15,8,12.38075225921686,258.59650630206755,20.8869785040368,71.24391671582751,5.027968990423166,1.5168850099263276,31.68314459542685,6.254774776903571,0.6359224779094196,0.2434162495091662,0.1206612725814142,120.0,4.726284754098264,4.478273735985428
40,15,9,10.137072440909243,227.2304337897729,22.415784745974594,56.98364709368786,3.7964918484379377,1.405260467438916,31.50001615013838,5.9636107787175465,0.6604597923046094,0.2174632210631809,0.1220769866322097,120.0,4.580209292237823,4.35554069672793
40,15,10,16.289370519066832,287.91609124027434,17.6750900781136,55.64006557196825,5.251606271517186,1.6625365310593463,29.385482944628457,6.627104790503822,0.5536205553735212,0.3036964734268788,0.1426829711995999,160.0,4.840968864910818,4.502873775350601
40,15,11,14.318985299045732,272.3097351146924,19.01739050830928,54.43411711248272,4.719975613563822,1.5610622183717089,29.68732981454236,6.550305678800729,0.5642823923671983,0.2880088512118134,0.147708756420988,120.0,4.910684941635588,4.504067044055056
40,15,12,15.029819121617022,210.1159558172728,13.979939087561482,22.737256038781155,3.054027978052241,1.3928942099315342,19.472576210259923,5.689165340806112,0.7298362660586499,0.1902514426194217,0.0799122913219284,80.0,3.9538868996048624,4.166915681766623
40,15,13,15.172898480437487,178.11645251792137,11.739118451729446,24.22096010654356,3.289712541893709,1.4484520071271032,17.00354968331033,5.981761446371616,0.6858166485421633,0.2161535447700741,0.0980298066877626,68.33333333333334,4.185859870388987,4.253159411750103
40,15,14,8.521714857260159,78.04688845211112,9.15858952797726,12.195582650877771,1.7679035345210063,1.3309112856502985,12.189270163423572,5.056961351257563,0.699700442138918,0.1932121199510175,0.1070874379100643,120.0,4.1137782302145816,3.897530971968837
40,15,15,13.397687216058586,365.6825102158896,27.294450476316488,134.4129738337376,7.003471295060475,1.6425154564244406,44.83155678196127,6.836786918157876,0.533010782033497,0.3055094097277169,0.1614798082387859,120.0,5.163990067513302,4.653511199252154
40,15,16,8.474607702563775,85.60467788811276,10.10131452600635,11.723852187446168,1.596933884317891,1.3069131679047623,13.201540967185352,5.074024322607658,0.7109296385951518,0.1841856783196439,0.1048846830852043,120.0,4.095975219911401,3.941322699881187
40,15,17,16.894813397553683,273.78322127641394,16.20516396564977,40.90291720430934,4.10351149980555,1.5332324425551465,24.846283129059845,6.319641353223699,0.613617272960668,0.2713651031465944,0.1150176238927375,80.0,4.583058438328271,4.447065545535428
40,15,18,26.45486777722498,720.0962233610155,27.21980050797861,153.98042350371546,8.510250675948019,1.950196966391216,53.08397237643397,7.099748665824317,0.4773733115329222,0.3683057219278267,0.1543209665392511,60.0,4.903954346303656,4.723457069775174
40,15,19,29.01928756871597,833.0717304017518,28.707518350651675,168.21476276933416,8.66132473799192,2.0320196268445314,58.33424072652375,7.010253321257718,0.4787063000611027,0.3830060953425565,0.1382876045963407,40.0,5.13722455775174,4.808664501806591
40,15,20,11.912813645674218,245.63185068224527,20.619129786474847,58.11752846154521,4.367729181964888,1.4820315996729962,30.55820190131444,6.120046404350608,0.658515359307934,0.2387500635130577,0.1027345771790081,120.0,4.543257829008968,4.451575528942945
40,15,21,14.939874871830126,188.51092370605213,12.617972059558465,28.6673305805028,3.5604457611501625,1.4621901029448496,18.449873864721027,6.087562574409317,0.6739021273376824,0.2191361314011251,0.1069617412611923,80.0,4.348090958153498,4.225323067655197
40,15,22,16.577973033574224,265.31688136442983,16.004181019422692,45.80980709315745,4.540232774445634,1.5342422883102855,24.55429130977111,6.4104479322628425,0.6089415250157879,0.2675765116503093,0.1234819633339027,68.33333333333334,4.608363446862268,4.394643029863777
40,15,23,27.079187217040804,1060.2003848015725,39.15185401629756,449.0488881230129,14.684321407419258,2.171966407323327,85.03651170782517,7.05240008626444,0.5380578134070491,0.3091256303730724,0.1528165562198786,80.0,5.0228436260889415,4.69457621424239
40,15,24,17.68773398254896,302.3877711026351,17.095902245079916,50.06805841673173,4.692923130398043,1.5563250761850385,26.60678136402597,6.132320806747033,0.6693859646145579,0.2217689048496808,0.1088451305357613,80.0,4.699570539406784,4.41085685082625
40,15,25,15.602567957871235,235.13590707456729,15.070333787967584,37.31106837162297,3.947848089525354,1.4716295924695129,22.177949170766265,6.073492873143017,0.6814835594438572,0.2137910204292057,0.104725420126937,80.0,4.430854956430393,4.286401984189689
40,15,26,16.37441960029188,234.2391031937934,14.30518509429293,30.026742702688573,3.658872425318093,1.485339924072398,21.24806254179866,6.242415117986509,0.6402021991920627,0.2541257775614663,0.1056720232464709,60.0,4.386021510383413,4.351248237188228
40,15,27,16.782030399276525,271.6553010745948,16.18727261311038,38.19064928066258,3.9151451943109903,1.5207893192437778,24.617431297705583,6.186592470560052,0.6569238522717306,0.2411453262046124,0.101930821523657,80.0,4.538175332696062,4.430614746909964
40,15,28,14.909778861289189,248.600446485276,16.67365081656084,41.60812467112998,4.162564650732075,1.5237966534725538,25.407253315445324,6.423033476205325,0.6046138402603188,0.2748845041472453,0.1205016555924356,66.66666666666667,4.588850169162908,4.459476089226635
40,15,29,15.398650702229256,248.10805842224752,16.11232459388984,34.86787799650674,3.885307642862215,1.4954317422533834,24.094881639192725,6.063268882302989,0.6763830025602549,0.217499539346181,0.106117458093564,70.0,4.309653613902304,4.282875056906057
40,15,30,8.474775829701176,85.40295967456676,10.077311942017245,10.918759212823668,1.5458687788613346,1.3033290215595772,13.134053113339975,5.053389005602927,0.7073104609171693,0.1922334734133354,0.1004560656694952,120.0,4.076533443140082,3.9682074546101287
40,15,31,12.208588235924555,262.2312796933086,21.47924679134285,62.984837161156655,4.551932581718718,1.493994924994254,32.08988569896533,6.274522363277457,0.6243428108319473,0.2541000194422101,0.1215571697258424,120.0,4.778403864482778,4.501391347129931
40,15,32,8.881806413136843,82.81327575854345,9.323922624124812,17.62360388639736,2.2655233144237306,1.3888576646087278,12.949601400734467,5.5323341202288265,0.6422695448879958,0.2235915753291927,0.1341388797828114,120.0,4.481770424035754,4.067388300545492
40,15,33,16.388393759130754,248.63123213666265,15.17117759012462,35.684748302567115,3.9093877570849775,1.4779739018568865,22.42260453864024,6.138169273992856,0.6694690426843114,0.2286145593889569,0.1019163979267316,70.0,4.429073959573118,4.309119382683124
40,15,34,24.823704422205648,939.0208368661854,37.82758692639763,416.7794508522904,14.340306278998328,2.067139233501152,78.19488904423179,6.717367187913735,0.5634362912969987,0.2902591366982677,0.1463045720047335,80.0,5.475186862831566,4.759169931269324
40,15,35,17.14573431352997,296.9793754072062,17.320889847969653,55.64821423584524,5.04300406827858,1.5701603611250867,27.19657465869588,6.6035606844817085,0.5750134241823016,0.2820931312499764,0.1428934445677219,68.33333333333334,4.779622819335037,4.422539157619202
40,15,36,8.349380539101965,79.25593965757889,9.492433514846532,9.77779453728478,1.4184841390900569,1.287060070275448,12.217332146703397,4.814960254524043,0.7412570369851968,0.1678983448067669,0.0908446182080362,120.0,3.891734214824048,3.843875361488868
40,15,37,74.5283217805988,2746.751288504654,36.85513403335063,457.1234693258446,17.249450603353555,4.299916959693413,158.47401588177829,7.230911486948915,0.371704137461039,0.4772554179570437,0.1510404445819171,40.0,5.165699620888914,5.052737792387038
40,15,38,35.12276738104198,1290.6820557947262,36.747732369499744,402.7490650030563,14.807368543462706,2.553468496554275,93.83417692532538,7.6283181945047325,0.381708777391585,0.4095359015538489,0.2087553210545659,80.0,5.207377604520177,4.845147424084326
40,15,39,8.531704358716292,76.48492574114758,8.964788572755438,11.93810221014536,1.6825831123486874,1.3214493724154996,11.846514233305315,5.0825130550282696,0.7046240449394122,0.189203752507901,0.1061722025526867,120.0,4.111013015734815,3.929553727811943
40,15,40,14.331644079766155,320.5485788734825,22.366490340493637,76.11940078937768,5.494452752994361,1.624212505996796,36.3279333262863,6.57727177524542,0.5845392132744466,0.2844741583766909,0.1309866283488626,120.0,4.89977979119346,4.5709027742202135
40,15,41,52.30766925804271,1916.051452162413,36.63041155036372,395.52968160085794,15.181492223134738,3.352899773345856,122.81809858477996,7.395963568519905,0.4201675046323344,0.4124853099526795,0.167347185414986,160.0,5.423888602289392,4.960367159371486
40,15,42,11.10600933435594,188.7920061099109,16.999085848585715,31.26969391821776,3.1290804183991296,1.3967407484574763,23.743315891246503,5.786828872953786,0.7065447010243573,0.2064610951864444,0.0869942037891982,120.0,4.220514747756464,4.321937117997578
40,15,43,15.12573209888279,255.5660610603115,16.896111830460626,36.49551366100118,3.842243825275325,1.4832973381104038,25.06195770253795,6.140726537077832,0.671365297615036,0.2232055821420459,0.1054291202429179,70.0,4.338817453975622,4.308489743219564
40,15,44,13.523917108642388,263.48031838077287,19.482544610717643,54.72440716249531,4.57311369326321,1.5315851126656488,29.839175282619507,6.354630796070016,0.6143166352229984,0.2559809786266836,0.129702386150318,120.0,4.711129961913072,4.454427430698391
40,15,45,8.825663016516392,86.86636292748204,9.842474470747396,13.888220773915805,1.8937903121341475,1.3460435485259497,13.248399262880891,5.367663748950394,0.6647400099500279,0.2173599793806825,0.1179000106692895,120.0,4.331413529716273,4.076988641366172
40,15,46,23.25318781995212,884.1967508977417,38.02475418613646,421.38248738967127,14.375635241938722,2.0075130859803663,76.33519161985566,6.503599160452503,0.6121436485062886,0.2557278729103781,0.1321284785833334,80.0,5.368201036445092,4.704969196505532
40,15,47,11.81574379699361,178.86585081748598,15.137925626230698,38.83361820493679,3.764445536339464,1.4903779953584544,22.56123124870708,6.428652749599714,0.5735667527197532,0.2717661539914038,0.1546670932888429,120.0,4.9346537757774085,4.493630336919466
40,15,48,15.297959392704314,216.20417050451016,14.132876480742862,38.60492052294467,4.24729859333257,1.4935318972847913,21.10790182437549,5.848240551836834,0.6846174690166084,0.208997500311715,0.1063850306716766,80.0,4.557661528188883,4.204908004326683
40,15,49,30.1727978365222,1054.6690027356783,34.954299181996,304.3364574413275,12.008883725118713,2.189925489464936,76.5473107450364,6.987478840253639,0.524172943732099,0.3407741760362496,0.1350528802316513,80.0,5.112565944388554,4.7572882255004725
40,20,0,7.847811403749298,52.61175047723656,6.704002908645493,4.8051682061078,0.9123784622620132,1.1991256677255675,8.038941964263675,3.807703377118676,0.7687469241820286,0.1564153386767332,0.074837737141238,106.66666666666669,3.4287038263389764,3.274552728308927
40,20,1,9.115759826708503,70.91719452201495,7.779625162373497,6.600708094962096,1.3384919258177583,1.225866171666624,9.536779314800135,4.058906591510987,0.7233903854386867,0.1919065165038183,0.0847030980574948,106.66666666666669,3.646199604255039,3.344263085247811
40,20,2,6.6169574460129805,53.1718160028918,8.035689580402282,7.052528799193016,0.8242987735375988,1.2461094428019597,10.013348665564598,4.339569827330188,0.730898095916997,0.1616776677230257,0.1074242363599773,106.66666666666669,3.8471190040058048,3.403620631085968
40,20,3,8.63897944447616,67.98246771146955,7.869270687400252,6.673251221814063,1.2598698140651754,1.2200193578765857,9.600662570999091,4.0330866287655365,0.7384008424225449,0.1755815748032287,0.0860175827742262,106.66666666666669,3.619807560300915,3.3145811302314123
40,20,4,8.003768046120959,60.99075032943679,7.620254607327866,7.17855973933499,1.2474822671088364,1.235883132872307,9.417744137388995,4.211392438386657,0.7229785595895913,0.1808505446006535,0.0961708958097551,106.66666666666669,3.765537813583789,3.367763252996373
40,20,5,10.007651269453357,88.5078812660779,8.844021327584933,8.58479211211917,1.6285756245167051,1.243679058833501,10.99912412099424,4.213072838221633,0.701637759489266,0.2070117392613234,0.0913505012494106,106.66666666666669,3.768379165241636,3.3833735673841927
40,20,6,7.231191932286275,53.48734405277811,7.396753474895955,6.563837986795796,1.0324533865770371,1.2424388056162792,9.190013552787793,4.2705224940461575,0.7193989075336317,0.1815596658147258,0.0990414266516424,106.66666666666669,3.811093939741936,3.411035467529397
40,20,7,7.468397939169661,51.98653282883156,6.960868080713364,5.70541562998127,0.9163426954743468,1.209780587343043,8.421123075102853,3.946161606197146,0.7674054653933841,0.1489703602782579,0.0836241743283578,106.66666666666669,3.52757798491429,3.28893176048652
40,20,8,9.726868112926336,82.6537909481228,8.4974721553263,7.214347080645538,1.434677063784537,1.2239750021189453,10.400693499321186,4.026623267483594,0.7267377899013607,0.1907543212390711,0.0825078888595682,106.66666666666669,3.61317988627632,3.3299001429008275
40,20,9,9.316864028076203,78.86802809202494,8.465083085291097,8.456885370740617,1.5626429440411682,1.246468291344398,10.55145764941116,4.264009832595265,0.7033725515222806,0.200554736500619,0.0960727119771003,106.66666666666669,3.811319981726145,3.386651542013222
40,20,10,6.800861780730631,53.4800426753926,7.863715570123985,6.652180157646435,0.8945531836617181,1.2432599795995034,9.776642859288645,4.306189305234524,0.724339309849895,0.1721419149302633,0.1035187752198417,106.66666666666669,3.836741126567216,3.408032900937266
40,20,11,7.327914442883318,51.54339367166334,7.033842176162544,5.435749460842863,0.8711844076617652,1.2072280863351648,8.491451829912279,3.928072211920568,0.7670915990846999,0.1487887590919514,0.0841196418233487,106.66666666666669,3.525196101214574,3.2819508655376506
40,20,12,7.717380866305758,60.225900104043546,7.803930005190109,8.013393731465426,1.2525364430640653,1.242213338161937,9.694145942529309,4.298977259899522,0.7245061040283169,0.1726884757345385,0.1028054202371445,106.66666666666669,3.825515028073493,3.3726712404414827
40,20,13,6.844173015142664,48.73472892313648,7.120616152647132,5.105803954683295,0.7008794415903905,1.2192335273322128,8.681693948570693,4.028760606892874,0.7579451987970841,0.1555904135116366,0.0864643876912792,106.66666666666669,3.5891125371357946,3.353042912975314
40,20,14,6.6999750526870425,51.90477185367536,7.7470097195151215,6.467914677045344,0.7883499104222335,1.2361227578622809,9.576255019672926,4.226604948594778,0.7433573677311697,0.1565255627410972,0.1001170695277331,106.66666666666669,3.752957084212388,3.377090582947156
40,20,15,8.34990763206777,71.43168954663032,8.554787992180577,10.4949358752001,1.6654524057123312,1.2780025456580315,10.93304083157154,4.59451761140507,0.6781464726152479,0.2044663847274838,0.1173871426572683,106.66666666666669,4.074220481315142,3.46628657483016
40,20,16,7.163232064918175,57.97382784097664,8.093249990448113,9.487691793183938,1.3235885743023883,1.287238198584621,10.417940538399431,4.681923863684747,0.6744708906950646,0.2014541510261595,0.124074958278776,106.66666666666669,4.14348593855835,3.516740375598327
40,20,17,7.429653543410001,58.735993289441325,7.905616721729822,9.49628185796891,1.387189741009269,1.2735082016909824,10.067867734548306,4.591105790470022,0.6864512979759436,0.193483668800467,0.1200650332235894,106.66666666666669,4.074144098047778,3.4625236789366194
40,20,18,8.228992202460532,57.66630096877534,7.007699065692719,5.257819716412381,1.0296783344289298,1.2056190598316328,8.448615559163466,3.868474450761814,0.7595228353694947,0.1638505869163222,0.0766265777141831,106.66666666666669,3.473919748623531,3.291535856351438
40,20,19,6.423128197507984,48.17782865584878,7.500679913961642,4.995133074835604,0.5215861150614446,1.22069681322598,9.156056068001096,4.032233587106745,0.7636485128265321,0.1480865488381136,0.088264938335354,106.66666666666669,3.589402935301714,3.354495896598077
40,20,20,9.649277008813907,80.05190773007965,8.296156039147606,5.860522513270061,1.238663545725912,1.199915611443307,9.954687146342884,3.7732461078845447,0.7573755781514014,0.172167824888563,0.0704565969600356,106.66666666666669,3.4010534396853527,3.2600729836108986
40,20,21,8.393718070723965,54.78605827930367,6.527031026975907,4.058846535914016,0.8884969564774169,1.1840229822750714,7.7281547419619345,3.596204303342036,0.783141475008227,0.1536917365989459,0.063166788392827,106.66666666666669,3.2555068194215977,3.23005192618777
40,20,22,8.006704565018612,62.31664312039605,7.783057638052266,8.320550290836941,1.398094430546442,1.2589264279282673,9.798296950632954,4.420323989877905,0.696139522013092,0.1972781563117335,0.1065823216751743,106.66666666666669,3.936228830381397,3.436689431302568
40,20,23,7.766601315077231,44.18529912930458,5.689142179028563,3.02811071543723,0.6129072523615985,1.1607310714472507,6.603564097079571,3.2855695262856277,0.8253992079657425,0.1228798297371958,0.0517209622970616,106.66666666666669,2.9941386617947003,3.141983226279584
40,20,24,7.346074249971361,50.430493708785065,6.864958342747716,5.469073147062915,0.8942999652182132,1.2187841639639303,8.366902514412986,4.026274133719082,0.751585510245852,0.1627438280475823,0.0856706617065656,106.66666666666669,3.5984401294166752,3.3412661019168644
40,20,25,7.5798359814955,61.272193216474925,8.083577714090053,10.15327191083111,1.4652587540415878,1.2802359005836754,10.348886394736208,4.635322111177726,0.6840760945854771,0.1943330660842123,0.1215908393303106,106.66666666666669,4.0976907463444805,3.479319037604842
40,20,26,7.339492967557027,51.10176016279213,6.9625736258183935,5.686043675796978,0.9256759357282388,1.223147895797758,8.516257279756733,4.074894044446324,0.7453610535273851,0.1664125734057439,0.0882263730668709,106.66666666666669,3.639330348039621,3.354788278678564
40,20,27,9.746185932631716,88.68481587362108,9.099438127554164,11.376116361266376,1.9404645577876296,1.2850744770195124,11.69345569293808,4.584004153718042,0.660388468384083,0.2262920827542511,0.1133194488616658,106.66666666666669,4.077204204189703,3.476701005574626
40,20,28,9.100715485858473,63.452104291987325,6.972210524610404,4.345661881326646,1.0054463411677672,1.1858387039057636,8.267917091862124,3.5976287612488917,0.7764210747953817,0.1618323736094202,0.061746551595198,106.66666666666669,3.2534204386073347,3.2334550545092164
40,20,29,8.210011243157226,54.00059757006502,6.577408479808447,4.14318235083344,0.8646753021936299,1.1836362621657897,7.785259187778037,3.6033420802311578,0.7873013925431405,0.1481948048007194,0.06450380265614,106.66666666666669,3.257911708313035,3.221598076597056
40,20,30,9.95080736610594,91.73358709068462,9.21870796164179,11.625947414110488,1.993415360662204,1.2887695593545694,11.88079019754355,4.599286645538616,0.6542429324274659,0.2317956206980881,0.113961446874446,106.66666666666669,4.095464428340407,3.48523397653517
40,20,31,10.12093264932887,84.24087186362202,8.323429745301993,6.448926249314497,1.402026560308289,1.219982471155126,10.154438389159605,3.9492959691103664,0.7233890196350428,0.2012727501852242,0.075338230179733,106.66666666666669,3.551425570560504,3.343719387099942
40,20,32,7.068249858712535,54.65892804339352,7.733021488483363,7.9157353336854195,1.1161520272418224,1.2683143539415578,9.80790215318196,4.508936211816695,0.6973294876695221,0.1904098029035752,0.1122607094269026,106.66666666666669,3.993065657013926,3.483478916758928
40,20,33,8.734479375247835,65.67347742559737,7.518877153881187,6.255215909470055,1.2402719057722322,1.221733932230832,9.186067351171827,4.025786872883591,0.7339226902152538,0.1826788744225459,0.0833984353622002,106.66666666666669,3.609999032860121,3.336682522834965
40,20,34,9.060450433182446,73.82151669891883,8.147665200899876,6.502547348193805,1.263535051513974,1.2101700713123522,9.860060577202177,3.920186402229316,0.7499607777890827,0.1700062822539947,0.0800329399569226,106.66666666666669,3.522862495705735,3.2786283195234813
40,20,35,7.623134801196729,57.34328760457749,7.522271230934467,7.162718097295176,1.1638358136075089,1.2328328052118938,9.273702743197664,4.206919854857764,0.7298342297336895,0.1715633476837573,0.0986024225825531,106.66666666666669,3.765573777062969,3.3500516413546424
40,20,36,9.204296388198044,63.11483381979847,6.857105764295653,4.028647555090944,0.9684809452872514,1.1800755636895763,8.091902950080236,3.51906080260926,0.7829415158508701,0.1594592764470336,0.0575992077020962,106.66666666666669,3.1886424351238025,3.218441692258405
40,20,37,7.213920735953298,53.77334500997441,7.454108102681894,6.699566472353563,1.0358027198309456,1.2429886281878328,9.265371604916377,4.281649341745855,0.7201899124834007,0.1799035471726425,0.0999065403439565,106.66666666666669,3.8169898144077377,3.409709476169453
40,20,38,7.885169044207971,55.4100121451518,7.027117850549199,6.539678659749897,1.1902371664695686,1.2412793264140418,8.722616112161798,4.2305537411388325,0.7129351265955515,0.1934835731376782,0.0935813002667702,106.66666666666669,3.7797136865610135,3.4120581831624355
40,20,39,6.897581889227071,52.56963307132481,7.621458348095908,6.556086353706153,0.9217860183695908,1.249278619508147,9.521324963748098,4.33162016537179,0.7171074421263982,0.1807238914849721,0.1021686663886295,106.66666666666669,3.8507652428436168,3.439666246013904
40,20,40,9.219572546706496,70.48700019200048,7.645365317634008,5.674648971393057,1.220691528184574,1.2086915054597938,9.240888115561145,3.8718663539142746,0.7427142247428212,0.1817756639962399,0.0755101112609389,106.66666666666669,3.494343935431417,3.2952147521818
40,20,41,6.730264010073699,50.76095230334665,7.542193326646453,6.1030112281821385,0.7504090813198867,1.2295788959491918,9.273721743613308,4.152375024252744,0.7525304336986098,0.1520003855202706,0.0954691807811194,106.66666666666669,3.687230566191852,3.3592043086490984
40,20,42,7.872195156914384,56.44128974951025,7.16970154124497,5.977960678875096,1.072258278323178,1.2180534759098505,8.733079883549648,4.029374914867834,0.7457020795384321,0.1680493363752194,0.0862485840863483,106.66666666666669,3.611142347478295,3.3243958023181177
40,20,43,6.831172376355997,49.985645821676144,7.317286560457191,5.717204918238547,0.768643894308889,1.2314918565492752,9.011178811240486,4.162309778484901,0.7436862534299241,0.1630309380298604,0.0932828085402153,106.66666666666669,3.6967910037708753,3.3898933665958166
40,20,44,9.22643341199204,73.18003089301457,7.9315622435316095,6.239850184836484,1.2740181744257906,1.2139761497118555,9.628727393602428,3.9335238411483866,0.741195167332481,0.1800303667340352,0.0787744659334835,106.66666666666669,3.5384791521431787,3.3039457398430327
40,20,45,7.007324547384437,52.11765884051664,7.437597400846824,6.384377235315929,0.8975304956096537,1.2339747562902554,9.177807440094998,4.204579719259591,0.7395803592800584,0.1631400858434948,0.0972795548764467,106.66666666666669,3.739118342522506,3.3765135875894594
40,20,46,9.570110784407133,73.76713992530294,7.708075861095982,5.188951192523506,1.1618270840331777,1.196773253477653,9.2248190263364,3.726036794311399,0.7592006088054499,0.1737842659729397,0.0670151252216104,106.66666666666669,3.3606133969427088,3.2639643145840567
40,20,47,7.372893673552846,52.08075079520192,7.063814168651271,5.8560698233470845,0.9814088806500012,1.2284804394651143,8.677757534204616,4.13301328745658,0.7334746951294918,0.1755948955578195,0.0909304093126887,106.66666666666669,3.69805737034044,3.372973040141159
40,20,48,7.941743633966791,59.08027468508364,7.4392069812475,7.0518820791056696,1.2355397686012497,1.2396776156305287,9.222218372694885,4.237760822055904,0.7181220801310162,0.1853857038441599,0.0964922160248238,106.66666666666669,3.7853710394351294,3.388723436098141
40,20,49,8.445422993733816,64.29311334226472,7.612775984100237,6.454993209197184,1.2244335130861392,1.2215240626592196,9.29918904821266,4.053073009916204,0.7351413552312455,0.1776683319294692,0.0871903128392853,106.66666666666669,3.6379032199115855,3.326248988226073
45,5,0,152.1388232740183,3259.594641052112,21.42513377523128,274.39762349388553,14.990384392620092,6.761642418258256,144.86909335146143,6.5676437849288565,0.3331091135156607,0.6330474547386685,0.0338434317456707,13.333333333333334,4.602853809571858,5.033223018691159
45,5,1,128.61766955951185,3212.546666142195,24.97749086221577,338.1109884480659,17.31560039078328,7.02765910957505,175.53329119217824,6.403320204294529,0.4058385967514867,0.5766603416157172,0.0175010616327959,26.666666666666668,4.555608815262971,4.983689892439765
45,5,2,192.53391042552465,4739.522379102699,24.61655907069953,403.54344921102734,19.112717057638584,8.93136741551933,219.85953356625265,6.422141362516661,0.3519465564272516,0.6291815484227123,0.0188718951500359,26.666666666666668,4.490842267832944,5.002848244723031
45,5,3,109.92350050405643,2666.391513303307,24.256792233476144,418.864309582536,18.721514101037364,6.995480906967054,169.68792693354908,6.452329011072199,0.3687149900355898,0.5890448528059489,0.0422401571584614,1.6666666666666667,4.421536632029881,4.978556039533174
45,5,4,146.82788724412245,4087.258873336498,27.83707475502145,399.7796683053836,18.401400024792512,7.293743532857039,203.0364839680957,6.798005574349512,0.2905928145893812,0.6640268027491005,0.0453803826615182,13.333333333333334,4.842209933751021,5.119955855016369
45,5,5,212.25323611894896,5036.033434202101,23.72653310868652,331.5618060001748,17.0217538351617,8.398326056861757,199.26316124567524,6.53432608330925,0.33564187977559,0.6212042134846285,0.0431539067397814,13.333333333333334,4.1949123460724,4.865204058598401
45,5,6,239.8652560747205,5826.08178214168,24.28897739290261,356.1556180920176,17.48012082972805,9.11243771095126,221.33179355552832,6.528841752730223,0.3374335014448936,0.6267809344522854,0.0357855641028208,13.333333333333334,4.338513572405042,4.948000214286127
45,5,7,145.6936348807884,3057.4720320039733,20.985625312359755,284.7249943556461,16.045540295637405,7.307864368421764,153.3601034692437,6.3223111938757866,0.4104428063349703,0.5735500161878639,0.0160071774771657,10.0,4.370975310358682,4.965687105886518
45,5,8,153.27167987419224,2995.0810516731885,19.540994488555206,265.34164919263617,15.30644543691064,7.387249118339823,144.35419430706278,6.543561513113311,0.3420743610854735,0.6260057542718395,0.0319198846426869,38.333333333333336,4.462174948614382,4.98423779507098
45,5,9,142.10675052201805,3066.127927950887,21.57622995872966,291.3161895139283,16.27281375805657,7.270966962322379,156.88005520139367,6.328643310055874,0.4168978876767553,0.5671968311782468,0.0159052811449977,28.333333333333336,4.451614532337785,4.95610758698227
45,5,10,142.2211343405924,3051.9618724375646,21.4592710611399,289.36615233835755,16.20767654388839,7.236787511840957,155.2961848284673,6.318196279878594,0.4201352890451795,0.5644274135463875,0.015437297408433,28.333333333333336,4.461926212357529,4.956081936254612
45,5,11,135.29606521440118,3146.581210077904,23.257004592791183,312.4689309140812,16.755028497093747,7.124031187077038,165.68362603703832,6.452899579813161,0.3841688297983643,0.5964664085456881,0.0193647616559475,25.0,4.5132352648218985,4.970870364102826
45,5,12,118.05635411870612,3227.492085214795,27.33857156023588,347.93949164516306,16.75809148042279,6.2389925158730986,170.5651433589728,6.734657970490723,0.3283375455140329,0.629983471062024,0.0416789834239429,11.666666666666668,4.6975243726146525,5.016694534058214
45,5,13,108.62126233938554,2629.1855766873773,24.20507293012785,421.6874691219372,19.03576744582911,6.958284104876221,168.42577422707836,6.40255666995897,0.3862762997120532,0.5758306608676591,0.0378930394202877,1.6666666666666667,4.374819717830002,4.960196906423451
45,5,14,146.66500521552447,2952.5824960235745,20.13147234191789,272.2525030584478,15.862693375283405,7.334594155807359,147.65617938682846,6.320896645364906,0.4159116753036932,0.5664465563369863,0.0176417683593205,26.666666666666668,4.347764912241592,4.910047440323309
45,5,15,117.1783984083426,2919.545070233484,24.915386367199435,305.9627547496549,16.650074617437536,6.654492191052649,165.79924401758825,6.3865100719503,0.4824290012882711,0.4811873928697825,0.0363836058419462,13.333333333333334,4.460125173403712,4.874258936460944
45,5,16,145.23612117537036,3072.897118603826,21.157939868783405,286.68282501919515,16.084558636985225,7.292067608330864,154.28512797616764,6.324449052534575,0.4111768950357754,0.573449990531567,0.0153731144326576,53.333333333333336,4.366759598400388,4.966975546792872
45,5,17,120.65683953259904,3365.0344454360293,27.88929710467731,375.4260095541933,17.097457180933507,6.190931406352742,172.66072534644934,6.612971425585522,0.3889177489186834,0.5705448813175508,0.0405373697637657,13.333333333333334,4.751804590874875,5.035536929544599
45,5,18,152.3895564895057,2960.209555650401,19.425278371055928,239.5142195211077,14.638222182344457,7.113801227619242,138.18756912286318,6.52066936464785,0.3463626234995278,0.610773930724331,0.0428634457761412,13.333333333333334,4.241178658893573,4.896456357958871
45,5,19,154.2309581897319,2986.4458772920343,19.363465755157712,264.39752682843715,15.333820434433544,7.419463919177619,143.66653552062405,6.568641093523499,0.3309460769306903,0.6349277002718672,0.0341262227974425,11.666666666666668,4.3905710068105135,4.97443865645852
45,5,20,161.32286700031253,3157.4525857895537,19.57225683190615,248.3152275545736,15.0536264022288,7.429742721788258,145.41683274582522,6.452083938726207,0.3643202314748745,0.6011579317839132,0.0345218367412123,40.0,4.188871777246601,4.884617461753955
45,5,21,205.2365553089421,4699.265588269545,22.896825476318053,312.0053382493523,16.68558607568943,8.425199325457617,192.91031855819568,6.570992851851736,0.3240278591360312,0.6361816879858432,0.0397904528781255,13.333333333333334,4.228806755525196,4.877225489484567
45,5,22,121.90377250941356,3255.223322069912,26.70322054076332,373.5483016751929,18.021697325808137,6.897087381257828,184.17444543064357,6.575354770838231,0.3603929214542984,0.6132993640088497,0.0263077145368519,10.0,4.620253337039401,5.012290605055985
45,5,23,119.50412972911172,3131.0295336896984,26.20017852761256,313.1683886846026,16.020282765355812,6.240245112844097,163.4955360125771,6.544211125709839,0.3890589101702693,0.5816620664632894,0.0292790233664411,28.333333333333336,4.542968049150438,4.973516123868258
45,5,24,155.5643623679248,3006.852033179037,19.328668773555865,264.4708477783109,15.265206592751252,7.410031452587946,143.22604354870342,6.586612476590577,0.3165522254108192,0.6488655302968027,0.0345822442923781,11.666666666666668,4.43187375663617,4.978811931494152
45,5,25,107.48724265221696,2533.070681399864,23.566244876108737,388.3326970302169,17.965697606218225,6.82169084788864,160.76163699045352,6.392094423435908,0.4042743061900395,0.5518129160869176,0.0439127777230429,1.6666666666666667,4.351099828318867,4.939230119784502
45,5,26,136.09787835183624,2926.613152759838,21.503738252216127,311.9432008984642,17.00250707596701,7.257501733753745,156.06341764764528,6.26134662997459,0.494703346332124,0.4781151838867268,0.0271814697811491,26.666666666666668,4.294766280886881,4.854967655776537
45,5,27,156.4589887555778,3008.841702718993,19.2308650762114,264.1642506664804,15.28775060133772,7.459564486816666,143.4538781732694,6.596618025103391,0.3121208096565455,0.6519580866883914,0.035921103655063,11.666666666666668,4.468208254765807,4.974583066698987
45,5,28,124.29307416446171,3032.641220409931,24.399116690904357,259.3758402891955,14.892978859800364,6.384015692791157,155.76434384497605,6.577276309808807,0.4198182997223635,0.5281895596821988,0.0519921405954376,13.333333333333334,4.646135879883761,4.969027260331476
45,5,29,116.70730490306958,2448.4102141514268,20.97906567360917,267.70917167425284,15.199781487571697,6.13162100720799,128.63567979589806,6.262226583228819,0.5007938845802639,0.4562875525638046,0.0429185628559314,53.333333333333336,4.279910487989493,4.837186327694765
45,5,30,137.87031780741643,3179.793425811226,23.063654863354323,314.8480008181998,16.787095446890685,7.253911891018787,167.3017202636392,6.4984050463871785,0.368392426443757,0.6098043035105173,0.0218032700457256,25.0,4.552801467860206,4.990494260263366
45,5,31,105.3342032052266,2615.119035395164,24.826874422736445,273.5581316194398,14.882358872257294,5.610058915319652,139.28022819479403,6.616306736138158,0.3606192290379759,0.604472204722256,0.0349085662397679,11.666666666666668,4.412318176763029,4.960718949662279
45,5,32,119.53616304086552,3113.1755217473265,26.043796643221963,366.87872539650505,16.73551608885129,5.747185701804881,149.67853568863922,6.536919897175249,0.4028334160197183,0.5649621961809113,0.0322043877993704,13.333333333333334,4.478206062928463,4.984986321615415
45,5,33,58.99171265665225,1482.162368964988,25.12492521774329,197.538547195605,11.767686229793412,3.4676482253052727,87.1244023422352,6.842086441869916,0.4431050590905735,0.4455282138021417,0.1113667271072845,170.0,4.789405271371985,4.923672004317162
45,5,34,153.9424501760016,2917.05522623196,18.94899829707079,262.3183709547222,15.45905490866549,7.377992909330053,139.80557507469555,6.55874074870861,0.3261869477268438,0.6422168779278111,0.0315961743453451,11.666666666666668,4.265207322348176,4.929957877389311
45,5,35,148.46041043874928,3057.739356269757,20.59632832236644,279.9339491380118,15.868764013406167,7.37940503359053,151.98864889555406,6.370327747287803,0.3954783397500336,0.5853562229487219,0.0191654373012443,10.0,4.502442137229969,4.978148057122711
45,5,36,54.716550439259024,1384.8277727497448,25.30912057928516,203.46872659546028,11.786320361969302,3.3127068081020794,83.84169605007438,6.967153001631671,0.4133679312641473,0.457588945247007,0.1290431234888455,198.33333333333331,4.914515542179052,4.956515784827191
45,5,37,130.14987704096208,3134.899688336001,24.086843258018245,239.20776781087375,14.308903021436468,6.347587233115795,152.89333875065788,6.441808549531151,0.461590076673491,0.5019543685745371,0.0364555547519717,13.333333333333334,4.4978174104296125,4.898633505657902
45,5,38,80.4197214767211,2665.423707702432,33.14390623043859,404.5293685624088,16.989733070565876,4.623504029586827,153.24098401268074,6.846802216111992,0.3840314395128633,0.528524980999042,0.0874435794880946,55.0,4.775120086383169,5.002450543984816
45,5,39,137.29395616776483,3183.093897585854,23.18451581143388,316.89247762667435,16.79337473506856,7.194868200091244,166.80953554619828,6.501853066741787,0.3675972390127915,0.6109169737974274,0.0214857871897811,25.0,4.521072119230924,4.998310804715436
45,5,40,148.69997438260975,2954.28535389866,19.867423421991923,270.67096009999767,15.741497137617694,7.361299760187682,146.2500592718563,6.405519659021679,0.390935663034718,0.5864657991950317,0.0225985377702502,26.666666666666668,4.423897658091659,4.940792185367277
45,5,41,125.19017553569208,3308.221919777485,26.425571380673567,328.74716369808783,16.387441328107613,6.406272174869372,169.2894026410335,6.585251100716426,0.3676599404819211,0.6030447900371564,0.0292952694809224,51.66666666666667,4.588278449694254,5.0156052986406685
45,5,42,130.72680025620022,3303.711005941981,25.271872328147875,350.96679458794694,17.51813724628093,7.090983429449057,179.20242791004875,6.542580169640915,0.3612502277770978,0.6155276287868267,0.0232221434360755,15.0,4.535162055932247,5.024326820531161
45,5,43,102.95248163543334,3083.478227329595,29.95049928226644,467.4691202791943,19.273996782310004,5.690161929709632,170.42319079174814,6.836506899094928,0.2927979151477609,0.6578318359988758,0.0493702488533632,36.66666666666667,4.85828727988471,5.106405298578121
45,5,44,111.8747712408037,2659.72805657586,23.774154146433563,254.7474954301039,14.472928870083354,5.7308907601057015,136.24708032712476,6.435324974613757,0.4141772949870882,0.5621170226163905,0.0237056823965213,38.333333333333336,4.516514597620138,4.948892328718353
45,5,45,52.06764544023612,1343.0442297008626,25.79421862358699,220.72404273929277,12.01944307967669,3.224199809730735,83.16571477832214,6.87963828477002,0.4422256450270887,0.4391677518336785,0.1186066031392328,53.333333333333336,4.734069253133509,4.8858552366936205
45,5,46,108.18791351975408,2580.222933039094,23.84945646047579,401.2770843396893,18.385611112123726,6.883720793427481,164.17299934892054,6.395734956607521,0.3954668128305491,0.563210082524689,0.0413231046447618,1.6666666666666667,4.361326364338114,4.949123666052103
45,5,47,120.92037567028748,3220.522483696906,26.63341447497878,328.6843847297665,16.390553725064187,6.313166897102356,168.14119062024272,6.601609350402329,0.3707728870188625,0.5970525571360331,0.0321745558451044,28.333333333333336,4.568514963906199,4.998708623134691
45,5,48,146.75497701715875,3272.312543645623,22.29779602815801,295.6508510566077,15.723438441857418,6.6475367000934735,148.2254174283789,6.629847774681124,0.4115161844576745,0.5354062151854164,0.0530776003569091,28.333333333333336,4.68258214177599,5.026457922667005
45,5,49,134.29796410758732,3211.0930604789664,23.9102139918259,325.3419476716466,17.032014947565308,7.1727346180556015,171.50161962428703,6.433757130744411,0.3931812991217671,0.5879779316789777,0.0188407691992552,28.333333333333336,4.548783627702994,4.992337531519758
45,10,0,31.551705722069894,901.3493822285112,28.56737414351682,268.9339119742724,12.661734961690868,2.39209314370852,68.33581982246262,6.8757851022075664,0.5082905457710569,0.3568749415187114,0.1348345127102316,45.0,5.210563228467383,4.862446270087096
45,10,1,68.41751801847822,2842.9213317207427,41.55253528713108,644.9891061195389,20.28243216789934,4.063332370190601,168.8417616956869,7.345510520944825,0.33548055240164,0.488948995424745,0.1755704521736149,133.33333333333334,5.121078962318217,5.017558567032928
45,10,2,33.95225156004144,831.8498564097798,24.50058002600298,188.0523866024765,10.880696185986263,2.498956313440982,61.22587913894616,6.844690562748873,0.5230527545740338,0.3487597081004091,0.128187537325557,56.66666666666667,5.243738551299928,4.8413816533754375
45,10,3,28.27984100026045,843.1627138641461,29.81497363639282,204.7715240794657,10.447920589113975,2.1598965147620435,64.39725764496707,6.832526028092612,0.525493547542699,0.3443097282202855,0.1301967242370155,80.0,4.959599758131814,4.752340367095733
45,10,4,60.86250784657301,2288.083675907214,37.59430488265773,517.2252963487276,18.525366627790618,3.761432154864503,141.40842722540836,7.597031800881424,0.306901624827579,0.4750138320358629,0.218084543136558,30.0,5.470319608031956,5.0872854934416605
45,10,5,41.43900258196598,1408.2220863055477,33.98301113836166,318.85486984044707,13.64561485286834,2.788724461375057,94.76925443273018,7.393989124812107,0.3941870007526825,0.4130468767001109,0.1927661225472065,58.333333333333336,5.303284493930651,4.89306702396557
45,10,6,68.48994485715937,2219.710410653675,32.40928891508145,427.653507600522,17.452731813829207,4.0573315303853885,131.4952297925296,7.187265491515091,0.3796576904973102,0.4652496023603098,0.15509270714238,95.0,5.198052293921511,5.071142302480154
45,10,7,60.13290187618195,2589.8995016177155,43.069591202342245,853.4581140867824,24.684993295631585,3.83318204842106,165.0935838296519,7.659194704867264,0.2528514370969955,0.5268791408737856,0.2202694220292188,80.0,5.67504669493151,5.241506939891724
45,10,8,38.79264911238417,1197.8321051102882,30.877811454435893,259.23827906308424,12.200407509667306,2.6022694863224816,80.35238655229733,7.255097897112347,0.4380475552206956,0.391181652630118,0.1707707921491863,133.33333333333334,5.301737142194688,4.893926320331504
45,10,9,40.82348362021441,1183.0036831026737,28.97850889229086,276.7190775036772,13.268117897993122,2.7425691065450994,79.47556324173938,6.862877148243583,0.5093752250777425,0.3637200541971619,0.1269047207250956,106.66666666666669,5.404146378429703,4.951919972817457
45,10,10,84.7639452958561,3344.810618438363,39.46029891322062,611.5790814317459,20.396162812845684,4.791715482727095,189.0825252555184,7.235532902180371,0.33943026049454,0.50400256316142,0.1565671763440398,55.0,4.998963442064053,5.083880913546224
45,10,11,27.78191115071267,824.655913029698,29.683195967191185,203.21478714464587,10.33577800917,2.089182088081774,62.013601331676966,6.871074981980256,0.5293891636132279,0.3335347405055286,0.1370760958812434,80.0,5.010490220747689,4.708596574431202
45,10,12,53.18776827221376,2090.069955569607,39.29606417913001,500.0853502133696,17.238079953443634,3.293304474997537,129.41390401091928,7.344751789487137,0.3823079286881589,0.4353873998881126,0.1823046714237285,56.66666666666667,5.338884964278803,4.988695677072967
45,10,13,147.2922243872374,6634.510571497429,45.043182687329264,1160.5894949957983,31.60298500640024,8.859683496935325,399.068342304374,7.237386623843172,0.196674114685025,0.6777473805108545,0.1255785048041204,53.333333333333336,5.242949463547872,5.24129122270714
45,10,14,127.54119898811912,5572.220419640054,43.68957218411538,1237.4665080116986,32.52235490889456,6.931591250607429,302.83825629419584,7.328867526974866,0.192122001369199,0.6616931825363748,0.1461848160944261,53.333333333333336,5.332389296419824,5.271005379352321
45,10,15,59.15600851774023,2192.472163883176,37.06254392105711,484.40679003987344,17.419239314518705,3.571227887269993,132.3587904240481,6.658632503573988,0.5117471568882789,0.3917036519453138,0.0965491911664071,171.66666666666669,4.845719797781497,4.922683000865536
45,10,16,34.7975313270104,1101.3482874455958,31.650184523024247,247.1288633577936,11.376887659971905,2.307881633041436,73.04487954305998,6.958656511882712,0.5261560802387476,0.3371250753603358,0.1367188444009165,46.66666666666667,5.080977698018819,4.745922331656029
45,10,17,63.70055196035101,2797.204415456524,43.91177673307417,752.98870905349,21.926851124734007,3.987770472024065,175.11008663026655,7.623154019357951,0.2742743758920796,0.5003524929949265,0.2253731311129938,56.66666666666667,5.441301847458157,5.079761514668094
45,10,18,73.41084514872111,2979.1221354079985,40.58149895117912,634.5629542800776,21.32862504333254,4.584853553210449,186.06022966091967,7.2316929746761796,0.355521852932917,0.4946343368913135,0.1498438101757694,40.0,5.24261450035853,5.070299347580542
45,10,19,44.008913626377954,1474.2191441763025,33.498194404251066,412.0054132157704,16.111905071392805,2.9635857810373287,99.27477262686268,6.725260221382362,0.5462146145864128,0.3400421340374441,0.1137432513761429,106.66666666666669,5.236047183773205,4.960994501513018
45,10,20,39.51639020667907,1170.850998349271,29.629502903111163,295.7356732139387,13.352796196977511,2.760530469721572,81.79314556674214,6.6690571240065095,0.5232898195303964,0.3769393569651782,0.0997708235044253,53.333333333333336,4.802774274021783,4.853362424619258
45,10,21,64.17476163132285,2273.233717635791,35.42255023392647,553.7287488963569,19.72564193346204,3.831364894890769,135.7167154537707,6.927816381910977,0.4764438129205051,0.3980020734199981,0.1255541136594967,55.0,5.272569306666911,5.096560295666453
45,10,22,106.25376168775058,4398.289477418833,41.394200144594855,1097.8710753045598,29.886093665398334,6.084106057830465,251.8467038587763,7.432185348704248,0.1992738249839033,0.6235112380453987,0.177214936970698,80.0,5.455079715721063,5.286222831936101
45,10,23,25.701088843062827,882.26178365307,34.32779790149661,308.5165293043876,12.465991618836654,2.0744056217299303,71.20977694847348,6.159019364485886,0.6576594130605172,0.2631158275970168,0.079224759342466,80.0,5.059529767211351,4.782903763233428
45,10,24,63.42080324764202,2373.2626553464406,37.42088611018465,561.5454858942253,19.88837900271888,3.9094356511691233,146.2945462574953,7.319772432493281,0.3395334493160596,0.4879656923606197,0.1725008583233205,76.66666666666667,5.369921171328265,5.092650282372304
45,10,25,43.07808938124965,1580.378338080048,36.686360996500696,571.6881862518718,19.473145336964045,3.007137238993465,110.32092231573463,6.90988263655942,0.5097608546895559,0.355684399306352,0.1345547460040921,56.66666666666667,5.471340947563383,5.018097251024665
45,10,26,37.60729680812641,1289.2898628713278,34.282970920492495,378.0994545925212,15.029363139720685,2.538249776935813,87.01874329163705,6.681846647710428,0.5698254193257083,0.3101077221550032,0.1200668585192884,53.333333333333336,5.361028909905013,4.912743593361227
45,10,27,46.92664004303302,1585.9980210909314,33.79739141000778,348.727027672503,14.424236943103525,2.9890556332485776,101.02228318319084,7.024357754476647,0.4823590859652574,0.3773695714684812,0.1402713425662613,85.0,5.311401498145519,4.909668416636276
45,10,28,66.57263383821642,2758.4336390089607,41.434948265866346,683.1936304544766,21.337197034020598,3.9717428796936463,164.56896074542925,7.656593518721893,0.2753557759709545,0.4892852831802872,0.2353589408487582,133.33333333333334,5.618041025126948,5.125011764655105
45,10,29,30.200985534546604,868.5653783138624,28.75950446452548,170.45854229878296,9.20359370413004,2.1323651338689955,61.32576458750384,6.908713484024156,0.5277067495079972,0.3415798473777786,0.1307134031142241,46.66666666666667,4.985227366203719,4.709768642532579
45,10,30,39.21135286804515,1079.5103035963866,27.53055491936677,236.4729606900152,11.814106768693106,2.627093061351128,72.3253298038146,7.098871785734606,0.4783287549438535,0.3711279298870104,0.150543315169136,113.33333333333334,5.197713589199815,4.817655698361862
45,10,31,34.67220601152959,1010.6092843798124,29.147533446350465,176.63117054211727,9.658177209785018,2.318895504007411,67.59008426164773,6.673829637897905,0.5499262376989352,0.3421148143424404,0.1079589479586243,50.0,4.871446959896163,4.723218876244502
45,10,32,44.4920888374196,1581.545157215625,35.54666005893352,332.3510269163103,13.187402379151251,2.7452299752748046,97.58375671468796,6.799881451076972,0.5369955704145669,0.3447128199235934,0.1182916096618397,110.0,5.102183241439281,4.855311619512623
45,10,33,52.391647550898405,2085.990746189776,39.81533018527885,504.5129259394735,16.95485008715436,3.2636815276637816,129.94455764352875,7.405702114815529,0.3682299735224361,0.4453747704554791,0.1863952560220847,56.66666666666667,5.32884313464098,5.005101344208692
45,10,34,54.58523310579136,1587.4928682815175,29.08282658067624,290.8998723528632,13.757223956131256,3.2755686893389857,95.26279614513868,7.103780718959542,0.4270099970647273,0.4276709805662929,0.1453190223689796,105.0,4.90476230372131,4.946674448965931
45,10,35,65.28139203930692,2464.064267886809,37.74527764976517,587.5060297853537,19.69691245942589,3.9679337045254353,149.77075937317375,7.341577515889056,0.3351555319059562,0.4926569481774167,0.172187519916627,108.33333333333334,5.034317697159707,5.016078880846193
45,10,36,30.853503046393428,925.6418239754022,30.00119054823513,183.36397413934932,9.45479482549566,2.1738857805777,65.21916153321044,6.45489303291771,0.6000526695264456,0.3086615367569494,0.0912857937166049,48.333333333333336,4.730523144027576,4.639366299305648
45,10,37,56.60031571236439,2521.1405145410117,44.542870173253576,755.8955389002539,20.961440380804135,3.4531870961768,153.8148645089577,7.332310016707385,0.3884154635045923,0.4404607663935471,0.1711237701018606,121.66666666666669,5.469543477530017,5.043730483341388
45,10,38,56.146643097298806,2072.3851862948163,36.91022422664692,396.0441093405608,15.04042005982175,3.271306689770105,120.74466343354467,6.883049771569826,0.4943216547074832,0.3890135755352105,0.1166647697573063,40.0,4.99435223948553,4.899783233490167
45,10,39,50.690038541232894,2034.0371465020548,40.12695995185532,534.2846609238709,17.66291679636884,3.1556695117639646,126.62742411984344,7.506739452997048,0.3422675192007186,0.4529333524137354,0.2047991283855459,31.666666666666668,5.42128336460838,4.99293609591795
45,10,40,49.64395933882068,1486.0341216145066,29.93383568527047,219.0958732804387,11.361676016519985,2.9454302792494955,88.16802600147471,7.104199301627159,0.4504257594045636,0.4102553189323142,0.1393189216631222,53.333333333333336,4.976675041251944,4.845525332549543
45,10,41,122.8099590822262,4939.438674226001,40.22018011518796,665.9005834621765,22.556025929278583,6.604857000229591,265.6485381842942,7.089692611014222,0.3377796278764744,0.5348239220401313,0.1273964500833941,160.0,5.129728474978354,5.134462510188947
45,10,42,81.19290669380244,2835.36562147974,34.92134641973801,652.5572757915186,22.536935441958285,4.67372230337159,163.21267562569514,7.468431830256122,0.3244436605894274,0.4770507367401119,0.1985056026704606,106.66666666666669,5.429067091154938,5.173036664362668
45,10,43,47.78376937392552,1714.5258953907082,35.88092605198042,427.9226497515787,15.94988886232727,3.0202051489739503,108.3677576121448,6.938757256274815,0.4830140323685264,0.3888756013898774,0.1281103662415961,63.333333333333336,4.846880868841195,4.900282063624033
45,10,44,31.90595510604098,907.2475075221464,28.435052469260537,203.3113742646675,10.456053760498444,2.253784096957739,64.08646905137829,6.736604565332274,0.5436137039651852,0.3373945320651939,0.1189917639696209,58.333333333333336,4.936627312414913,4.718431853707431
45,10,45,48.63046229761022,1489.7800207550652,30.63470817196561,347.6128830414875,14.77375312882326,3.2266020703806886,98.84601281317242,6.938900803989887,0.4585552833354719,0.4192091947605657,0.1222355219039624,55.0,4.641421607937149,4.883879990015041
45,10,46,66.44231149779625,2668.848067878087,40.16789915514313,549.3103702221667,18.405934280791254,3.843972990726239,154.4043194465855,7.369572213662701,0.3415442255895398,0.4781597156230082,0.1802960587874521,56.66666666666667,5.189087731987686,4.987933784465767
45,10,47,68.59943131006142,2366.689719830336,34.50013614738546,438.457196510516,16.821573056517316,3.880304062165594,133.87101843796586,7.0613095552142,0.3933971057980924,0.4723479011311334,0.1342549930707743,41.66666666666667,4.746100813044896,4.9688850083746505
45,10,48,29.604348047675064,803.6179537325161,27.14526773021192,172.88645989389934,9.904315485323306,2.175819883228965,59.06321326296868,6.82896783512114,0.5304215772505831,0.3414686989689475,0.1281097237804693,80.0,5.080776305412773,4.7620162780324
45,10,49,61.93118909235647,2783.8242903142,44.95027999805964,786.5622434914343,21.711295173702226,3.641741420981708,163.69729655365933,7.291402648356229,0.3998643835162714,0.4224368307677851,0.1776987857159433,78.33333333333334,5.468268058431264,5.066030787652991
45,15,0,24.38112647819669,468.9729599754036,19.235081709403048,79.96393892888108,6.470300775745617,1.8961568288619983,36.47273153700311,6.473412424407728,0.6084850931479401,0.2894766374930481,0.1020382693590117,88.33333333333334,4.713660215747634,4.63888584044261
45,15,1,17.102316776756457,300.47668082135857,17.56935535364031,62.54063831267012,5.330248429032914,1.5866619020032924,27.876626782378665,6.545916809856904,0.6188722220316754,0.2421131044931597,0.1390146734751648,66.66666666666667,4.83146218137408,4.434558720929905
45,15,2,98.8704586426845,4633.370161491191,46.86303902195984,1084.5521885965445,28.588523565725968,5.647305169426753,264.6498825237615,7.799751068690815,0.177891820926842,0.5643666601004846,0.2577415189726732,65.0,5.778814745743868,5.319344845713547
45,15,3,29.18995471758428,1008.4283678605112,34.54710285155137,307.74253978300976,12.434813463823184,2.235647009758243,77.23512718588128,6.864853499065619,0.5407413097591276,0.3360464012420372,0.123212288998835,83.33333333333334,5.022121978026955,4.728419156618463
45,15,4,38.98826921277638,932.3602646052497,23.913866489352056,183.58911446197104,10.767051329430576,2.5634277236099696,61.30146833751248,6.962198399957496,0.4749773677582078,0.4012266289408638,0.1237960033009284,56.66666666666667,5.071974323987417,4.84634344189203
45,15,5,18.74539712159278,360.3884644648445,19.22543769690074,81.7637473628136,6.288527713245394,1.7079547317424322,32.836177284240954,6.985371379342546,0.5209265558400763,0.306787756171108,0.1722856879888155,90.0,5.179400522774291,4.614963973490518
45,15,6,15.996744159780498,264.0178102203949,16.504471633933893,48.20592331759165,4.656690161892436,1.573774817319491,25.97432183064904,6.543184846250411,0.6084362730588715,0.2564791223016417,0.1350846046394866,88.33333333333334,4.686188740614324,4.3889965752696565
45,15,7,40.59270654933192,1168.3416155261789,28.78205753800389,212.5276541164528,11.060594056907604,2.6256855003251536,75.57263114706112,6.990079267234488,0.4763740356209425,0.3927737654760844,0.130852198902973,65.0,5.094311251362366,4.873441827975276
45,15,8,28.7264515669483,898.9050597095194,31.29189338316222,222.1702849886073,10.456175386860313,2.1413294363130526,67.0062524193349,7.468473527711923,0.3858631848132995,0.4079429355157001,0.2061938796710004,160.0,5.198567285293087,4.852555804242542
45,15,9,33.42995675704781,1042.5178120508413,31.185137917686784,241.7087703464196,11.381097060663029,2.3913563952453867,74.5747789960697,6.883711226629185,0.5071987434039509,0.3643908833006845,0.1284103732953647,161.66666666666669,5.278783825225709,4.895656796440383
45,15,10,32.51372435215803,1021.8553617485278,31.42843159647764,228.16386990523392,10.761648627426668,2.2577027121852606,70.9560552550965,6.875592943365958,0.5299333012505304,0.34886187286741,0.1212048258820595,120.0,5.110218358341607,4.79327481807576
45,15,11,37.79412914800124,949.9321357088032,25.13438349085603,180.97327499566825,10.32113525974232,2.5412440100808493,63.87260149321288,6.997304601015516,0.5050145081516723,0.3654886405236723,0.1294968513246553,50.0,5.225243149416229,4.820846713076254
45,15,12,47.25478557265487,1537.6306098294367,32.53915113984189,312.0103106104164,13.90994147106554,3.0296651985697065,98.58273379937876,7.185121297190267,0.4683317672324058,0.3878418219785366,0.1438264107890576,161.66666666666669,5.4162317215280735,4.927175767326407
45,15,13,17.95087478636429,341.74772604648444,19.03794272500192,78.59565280577361,6.089900151149595,1.712811765108081,32.60841228283709,6.56810497788729,0.5910336060246991,0.2737434942198206,0.1352228997554801,90.0,4.968233041299992,4.578184513412109
45,15,14,17.969837915427334,291.7058499802004,16.2330818649047,60.05360420161613,5.413310638904726,1.6770879586177032,27.224306126887083,6.718315775978924,0.5648069052669987,0.2883388702164928,0.1468542245165083,70.0,4.908009511513164,4.547389757292265
45,15,15,33.10238107632341,1014.15644006635,30.63696347788494,197.92849451331008,9.798983610871044,2.2098638438416813,67.70351787487601,6.855011333044265,0.5308894628552986,0.3483638319469295,0.1207467051977719,63.333333333333336,4.905609330382767,4.747185312248016
45,15,16,140.92884021790164,6348.961565245847,45.05083243024775,929.1073560887388,26.404636490823407,7.322133561641044,329.86821211738385,7.555782056458343,0.2130395193892942,0.5805057892809875,0.2064546913297182,63.333333333333336,5.432998486507694,5.219342489341266
45,15,17,60.60964238436064,2057.9617747873567,33.95436260350517,466.6085452322808,17.397692711134287,3.7334366132524894,126.76646052357736,7.242618839704988,0.402253276763508,0.4405641657844381,0.157182557452054,248.33333333333331,5.340552051488342,5.077086814087634
45,15,18,18.013745589520237,259.3655042975835,14.398199586457649,46.40243324676546,4.511754115470236,1.59946788634203,23.0294578596821,6.379440814852892,0.6199329149575935,0.2608876283822323,0.1191794566601742,60.0,4.821668482953149,4.527924320068478
45,15,19,11.941404557866528,251.18209667787187,21.034552130000737,58.48702884490361,3.594636611173246,1.4922219343547405,31.38822006771533,6.29395693895748,0.5696863380145614,0.282702681124948,0.1476109808604905,120.0,4.923839536907876,4.46702549656119
45,15,20,33.26278361102588,783.1410130352793,23.54406120044882,148.058824046927,9.239655365716438,2.286634478072316,53.83666209479096,6.7441930513601545,0.5493703947286496,0.3374362948312535,0.1131933104400969,80.0,4.8692701177749935,4.742187350069032
45,15,21,34.948028970824545,919.17993141579,26.3013382581073,214.95522830213392,11.283592962485608,2.5018270277879187,65.80139892112526,6.901967647546353,0.524935996485258,0.3535361602958629,0.121527843218879,86.66666666666667,5.116650500881917,4.763991267970976
45,15,22,43.96006395189455,966.1378116651348,21.977625253738907,168.63550441164003,10.335106553769146,2.815105533807978,61.86933447175836,7.434512415837495,0.3897681293117209,0.4203572824250172,0.1898745882632619,40.0,5.46886405347334,5.055630692923492
45,15,23,20.097925465148467,545.2607408763399,27.130200170254835,120.03866389505704,6.734516796189427,1.7197378290386491,46.65683154217803,6.570073539085378,0.614174170362174,0.2655939686985735,0.1202318609392525,78.33333333333334,4.800757242020056,4.541026373698631
45,15,24,79.23748002782293,3254.689748170884,41.07512943405133,752.9071292336605,23.78342814733544,4.80408045418698,197.3282264673263,7.619414328860332,0.2342271775373398,0.5506751250746482,0.2150976973880119,120.0,5.436513949841485,5.195025649808066
45,15,25,16.207658314219458,226.34197388071195,13.965124973182304,40.294255243280816,4.016515566613296,1.5503264063573123,21.65050201400448,6.4991797457461375,0.6134191399429922,0.2614595249256979,0.1251213351313097,88.33333333333334,4.692164077741205,4.446496069622794
45,15,26,39.42406364053167,930.5979230943332,23.604819928750075,159.2024246611111,9.788069383390528,2.498840763434401,58.9846862514894,7.02702358565767,0.4735738015840181,0.3893741246967228,0.1370520737192589,40.0,5.119966115126291,4.859816011538948
45,15,27,55.94705758110345,1528.81877532233,27.32616944342575,237.0056053706235,12.18685800565944,3.2318689113394643,88.31459749020212,7.226831153142159,0.431861825980461,0.4084444007498229,0.159693773269716,40.0,5.171678267823855,4.935395135983125
45,15,28,32.30756554997085,935.6944299373264,28.962084081824933,173.04056576366588,9.399242458995417,2.2132727174464275,64.1009905386926,6.793884309834636,0.5490465734413009,0.3358099681595358,0.1151434583991632,36.66666666666667,4.8321220164733045,4.717729268814505
45,15,29,18.356313059060824,247.43774251377928,13.479708137339816,38.58357452209056,3.984685956294618,1.624940105093746,21.90371835732198,6.528410249906377,0.5867149971928672,0.2887833370328278,0.1245016657743048,91.66666666666669,4.963951046583091,4.60635317411066
45,15,30,48.37669457694973,1341.692654253001,27.734277134599512,223.7826925747502,11.791443001907568,3.019281689288812,83.73759511815767,6.894625559651332,0.4804323120666709,0.3965828453190331,0.1229848426142959,20.0,4.928559555729478,4.882000532640282
45,15,31,34.74079416138561,976.221439229637,28.10014747200877,168.99335552983104,9.753945870098583,2.3947847268692954,67.29380398874146,6.749731222009061,0.5416053526109772,0.3527153277473066,0.1056793196417162,86.66666666666667,5.002410591053216,4.76938637772178
45,15,32,21.461950841799226,545.6483738118941,25.42398768098896,113.22283129078686,7.11103165807019,1.8236788207749457,46.365187873462695,6.732220647981393,0.5737152978402419,0.2958740976851441,0.1304106044746139,78.33333333333334,4.90205659308975,4.606884588572735
45,15,33,65.77379865130678,2913.9580539429944,44.30271800768345,740.1054271175874,20.947819325940905,3.791555484240254,167.97621342878165,7.510438044299674,0.3639092790771389,0.4438493622295179,0.1922413586933432,45.0,5.233097696072217,4.989195694494681
45,15,34,35.68550897601168,926.4661700135484,25.961971584497576,192.329838447922,10.69042519992819,2.493710142269873,64.74163185358384,7.047748812795513,0.4722594791053874,0.3838568580421572,0.1438836628524553,46.66666666666667,5.20681869092046,4.920148554687218
45,15,35,54.8272954620595,1995.77522627779,36.40112483131448,380.1267828053876,14.795230805389204,3.2411698097641457,117.98222684471249,7.011289318134386,0.4756725928234795,0.3966377651972028,0.1276896419793175,38.333333333333336,5.088707790960521,4.874142245637627
45,15,36,76.42570559070015,2737.519071851584,35.819349663743225,450.71054708747215,17.3912744849899,4.278208818286521,153.24265759671462,7.491983521189043,0.379678729209554,0.4406777735131742,0.1796434972772718,125.0,5.67291749518542,5.093052331818048
45,15,37,60.035117780188166,2420.9545033607624,40.32563927374666,605.4559056069521,19.41150171960298,3.564502313201735,143.7408344726087,7.51362920620766,0.3812334549534888,0.4322822438041085,0.1864843012424026,75.0,5.651636639612579,5.004817989057695
45,15,38,39.75591848487006,1447.3715911970132,36.40644327580661,398.0961199408843,15.093475658297056,2.793114666208684,101.68737065814996,7.42104739459551,0.4222192499964584,0.3950833915055871,0.1826973584979545,206.66666666666669,5.505678143824295,4.946504927762772
45,15,39,32.87716904404304,824.078172427124,25.065362876078808,206.58762310853183,11.332843236760638,2.428146741222944,60.86237918512131,6.884905889350106,0.5154280680446923,0.3616222842418902,0.1229496477134173,116.66666666666669,4.973289038746612,4.7719674978451
45,15,40,27.038729065537257,798.7705544807948,29.541719677160547,215.3818638016513,9.994569451120157,2.0568509164464994,60.76291319137325,7.175992092475188,0.4916834599424263,0.3375986627584481,0.1707178772991255,160.0,5.274213089238408,4.79905822884019
45,15,41,35.70381775052153,1101.0463270614275,30.83833596605631,228.44835517095316,10.959783918705927,2.396226399779691,73.89563476713967,7.122846138610262,0.4879820474945392,0.3627737029632322,0.1492442495422285,30.0,5.271908043288114,4.819335547188455
45,15,42,31.703431322576822,1151.2127846558094,36.31193018012537,351.38908950532226,13.018774834078595,2.3383003894953034,84.90820048351341,7.229938824284471,0.4727692391386675,0.3634144990360297,0.1638162618253028,198.33333333333331,5.496838370430374,4.854119056673108
45,15,43,17.204304989653703,317.2177903018138,18.43827986614872,49.247718719110125,4.587222671060834,1.6276904964201668,30.01181290846557,6.485227465094301,0.6079305503181797,0.2637698841973876,0.1282995654844327,90.0,4.810312562886207,4.486095307164144
45,15,44,17.201339109546343,309.83376350814274,18.012188558982146,73.68346194946433,6.084799207922388,1.6889173374383966,30.42109754247447,6.7468566125968215,0.5709248102934397,0.2797305215081673,0.1493446681983929,70.0,5.135680603603555,4.589883872632392
45,15,45,16.05667003738743,284.7177872087536,17.732056929973496,52.93051790623733,4.797231361099232,1.5658257705331842,27.76531170551404,6.5021671390444284,0.6057358383840203,0.2626538230478263,0.1316103385681533,88.33333333333334,4.646608471993824,4.415445500035643
45,15,46,32.852495837182914,682.9800081451945,20.78928832469977,109.7561110912605,7.547146686818058,2.1861838515537304,45.44920642075314,7.128833030850689,0.4748220535200856,0.3738163140078466,0.1513616324720675,86.66666666666667,5.089326446744126,4.800922227699264
45,15,47,17.430063419076134,280.8989949465737,16.115775840445135,60.23075462524074,5.380223254880331,1.6420616968649573,26.463098222856622,6.691596987215225,0.581362670878839,0.2724540204929684,0.1461833086281926,90.0,4.921488843721299,4.510846498768304
45,15,48,107.90998329741907,3984.0500767903854,36.92012504357115,694.1304621250133,22.705441998639447,5.7814213256122615,213.45079827117357,7.644287723532775,0.2125372176550595,0.5726168522402131,0.2148459301047274,95.0,5.300546339551347,5.141962862434743
45,15,49,24.09329838167797,513.4909756412641,21.312605999673096,89.25614533305625,6.703001673309582,1.8951451003375337,40.39048083570479,6.666574625168055,0.5513679721830961,0.325013522570261,0.1236185052466428,75.0,4.829526747889965,4.7071302755130695
45,20,0,7.93626527311276,82.34800030137436,10.376165295326103,9.191540572961983,1.3978268488698455,1.2627510385616307,13.102513502960187,4.415591641975888,0.7069026876231604,0.1812790316607062,0.1118182807161334,106.66666666666669,3.989921273736467,3.454405258596349
45,20,1,7.771549137663212,82.07985507065015,10.561582204102274,8.856775091244492,1.3007686390529405,1.2527879008656857,13.231422399297667,4.332249011087599,0.7210380186797036,0.1705922945513411,0.1083696867689553,106.66666666666669,3.926162495617355,3.42400280093477
45,20,2,7.331318386407595,77.43610393227935,10.562370893050748,7.289601605149625,0.979276482039283,1.2274944573164397,12.965251727340286,4.082935143040953,0.7586657707338703,0.1454767013301325,0.0958575279359969,106.66666666666669,3.715468324719045,3.3603690308595384
45,20,3,9.918476515795229,78.6082888267976,7.925439829555827,6.219807956860335,1.3428239478253488,1.2155431243379986,9.633713892171103,3.9086276794008334,0.7344348107686745,0.1871195441141531,0.0784456451171724,106.66666666666669,3.5822006518868266,3.3209758432154723
45,20,4,7.20797194646413,73.79110830320502,10.237430008229047,6.72489632945066,0.9259994116116612,1.227688634598468,12.568376468600102,4.074376041459111,0.7522526565077416,0.1528395582579864,0.0949077852342718,106.66666666666669,3.706737527981719,3.376394705310128
45,20,5,8.269729734771204,80.96317425304626,9.790304743893332,7.638133531922976,1.279502267292289,1.2333572010599514,12.074942856452244,4.139557586808439,0.7354509276078083,0.1684245541106798,0.0961245182815119,106.66666666666669,3.772488891219983,3.3652413330182367
45,20,6,8.53054426663856,69.36301817804592,8.13113630384785,4.359520641259155,0.9193229063072114,1.1860662812410196,9.644066598168669,3.586667950078572,0.7856125692034489,0.1487763145800653,0.0656111162164858,106.66666666666669,3.305748758119357,3.2431875430130224
45,20,7,9.429635863599744,85.67788075450585,9.086022195749823,9.124978377547242,1.6562134979566236,1.2565828810121895,11.417339947676016,4.340763807321574,0.6937231379255375,0.2018896314618193,0.104387230612643,106.66666666666669,3.943938808625285,3.414641882382535
45,20,8,7.710853664509332,78.59347957130743,10.19257827872533,7.0382614606467095,1.069510435971835,1.2203097568196215,12.438102720676264,4.020693841003154,0.7581773760526822,0.1492579286984505,0.0925646952488672,106.66666666666669,3.677912730508128,3.329562018041962
45,20,9,9.74969273665308,76.86969532617259,7.884319783452044,5.662538420919208,1.2518602986798628,1.2060820545330722,9.509136603021588,3.8122089207255576,0.7460549933819517,0.1796840074385633,0.0742609991794851,106.66666666666669,3.5038197537064004,3.2937288045825075
45,20,10,10.035650944568156,85.96587549706717,8.566048776696107,7.958148809552515,1.54573764583993,1.2315527786122566,10.549541172668212,4.102402002968745,0.716942017557384,0.1926700213822227,0.0903879610603933,106.66666666666669,3.755371208368061,3.346009460363308
45,20,11,8.842262814046805,81.81308726859163,9.252505720438831,7.290503085818949,1.3134864300389266,1.2234679632680392,11.32014432891118,4.045657394357699,0.7422199154353567,0.168074685595314,0.0897053989693291,106.66666666666669,3.693615216140622,3.330414507516791
45,20,12,7.065986732997932,78.4004115117396,11.09546542814922,8.837165927863026,1.0673388706774125,1.2582870982468644,13.961280997284284,4.388901613438642,0.7239151991533537,0.1623681000718299,0.1137167007748165,106.66666666666669,3.9559320493479606,3.461494275440202
45,20,13,7.4861980440829425,77.37123647176101,10.335184297310288,8.230226293256958,1.1989180244695845,1.2586669997892692,13.008555411764704,4.363077265124272,0.7135384084848785,0.1779181091651826,0.108543482349939,106.66666666666669,3.9377660997875017,3.466500211140367
45,20,14,7.65408900618394,75.55544318607824,9.871252231981494,6.176320947110466,0.9568804636096302,1.2101675877663387,11.945869501810131,3.888227122816176,0.7723529341566747,0.1428948334385036,0.0847522324048216,106.66666666666669,3.5625870284098733,3.3061991246621587
45,20,15,9.31782278756321,75.2977257084413,8.081042902956208,5.32250935425613,1.1547210743171457,1.200198876776607,9.698858615311613,3.7599091016058055,0.7585451516250138,0.1687875076680681,0.0726673407069181,106.66666666666669,3.4560657093487346,3.276220683538159
45,20,16,9.017414693983914,85.3950177604813,9.470011157128406,8.983117842162688,1.573870620822541,1.2520509652451048,11.856936610164531,4.313781499191237,0.7041848492036599,0.1914492668011946,0.1043658839951455,106.66666666666669,3.921902574303308,3.403196367249341
45,20,17,7.58402137532309,78.82109870773493,10.393048068693906,7.193173081215218,1.0225170959728471,1.2218375770622252,12.6986166705442,4.021001091511581,0.7655166731682408,0.1426327555424174,0.0918505712893419,106.66666666666669,3.6679861272242538,3.335451419950424
45,20,18,8.570564516679495,78.75732017783095,9.18928035890266,6.102610135659537,1.1237154649376828,1.2039418636077317,11.063359320511196,3.835421391401443,0.7671486314109451,0.1528292796828733,0.0800220889061814,106.66666666666669,3.5267551912861688,3.273309366229345
45,20,19,9.375668768562834,76.40994706751442,8.149812984405065,5.94683984387015,1.2690663809513336,1.2143432922347726,9.896670730580144,3.905761312295315,0.7376840590047223,0.1826196783225205,0.0796962626727571,106.66666666666669,3.58025765817017,3.318260815739644
45,20,20,7.107741266933072,83.79081597345088,11.788669962322064,10.82715450807988,1.2398078968633877,1.275441812996145,15.035762589557244,4.570132425654282,0.7073765030842675,0.166008819488979,0.1266146774267534,106.66666666666669,4.109145566394898,3.4895736753237805
45,20,21,9.583346466592678,73.64514735983458,7.684700497530779,4.953095153559136,1.1309338803693014,1.1950223130646849,9.183388563768569,3.680471954169711,0.763479667172699,0.1688109211180671,0.0677094117092338,106.66666666666669,3.387567824755505,3.265377956344179
45,20,22,9.985601660308454,80.14274399878732,8.025830262921957,6.04555116886231,1.308730170542604,1.2070439106747128,9.687529546968776,3.830545134149421,0.7435186635077153,0.1809133902227667,0.075567946269518,106.66666666666669,3.5275168566291604,3.289940548402829
45,20,23,8.613905438417284,75.51384905205576,8.766505459332121,5.934340983825185,1.1476066831153182,1.213118572175684,10.63481058579532,3.906741410119816,0.7531104504938058,0.1657902799466537,0.0810992695595405,106.66666666666669,3.5716377965281296,3.3206465919824506
45,20,24,7.854012889552528,79.51006720322796,10.123495889469815,8.529880195697638,1.33288051999978,1.2598775532010626,12.754365231066243,4.374025973400916,0.7077076670853948,0.1840532334482132,0.1082390994663918,106.66666666666669,3.95421960525296,3.457965518322242
45,20,25,9.169588235975246,70.83202904965245,7.724668461311666,4.447388668043715,1.015914251149263,1.1876372946113374,9.17410435316171,3.5938259405827493,0.7768162870403889,0.1589243815359894,0.0642593314236218,106.66666666666669,3.310541975500469,3.2450897612417444
45,20,26,7.976834984064333,79.05237332910842,9.910243033362825,6.183311344714342,0.999252944792801,1.199233826461914,11.884698674067227,3.782552767758848,0.783329546964915,0.1363432736322592,0.0803271794028257,106.66666666666669,3.491981625381918,3.2517468992623115
45,20,27,10.947445456349794,83.85216599774121,7.659518956461651,7.038802132226438,1.5462027209075788,1.227341397198524,9.400844697892223,4.027105509246651,0.7055407093782834,0.2139642504778999,0.0804950401438166,106.66666666666669,3.6774518631439914,3.3743393051086983
45,20,28,8.59170134682247,76.96996167954862,8.95864027070901,6.608063080011881,1.2535383145228445,1.226145370163545,10.98459529089054,4.045635234772521,0.7334325386114804,0.1779452350727365,0.088622226315783,106.66666666666669,3.692807198926895,3.356102155186445
45,20,29,8.639675222881388,88.86194311731332,10.285333745181832,10.583909053487384,1.6674565263548191,1.2682866058029187,13.044751025226889,4.478760233846067,0.6945759109635584,0.1894910351928682,0.1159330538435734,106.66666666666669,4.057301300648493,3.438788746234466
45,20,30,10.611294395894328,83.48017989270168,7.867106196299807,7.850532600035448,1.6362286828054484,1.242891471087777,9.777959193522832,4.168058059189002,0.6914218446743872,0.218830713282053,0.0897474420435598,106.66666666666669,3.803159512676503,3.4030921320466723
45,20,31,10.085505978424894,79.40160599632956,7.872843084540031,6.0767661294967406,1.3305536350615823,1.210314317233362,9.528614702550463,3.855966227974923,0.7382773832783086,0.185933280333892,0.0757893363877994,106.66666666666669,3.544362879127889,3.304930450793625
45,20,32,8.071416200733283,75.90819980133209,9.404570141536732,6.832628565761268,1.1867568694838897,1.2327491878466337,11.593476204026109,4.118697452092542,0.7330921717775344,0.1738505606717027,0.0930572675507628,106.66666666666669,3.7442648501131983,3.384874647977956
45,20,33,7.485274597556177,74.0064871258275,9.886943513066234,6.359876101525012,0.9548972043941528,1.2201770776366272,12.063821842531564,3.996042840586431,0.7604282687553962,0.1499186150948138,0.08965311614979,106.66666666666669,3.642734530072087,3.350339888987203
45,20,34,9.41465699482218,72.51752717339203,7.702620203080666,4.8280407021721015,1.1046367124627483,1.1945096105324229,9.200853858861056,3.681051091103092,0.7637460366626414,0.1682451208872905,0.0680088424500678,106.66666666666669,3.3847734370045397,3.266733800765446
45,20,35,10.241781577101982,90.75258250249487,8.861015226627618,11.444074880171286,2.002563507171101,1.2880383441879986,11.41332738033008,4.579455480010147,0.6567382887162003,0.2275593043302307,0.115702406953569,106.66666666666669,4.139883749318945,3.489198619338432
45,20,36,7.308554512762776,72.14622809652224,9.87147704385796,5.294943974558206,0.7374071682000345,1.1927611648581036,11.774314457702047,3.671212313784674,0.8025098214751186,0.1222453833351814,0.0752447951896999,106.66666666666669,3.38143030668373,3.2510461048393324
45,20,37,9.478786000780165,71.56296444826431,7.549802732372502,4.028710057270346,0.9623640591560848,1.1730041182796187,8.855949697271663,3.413623217290651,0.7936990828138036,0.1496210379528488,0.0566798792333475,106.66666666666669,3.1721397811256686,3.1898375961619987
45,20,38,10.65254432373069,79.21983714214575,7.436705704727048,5.993605749307223,1.378047589973458,1.2114789378227202,9.009412328062888,3.858492743908596,0.7278747081410541,0.1995183656439616,0.0726069262149842,106.66666666666669,3.541486741560949,3.328278543228058
45,20,39,9.877244819034406,82.90197326239587,8.393228555258219,8.418893404776885,1.6376888803218643,1.2537229226459556,10.522783034733823,4.279444946943702,0.6926571646411087,0.2098699424689762,0.097472892889915,106.66666666666669,3.884477218050263,3.42239180566814
45,20,40,7.528186866377001,76.36103953946585,10.143350702479998,7.204783945325875,1.0900860942566148,1.2346588303129755,12.523577513778257,4.150977411021991,0.7373615157166659,0.1647299002991833,0.0979085839841509,106.66666666666669,3.7760215745986567,3.389122811250518
45,20,41,9.832719831561484,76.53823209932182,7.78403467305619,5.058279968376009,1.1595330150858367,1.1915831406479964,9.275324482633197,3.6520560677338634,0.762865367975016,0.1700054564283837,0.0671291755966002,106.66666666666669,3.378035718163666,3.247338904506226
45,20,42,7.639892127094913,75.0964365965301,9.829515305615407,6.273165380091827,0.9737903560597244,1.215218129494673,11.945005203529211,3.943531715519824,0.7654475632394929,0.1478856820826895,0.0866667546778174,106.66666666666669,3.6023162090512377,3.329173291302518
45,20,43,8.520897961287472,81.10975650406272,9.51892123019947,7.426667411494501,1.2864233671468204,1.2293554000929228,11.702137217404887,4.095169193149864,0.7400626394991972,0.1670550068048704,0.0928823536959324,106.66666666666669,3.73178598498232,3.352091476138677
45,20,44,9.838527219458628,76.80447937778433,7.806501691216599,5.499674775401672,1.225713204938245,1.2016435086397104,9.380632082435348,3.76348824036507,0.7527834267083956,0.1756277845827236,0.0715887887088808,106.66666666666669,3.461650669480913,3.279543912177739
45,20,45,6.813650263740337,74.19738666778662,10.889520858244952,7.95739283369308,0.8612668967666953,1.2511779859902277,13.624728775817497,4.327781047616703,0.7360431539062142,0.1543861516810969,0.1095706944126889,106.66666666666669,3.881166393279325,3.464142506113944
45,20,46,8.119768276370822,81.78299001830425,10.072084231307354,8.477031716973517,1.350834319646634,1.249884486639685,12.58894182883926,4.299101352827904,0.7190810038110067,0.1761938145853114,0.1047251816036817,106.66666666666669,3.895674042977431,3.418839365295088
45,20,47,8.057386100147719,69.0951569964198,8.575381164265302,4.104438137600255,0.7730509968438016,1.174717823970484,10.073653101003211,3.44337451312468,0.8114586255697714,0.1272237738144664,0.0613176006157621,106.66666666666669,3.1917470084384045,3.196419991979959
45,20,48,8.670625890772795,84.29263788336223,9.721632434062888,8.629653144848465,1.4640519938903052,1.246219952994306,12.115292315005776,4.269823495326619,0.7167288136116958,0.1808274368672509,0.1024437495210532,106.66666666666669,3.8800796526004255,3.3935325105746164
45,20,49,9.772776801424357,79.24390269441182,8.108637320240673,6.996232162451089,1.45018648474672,1.2333254249064192,10.000588568397877,4.086198006403473,0.714549067675062,0.198341604797574,0.0871093275273641,106.66666666666669,3.723793913625893,3.3748029363554752
5,5,0,2.119245114232422,25.92860182674365,12.234829115618766,50.44444167574845,-0.9156078375540824,2.245432744471263,27.47248591922076,6.822982860489577,0.3823618593620216,0.4620373399412292,0.1556008006967491,106.66666666666669,5.061758122040602,4.493809050408549
5,5,1,2.054353035596139,21.795284376563608,10.60931787229987,36.41118790194946,-1.2901303229940917,2.0562732717969934,21.81565677280837,6.412060155898701,0.4637073466767852,0.4119263241338467,0.1243663291893679,106.66666666666669,4.724884097739979,4.287951741776127
5,5,2,2.06580562166739,19.83928345622752,9.60365450076299,28.33874352748256,-1.2423962335922327,1.8989521722710727,18.23688057596475,6.142474916630735,0.5186226749048105,0.3723356563358193,0.1090416687593701,106.66666666666669,4.519818855259037,4.1457464276279605
5,5,3,2.130946422900945,22.596818882858447,10.604123426104945,34.04975123910082,-0.9516315321016864,2.0018938211209814,21.22832916512374,6.378231845650555,0.4791800031413555,0.3903867045631228,0.1304332922955215,106.66666666666669,4.706343052796946,4.228997967865679
5,5,4,2.037382267421089,21.21524798395244,10.412993341110514,35.873437269338694,-1.3556201111644317,2.021586599499274,21.050767799064182,6.399043863772469,0.463071465288726,0.4169485191115174,0.1199800155997565,106.66666666666669,4.710974309005767,4.292938185016822
5,5,5,2.046500527893061,21.39829117495491,10.456039899967749,36.6411721340791,-1.3508189117585616,2.0096705248463707,21.01319519358278,6.410537269711871,0.4538596615167889,0.4271910539145699,0.1189492845686412,106.66666666666669,4.724774537579994,4.303966901661685
5,5,6,2.153683323121749,21.669756120929307,10.061718864739662,30.17571145047572,-0.8922142224412579,1.9560125991448805,19.680848868484503,6.2776983972330855,0.4923979418842052,0.3905232550711563,0.1170788030446385,106.66666666666669,4.615471776158767,4.19243151653201
5,5,7,2.046254317523575,21.884833876175364,10.695070348176907,38.221182778691535,-1.3149586394180206,2.0995845675092766,22.455204651458303,6.479990226290593,0.4475711650856541,0.4266522087323606,0.1257766261819853,106.66666666666669,4.771197572653625,4.339083368071266
5,5,8,2.0576837349072497,21.894784916570966,10.6405005517322,38.30410749285547,-1.2715340504446324,2.12596950182117,22.621379657093996,6.499240503850056,0.436211569917878,0.4414128201550101,0.1223756099271117,106.66666666666669,4.782924357134656,4.365746802143259
5,5,9,2.042368576316949,21.844980025038364,10.695904881396052,40.09933669461219,-1.3777189629551905,2.1558175999856,23.0584199910855,6.575981401849186,0.4227804497675775,0.4528967024043974,0.124322847828025,106.66666666666669,4.834346394554828,4.41744535900691
5,5,10,2.1503707275413224,26.936532783373824,12.526459944035953,53.96342680120372,-0.718666540405898,2.3130891352173744,28.9748183992852,6.90302781564592,0.3580837908664724,0.4796889874923347,0.1622272216411928,106.66666666666669,5.129007688296955,4.545065996379314
5,5,11,2.119975734647358,21.33073700344736,10.061783564232902,31.67186810604585,-0.9863041097394968,2.0278582613401834,20.403870924546567,6.281862118745552,0.4815015532661013,0.4047490934220593,0.1137493533118394,106.66666666666669,4.61424450856829,4.225600272603244
5,5,12,2.08491438800966,23.754807932160222,11.393661086888793,42.71010846640001,-1.125425175620274,2.2054906032286565,25.12861246350523,6.614945111260018,0.42727986862959,0.431831304583847,0.1408888267865629,106.66666666666669,4.881252481052328,4.386022215624498
5,5,13,2.15699981672811,22.838146429468097,10.587922285552446,32.6966320963368,-0.8196370775837799,2.015711401757036,21.342195671905483,6.356718260664613,0.4877068249944574,0.3835620609730232,0.1287311140325195,106.66666666666669,4.6699095027986495,4.2247792839616585
5,5,14,2.0985284194719,23.34412450802428,11.124044969521494,39.94166878806232,-1.0469300335551628,2.087986469236096,23.226855379534737,6.540003128277445,0.4401304636942381,0.4225621519868276,0.1373073843189341,106.66666666666669,4.837189586209675,4.328163543753377
5,5,15,2.0323062846878908,20.97078651526534,10.318713607917571,35.24801129629813,-1.4079026110754866,1.973232211941196,20.361218076938904,6.361419854517472,0.4778550185694162,0.3987527759864125,0.1233922054441712,106.66666666666669,4.689169694912618,4.252715060873333
5,5,16,2.079815424545055,19.99498849547488,9.61382835202727,28.06956171290284,-1.2070615808502607,1.9013241328799293,18.279003855074727,6.156682125236967,0.5132762847067659,0.3776763083552086,0.1090474069380254,106.66666666666669,4.526715701261725,4.150179936543823
5,5,17,2.1071051647461925,24.891747708489877,11.813244125139889,46.68807137318,-1.0124968348424466,2.1991116394547303,25.97864265531534,6.720556830321223,0.408408983433637,0.4387370346000909,0.152853981966272,106.66666666666669,4.976139594691369,4.421280767738801
5,5,18,2.153227882563601,27.05062845129379,12.562826568587672,53.88340754823491,-0.7310329075466233,2.329092584984996,29.25998620735005,6.886066290008943,0.3640299916564229,0.4734173217599569,0.1625526865836202,106.66666666666669,5.113726442718767,4.5291150568115945
5,5,19,2.099937863226506,23.19030395465169,11.043328643553442,39.87489727794858,-1.0711117432388448,2.0855143617311667,23.03102048744787,6.533836473135996,0.4436801565111125,0.4178277242962466,0.1384921191926408,106.66666666666669,4.832216622146976,4.321697054619489
5,5,20,2.054979295831641,21.983692659722408,10.697768441908174,37.75745556572348,-1.2716685567557144,2.080840255520288,22.26034721815708,6.48523956465479,0.4509924508157836,0.4210636755185489,0.1279438736656674,106.66666666666669,4.779921185685936,4.3289434548822765
5,5,21,2.072472238461419,21.452908955484077,10.351361314933936,33.42070340703081,-1.210962010832148,1.9659479805230309,20.3502378727586,6.313848959168344,0.4864393194361016,0.3912520425315471,0.1223086380323511,106.66666666666669,4.662877878725645,4.214498866866298
5,5,22,2.136737941289787,24.15845325312782,11.306231235143974,41.60542280452677,-0.8317673886609174,2.193185840717113,24.79666625679132,6.616946156072217,0.4158147635515878,0.4477691663125708,0.1364160701358413,106.66666666666669,4.884374752399187,4.393255473717174
5,5,23,2.124089306057382,21.4723347876652,10.10896045021806,30.025694505342887,-0.9758159380607384,1.9955082193763416,20.1725136677605,6.228311817051051,0.5018482509948691,0.3826808644427603,0.1154708845623704,106.66666666666669,4.568351350537587,4.187090168913289
5,5,24,2.0741129693575675,23.553807422219972,11.356087045497572,45.32879653858729,-1.2539674381560473,2.1988384869290503,24.97020125655647,6.7244285574008265,0.3913815691705976,0.4729588141995017,0.1356596166299007,106.66666666666669,4.962527864098063,4.486494857887976
5,5,25,2.0410897878664165,21.85029950898263,10.705212303189803,38.64458392519509,-1.3859556529598822,2.022827074737704,21.654793287707516,6.488696977813113,0.4441791697961184,0.430637690428467,0.1251831397754146,106.66666666666669,4.7867647883477416,4.335886772784573
5,5,26,2.0962646267617693,21.74371554972236,10.372600516238846,33.899440292373264,-1.0647392128310211,2.052087070056393,21.285479402234,6.390424004430948,0.4687337822458747,0.4095029405341271,0.1217632772199981,106.66666666666669,4.701136149115101,4.273170367844948
5,5,27,2.096462558977331,24.614041593588173,11.74074942964642,49.80925507366244,-1.0914575162947604,2.29455848962871,26.939836278398623,6.815695830800756,0.3721586880971544,0.4808239507868436,0.1470173611160019,106.66666666666669,5.040374473735257,4.531098611273809
5,5,28,2.071635917468292,19.05403789964872,9.197580394789789,24.448620046535293,-1.238275669516267,1.8034232298293351,16.587130142186773,5.85754205137694,0.5610514511251442,0.3418466811258299,0.0971018677490257,106.66666666666669,4.30731675019985,4.015404765507586
5,5,29,2.0344211217060155,21.759322291251603,10.695584143859444,39.307228968265264,-1.4421416003796528,2.0784657904287545,22.230405751664076,6.548766848236355,0.4332578818849339,0.441960248785881,0.1247818693291851,106.66666666666669,4.825830030510235,4.388275037213642
5,5,30,2.1156953321868435,24.722307115160216,11.685192446686797,46.11789756765294,-0.9571638538343662,2.157349463323513,25.20904365369173,6.716846902803949,0.3988239759825505,0.4560848999111354,0.1450911241063141,106.66666666666669,4.9811039109363024,4.435066690484934
5,5,31,2.0532751143646184,23.256525393370104,11.326551045531366,46.14622888054153,-1.342879599699155,2.239834170178092,25.369596062047545,6.708498860448857,0.3968635719298405,0.4660144644908499,0.1371219635793097,106.66666666666669,4.945137499486,4.481094300421966
5,5,32,2.082897524797352,23.4453091382319,11.25610302912666,42.79618585558757,-1.1398156625892863,2.1649443752198545,24.36883693980293,6.630651168255761,0.413720129246996,0.450311941944542,0.1359679288084618,106.66666666666669,4.897534522851862,4.41026224907186
5,5,33,2.0578698875526986,22.2381317521219,10.806383769271427,39.18492336349753,-1.3065951027601923,2.045379328297891,22.10315397532163,6.513294087261722,0.4514644833323231,0.4142068871037944,0.1343286295638824,106.66666666666669,4.8136379456521965,4.320171484849375
5,5,34,2.155116996672931,22.97122283975109,10.65892147628832,32.73366986690912,-0.8246145111318383,2.015630532501996,21.484447571147985,6.311817272162311,0.4943057098329473,0.3776252912956672,0.1280689988713854,106.66666666666669,4.638092745442276,4.1953908631475
5,5,35,2.155025922536677,23.20228978274439,10.76659428552628,34.621954928247746,-0.8346198777876362,2.0124413007777107,21.66713900891037,6.345594281906688,0.4780695685097713,0.3937726248461191,0.1281578066441095,106.66666666666669,4.6872726883685365,4.210274213591695
5,5,36,2.1396223500721163,22.90494092998101,10.705132580620592,34.520284245129524,-0.903354114805132,2.0524563244500698,21.97181706917123,6.440909473210652,0.4682821852125358,0.4005520570040824,0.1311657577833817,106.66666666666669,4.740865433527321,4.272280277810064
5,5,37,2.1094312572138767,25.1922483595426,11.942673302763303,47.23275445036507,-1.0149856935794557,2.166951363122735,25.87919219275244,6.743441621429997,0.4021344512250162,0.4459890806877661,0.1518764680872176,106.66666666666669,5.004443779937609,4.430195943709911
5,5,38,2.039914210360509,20.025274109319497,9.81672366789409,31.22878726226421,-1.368895522095703,1.937315866097288,19.018094514903986,6.231702494838432,0.4930704424097722,0.3968162828897205,0.1101132747005071,106.66666666666669,4.583346807747875,4.207588684305062
5,5,39,2.119022033066372,25.05619902552496,11.824416468792869,47.6030442700255,-0.9212188789286048,2.2947506201225942,27.13408702435025,6.744297894877747,0.3906998283913598,0.461634143422964,0.1476660281856761,106.66666666666669,4.986533595241423,4.467301562403129
5,5,40,2.0754254607647717,21.004475731187817,10.12056377271574,32.33548277845075,-1.1952748299017846,2.031405803728716,20.558971984901344,6.286949511055848,0.4862214436387923,0.3975955894481979,0.1161829669130097,106.66666666666669,4.619311221400839,4.229373959654635
5,5,41,2.082993169696344,23.80487654021714,11.4282067202781,46.88811936421224,-1.2590746968442108,2.162169706201319,24.70972236679164,6.762623615007791,0.3845266045914277,0.4756954887164789,0.1397779066920934,93.33333333333334,5.00227108152217,4.49570715323949
5,5,42,2.0760356179002275,22.399571856807523,10.789589380678931,37.82913707921789,-1.2186928221527948,2.0875639635973147,22.523957973117607,6.4848656841578345,0.4578854147218837,0.4077318645176224,0.1343827207604938,106.66666666666669,4.78266311258883,4.30709307771876
5,5,43,2.023042957531498,20.87172622629081,10.316996062089723,36.9381670844389,-1.4659839698639057,2.033240327315478,20.976932450195807,6.463511308162846,0.4491492444923385,0.4316730428651547,0.1191777126425067,106.66666666666669,4.75394787070237,4.341768283811115
5,5,44,2.099031190158023,22.76714436550954,10.84650122030609,36.30482631384272,-1.0529863562177606,2.047760151683039,22.211032984124262,6.431461890644904,0.4666548148798818,0.402475502941582,0.1308696821785362,106.66666666666669,4.747001504741451,4.267471568391273
5,5,45,2.151767866318439,20.41484425468253,9.487475193879185,25.65120239273425,-0.9091284517263408,1.8936212646666788,17.965684775127244,6.078945477087865,0.531195514829292,0.3614599479449226,0.1073445372257855,106.66666666666669,4.448811706668018,4.110466440438238
5,5,46,2.058032565980457,22.11635600026955,10.74635861737844,37.84364092779335,-1.2622537776432965,2.104648863737147,22.617311453377432,6.4783640914999,0.450121529088644,0.4222833015689133,0.1275951693424426,106.66666666666669,4.771295929387351,4.329135601430599
5,5,47,2.0757300904004774,22.953295399961565,11.057938364006231,38.98415802805997,-1.179341771339804,2.077145984958921,22.968952274718763,6.480397167556339,0.4518749505833038,0.4150186697329092,0.133106379683787,106.66666666666669,4.786287940928516,4.30511225869728
5,5,48,2.0621412964523222,20.57636603100569,9.9781552633687,31.184727826156315,-1.2625998998084793,1.97683895899872,19.725206063565377,6.221558905843536,0.4986446208793549,0.3881201769057841,0.1132352022148609,106.66666666666669,4.572608379603367,4.192331850701872
5,5,49,2.1430118075208613,21.81285676237664,10.178598496669412,31.01693334176536,-0.8671021623828592,1.9906342731116904,20.261867019713264,6.315670242968562,0.4834157151936835,0.3991127251835852,0.1174715596227311,106.66666666666669,4.638682024445361,4.222685854948283
5,10,0,2.275255974030782,25.791242643464702,11.335534523517213,51.758034037648606,-2.689766538012081,2.075003003211516,23.52126817930603,7.415599666704107,0.2719064921321847,0.3880257397589294,0.3400677681088859,106.66666666666669,5.8958982839772265,4.472711109340058
5,10,1,2.3403654854438702,27.688365685941797,11.830787053625713,60.93986218697438,-2.6344890845161,2.267993027990985,26.83214255326912,7.616138432293386,0.226390590870254,0.4003608500774275,0.3732485590523185,106.66666666666669,6.039674438183621,4.640795466787952
5,10,2,2.233769508440036,26.6814795631421,11.944598340307389,65.72143798913336,-3.198224343294138,2.3250482998568183,27.771768063604263,7.656116378696467,0.2149757090433413,0.3989925778479382,0.3860317131087204,106.66666666666669,6.066251693041313,4.703709130563633
5,10,3,2.171750729948816,25.472562681075157,11.729045295025868,61.02339337989432,-3.530124798385318,2.2646912333086084,26.562666054724662,7.563814115435397,0.2198360451336086,0.4094981069101398,0.3706658479562515,106.66666666666669,5.984280473452685,4.682665952979049
5,10,4,2.3574551311515166,27.074979477279356,11.484833420373254,55.91050643017961,-2.553527948729911,2.237422572637386,25.696425537723357,7.603508368341344,0.2199405891887824,0.4143788568852662,0.3656805539259514,106.66666666666669,6.017357806615253,4.671142048504885
5,10,5,2.249241619140989,24.79261987772506,11.022657444509514,45.55641112268024,-2.574246617058781,1.922432709767356,21.190317219885745,7.225920375347429,0.3176971485389147,0.3680566281215891,0.3142462233394961,106.66666666666669,5.766108747303839,4.312057113173204
5,10,6,2.221561196977179,26.198126282273016,11.79266468910248,62.26387614234001,-3.2034669944538265,2.285346050133274,26.950319667786488,7.624101432649881,0.2199389644727508,0.4035532359047313,0.3765077996225178,106.66666666666669,6.036000867893995,4.694171705686503
5,10,7,2.3105564110681667,26.015875389380778,11.25957161866205,50.945430534734506,-2.552493474176518,2.0745606569614696,23.358664294316263,7.425055423254078,0.2661466290281895,0.3935261567229288,0.3403272142488816,106.66666666666669,5.897131388649519,4.487099823513951
5,10,8,2.245984072751717,24.755025600773745,11.021906121731568,46.73874948618221,-2.7291039814577758,1.9574663395848608,21.575010231353858,7.251325567312659,0.3022402282092765,0.3773687913721053,0.3203909804186182,106.66666666666669,5.782269743118421,4.3488647563140805
5,10,9,2.2671769882563297,27.030725165110344,11.922635641207478,61.73453430798536,-2.995784174907716,2.259751622668212,26.942195236700456,7.609862289596037,0.229468513817007,0.3970536440680755,0.3734778421149173,106.66666666666669,6.03633410675104,4.643749659628634
5,10,10,2.157173231161458,24.57892375645169,11.394042630140548,52.849108559741175,-3.217955735801112,2.0457500786253404,23.309363606470505,7.366274652240211,0.2820960554740771,0.3797961022903131,0.3381078422356097,106.66666666666669,5.865336199437789,4.442201971952175
5,10,11,2.3193435529012127,27.08321200151666,11.677102328216492,58.23719256053872,-2.6010971695686225,2.1577994904777777,25.196845454082418,7.547598957910688,0.2497264011436317,0.387994606973644,0.3622789918827242,106.66666666666669,6.001261582984969,4.542044809597808
5,10,12,2.114760443472928,23.890021439366503,11.296797948487036,52.40629168996352,-3.3992701047316003,2.0349929341044906,22.988904003177225,7.351609453581121,0.2832356108075519,0.3810187855940978,0.3357456035983501,106.66666666666669,5.8498987732248375,4.451091031009154
5,10,13,2.2490788097222336,25.04412111776761,11.13527947953972,47.555402014567086,-2.647353947654738,1.936704448178888,21.565745299739667,7.279580623345318,0.3129683135779277,0.3648767444974901,0.322154941924582,106.66666666666669,5.819187479729959,4.332272136509031
5,10,14,2.149882424202913,24.50001685445512,11.395979881801535,53.74228191490437,-3.3953655816546595,2.1064241819477045,24.0047676000163,7.416968523836543,0.2616734032870365,0.3968889615318385,0.3414376351811249,106.66666666666669,5.887495753592349,4.527344512919703
5,10,15,2.1850994223916844,26.428949640683776,12.095078773008948,67.59214323699364,-3.502129946114133,2.3786551947434407,28.77002195424885,7.683033644691909,0.1993189729376864,0.4062642246110341,0.3944168024512794,106.66666666666669,6.071412344556148,4.781635296581243
5,10,16,2.213225058472599,25.942589653567595,11.721622956623856,63.83215572332671,-3.513337030607234,2.4265103452954566,28.442639367900505,7.655096591850162,0.191132629966902,0.4250478297406083,0.3838195402924896,106.66666666666669,6.034239303744055,4.821850590559977
5,10,17,2.169387455706276,25.009090991713283,11.528180881626428,57.784520769468784,-3.4170454446036747,2.2114148593308074,25.49359050268201,7.502752881361507,0.2362972842832904,0.4056095883497406,0.3580931273669689,106.66666666666669,5.943937509901391,4.620047766994231
5,10,18,2.288952837764212,26.073005199277898,11.390800530755063,49.84548753410581,-2.5036329759787166,1.9905544232208856,22.674008380521308,7.363539616015126,0.293834383191892,0.3742841881863001,0.331881428621808,106.66666666666669,5.868561632502055,4.39470394843431
5,10,19,2.255509491359857,25.20068488893285,11.172945618481634,48.58201250617681,-2.684545987271452,2.011924106292142,22.47911862811436,7.3423456333320445,0.2894945468536581,0.3831329739887346,0.3273724791576073,106.66666666666669,5.840514564860358,4.418807958476525
5,10,20,2.1792930289679786,25.194041319142524,11.560648790343429,57.73380026044064,-3.2996751810788068,2.167046796784556,25.05246692986497,7.498360617209008,0.2464640280301849,0.3948448871837826,0.3586910847860325,106.66666666666669,5.954300550697027,4.570154714879802
5,10,21,2.2683128649034865,26.28238440587612,11.5867545489561,55.78389765862257,-2.7360643863744114,2.077118437533271,24.067061504809217,7.430159133134499,0.2731027174248895,0.3772439552803341,0.3496533272947764,106.66666666666669,5.9259736610368,4.44072087635552
5,10,22,2.289707240960426,27.024621081353004,11.802653456263442,61.03850047403319,-2.942324509333585,2.28161983036001,26.92916817667778,7.604612083145629,0.2195512927093572,0.4063002215191559,0.3741484857714867,106.66666666666669,6.024974482597272,4.662262257588596
5,10,23,2.3585026840744536,27.676622979995237,11.734827849414282,57.63304064318482,-2.342581943646543,2.134887899119147,25.05254197396092,7.555857672704642,0.2530217188422574,0.3858088603657242,0.3611694207920184,106.66666666666669,6.007987939141694,4.529242721394136
5,10,24,2.255850968737489,25.367371232214577,11.245144995731565,49.91273014232072,-2.774129556886122,2.065930645651665,23.23168966147829,7.396525242418733,0.2730273033415243,0.3931326550407525,0.333840041617723,106.66666666666669,5.873435803813214,4.484092371949827
5,10,25,2.143637145583716,25.190877224653768,11.75146515656886,63.9615553553295,-3.68079135441802,2.349982475073068,27.6157371743686,7.667690324689566,0.1982585580756489,0.4143384333839986,0.3874030085403525,106.66666666666669,6.045656761641808,4.819281154027745
5,10,26,2.3666466845140106,28.687741634627525,12.121683317727054,68.21834621808489,-2.763010760326657,2.473908303599264,29.987933013325637,7.742031844551708,0.1898191368788988,0.4121600680251311,0.39802079509597,106.66666666666669,6.120860025787566,4.798383619005447
5,10,27,2.2509850394102875,25.224721216501933,11.20608123771018,51.11874829040931,-2.893916269287476,2.0823305805437933,23.334765649341943,7.39452665568912,0.2645669721322353,0.3969472733734869,0.3384857544942778,106.66666666666669,5.873774890237895,4.48793201631873
5,10,28,2.380572516278073,27.46547625508053,11.537340730969069,55.698336924701096,-2.3344666788576087,2.177961429923544,25.127883115936537,7.588043752524865,0.2312759080012399,0.407915465761791,0.3608086262369691,106.66666666666669,6.007501737043377,4.632200089519847
5,10,29,2.1424235574667634,24.684895990898863,11.521949478602023,60.18025901262144,-3.654865691652523,2.27884714456133,26.256761669092125,7.561261234368526,0.213652564462144,0.4181870998054904,0.3681603357323655,106.66666666666669,5.972072102661164,4.715927559444578
5,10,30,2.192937304757221,26.00806478365505,11.8599217256393,66.73638335315556,-3.578681619471105,2.414486483982333,28.635620707644524,7.715426153076756,0.1892735009594051,0.4141982155752473,0.3965282834653476,106.66666666666669,6.085348752902651,4.843065394617293
5,10,31,2.2875916264315177,26.620548849102168,11.636932283507416,57.76492601257547,-2.820227403614938,2.1901070680888086,25.486127644980435,7.549718763530042,0.2427671993374026,0.3959507629062653,0.3612820377563321,106.66666666666669,5.9934423296140125,4.584678860455531
5,10,32,2.1332145423898634,24.45371693893101,11.46331812998764,55.994456548538096,-3.4622259304345286,2.104204432878746,24.12116482461929,7.437593747198029,0.2631834453967198,0.3883556063466121,0.348460948256668,106.66666666666669,5.908775261624282,4.522882587665114
5,10,33,2.3277584579991744,27.49794151084097,11.81305621137205,57.26852360519851,-2.3899178318524488,2.121003075040365,25.055528549944803,7.582772311613643,0.2562761593897408,0.3874617782924996,0.3562620623177595,106.66666666666669,6.019302817479522,4.564394998820329
5,10,34,2.361754115093035,28.76932761156456,12.181339042752665,75.2244745169014,-3.187418387943973,2.731242913076519,33.27019593230052,7.838012754741233,0.140033240568189,0.427637217261636,0.432329542170175,106.66666666666669,6.160262960159553,5.037669152066444
5,10,35,2.3579813009760686,27.111906972337824,11.497931286017856,56.80086826909792,-2.606401923261806,2.246840971035831,25.834023095579617,7.560257007219229,0.2223059506882765,0.4141118702817,0.3635821790300233,106.66666666666669,5.986613147393541,4.636413001199466
5,10,36,2.373160478100949,28.32677475121013,11.936308147975645,66.58749400178064,-2.7923683621547983,2.4878084658563324,29.69524846160373,7.718569274990898,0.1811698596974188,0.421247457502583,0.397582682799998,106.66666666666669,6.095461843362628,4.816863620222085
5,10,37,2.252502252827672,24.893833200659504,11.051635206761327,48.405477028264364,-2.788468114305434,1.9985633175693716,22.087392723391385,7.312178559280936,0.2878665230069109,0.3824125396269572,0.3297209373661319,106.66666666666669,5.82440569334611,4.394305169663734
5,10,38,2.1337628827119195,24.67860465027198,11.565767147897215,58.982392138480776,-3.5976851662095783,2.2130485093925563,25.59560374663533,7.520460353936557,0.2334427689413668,0.4052782734283355,0.3612789576302975,106.66666666666669,5.953795989788953,4.642908535925459
5,10,39,2.248477796914512,25.64496137531385,11.405476812137223,50.67850660596678,-2.829986413202409,2.017820640126597,23.014206522015783,7.360083466877279,0.2830163105441577,0.3808126636823363,0.336171025773506,106.66666666666669,5.8650400672688345,4.414653496326726
5,10,40,2.2647552174736223,25.76366939704822,11.37591789093573,53.34219969480768,-2.813034250790468,2.081203582403332,23.6756010677416,7.431493609395101,0.2656033735553023,0.3882521036809321,0.3461445227637656,106.66666666666669,5.913098553228068,4.479234450630424
5,10,41,2.218038286891235,25.514766006237284,11.50330278653501,57.4208092262225,-3.260106583239664,2.20996697740489,25.421919289332024,7.507129146502763,0.2294905986318316,0.4096667469991766,0.3608426543689916,106.66666666666669,5.947165353972741,4.619801090788631
5,10,42,2.27379055284698,27.05818096745482,11.900032275873285,63.10050274009994,-3.042230381423104,2.310137120830557,27.49070629957661,7.618932087163763,0.2150919939642935,0.4054194941814465,0.3794885118542599,106.66666666666669,6.03702327695544,4.681279160599912
5,10,43,2.32057666893839,27.150312809984623,11.69981288418506,56.63615551759526,-2.547249756892979,2.104425938336981,24.621389707168245,7.496678097278506,0.2625268070079015,0.3808788959084562,0.3565942970836421,106.66666666666669,5.969721727514351,4.481581534104917
5,10,44,2.324844681231133,28.1632270739296,12.114025208348812,67.23789651928746,-2.926967115407825,2.4015341574219757,29.09224532172053,7.722587780832377,0.1941076560766579,0.4072801427279909,0.398612201195351,106.66666666666669,6.111654218589351,4.775800911247376
5,10,45,2.2777659882868977,26.287434690369924,11.540884720181742,55.58781089200044,-2.735628624109244,2.100376472275063,24.240202735508507,7.452623641918247,0.2645731025626479,0.3829579110468306,0.3524689863905215,106.66666666666669,5.935747051907268,4.4716378326322594
5,10,46,2.176708723392749,25.66040473732226,11.78862585588687,60.7393457121504,-3.322737408074315,2.205752579305017,26.002791888084275,7.531615699730689,0.2433601183275167,0.3918969640407791,0.3647429176317041,106.66666666666669,5.980661954846168,4.592272840423888
5,10,47,2.291612329929443,27.113340567897083,11.831556417193775,61.23817524432909,-2.813906182370453,2.212184377016819,26.17358426190916,7.587922345460266,0.2382245865964591,0.3884963322153485,0.3732790811881922,106.66666666666669,6.031725804992697,4.588223515439894
5,10,48,2.267078184977084,26.556686929924822,11.714058697183072,63.73827215071282,-3.326670559207316,2.4672993966471104,28.902089955848627,7.665374982743056,0.1812247972734518,0.4318959391723291,0.386879263554219,106.66666666666669,6.039802436983806,4.843674989276614
5,10,49,2.2181964628428936,24.91713519194378,11.233060555875822,50.79715101206949,-2.909502201427693,2.033875366273201,22.84664515245099,7.357334531146977,0.282961765993393,0.3822722639398119,0.334765970066795,106.66666666666669,5.856573747862338,4.426122235740847
5,15,0,2.4690495619797432,29.809780713728514,12.073382880911598,73.34982456790625,-4.544076818197767,3.031151846801925,36.59625681662194,7.788795002954911,0.0762719489918168,0.2656897818792198,0.6580382691289632,120.0,6.45898294079271,5.230681937236726
5,15,1,2.546128005778196,30.34430856232335,11.91782522067226,71.45642010883324,-4.435969914159924,3.1284677006382777,37.28453126472542,7.754341523337658,0.0713140744247682,0.2755886840176245,0.6530972415576072,120.0,6.429629510047075,5.216839336183668
5,15,2,2.2020375177952203,26.21650909672889,11.905568767501313,67.6096049298716,-5.02246915648554,2.6152478104190853,31.136012651001657,7.660867448988387,0.1262325693251456,0.2710606491415367,0.6027067815333176,120.0,6.368272391364654,4.969323579715489
5,15,3,2.4218884067222857,29.36754674088961,12.125887658314864,72.86038045650312,-4.724755842968362,3.084090214168901,37.39733146512032,7.781965106627391,0.066646956341284,0.2695752022186828,0.663777841440033,120.0,6.462769426264721,5.307283782153409
5,15,4,2.3180495135983787,27.408993167508548,11.82416208399308,67.06518835001856,-4.767977640590337,2.712983998009709,32.07876252374636,7.6884074859621725,0.1104006966187636,0.2748651690707603,0.614734134310476,120.0,6.3825537044914045,5.027721155118933
5,15,5,2.504372791593759,29.647171662803068,11.838162338417632,70.47882642523416,-4.6097395078987375,3.1885050648218733,37.746040574228175,7.744551538174322,0.058128692814876,0.2795510006441291,0.6623203065409948,1313.3333333333337,6.4336507929987565,5.323625854134271
5,15,6,2.607005865492367,30.503247035748693,11.70049037461132,70.19892921459898,-4.45094054121415,3.237277319535306,37.87773211717038,7.753635146508563,0.0501375525969914,0.2772392785789709,0.6726231688240376,1313.3333333333337,6.44302737881357,5.351129073871451
5,15,7,2.481950900014469,29.325594995768537,11.815541957577636,68.81405038197882,-4.766297612712297,3.1517801640589216,37.23999076949912,7.730246726006998,0.0630269183612223,0.289144210825514,0.6478288708132636,120.0,6.41754203069844,5.303224749867946
5,15,8,2.4531744646163967,30.189907319860318,12.306465665327686,74.63494950816634,-4.585827841362829,3.0797925676786835,37.90136149046912,7.800195512921975,0.0692172708153806,0.2653231431678138,0.6654595860168057,120.0,6.466862167938906,5.263972857283038
5,15,9,2.543401655131869,30.982736412648716,12.181613686589484,75.38319650934618,-4.389906196386865,3.231837451902277,39.36899533692526,7.788970825434317,0.0611673456107618,0.2635551578606233,0.6752774965286148,120.0,6.460984445046284,5.29083265818785
5,15,10,2.343181457111733,28.56836127248,12.1921250212069,73.62815822711879,-4.80493200118658,2.937181338221277,35.810482085549594,7.763185940612964,0.0890766774306453,0.2663913593977028,0.6445319631716517,120.0,6.442393813182658,5.166404041387706
5,15,11,2.29297566513394,27.015851594206225,11.782005367522355,68.82808289191988,-4.93302780452429,2.8248243907824584,33.28209613450699,7.706441136298399,0.0980847789186452,0.2777024579670458,0.624212763114309,120.0,6.401036289802664,5.121736128171857
5,15,12,2.2605779487699174,27.706898529195737,12.25655525140034,68.67740413737549,-4.766609747390507,2.567815290006084,31.472569977350155,7.668284014673548,0.1348788680661279,0.2608071442778708,0.6043139876560013,120.0,6.370139849908412,4.885952228192727
5,15,13,2.206815864452419,26.67280446552876,12.0865564251085,70.82665201408776,-5.094774948865172,2.7944617955186475,33.77542016934615,7.752918359929506,0.0962686899837006,0.2710674373792504,0.6326638726370488,120.0,6.439144939657098,5.171199062439559
5,15,14,2.521870018934357,30.33969386474487,12.030633473157838,70.39167972774436,-4.579508368514825,3.148180037465832,37.87460013826374,7.759649578926366,0.0624994517845896,0.2793372835903909,0.6581632646250196,120.0,6.436292401010567,5.295178633006799
5,15,15,2.5191736081607834,29.817897442016974,11.83638052789329,72.51694478210369,-4.546738580363266,3.202768034690801,37.90918120117326,7.766250815516351,0.05610925390976,0.2701973693175767,0.6736933767726632,1313.3333333333337,6.457930575386048,5.347085354015194
5,15,16,2.3674687173052016,27.374640264090385,11.562830826018214,66.39841695556322,-4.797770103249064,2.851032429390175,32.966005660530314,7.713087583637586,0.0891520053153643,0.2860808410634177,0.6247671536212177,120.0,6.400271372316479,5.161788524681411
5,15,17,2.4014696699278093,28.876552258628102,12.024533401455018,72.02898331831925,-4.813802062658357,3.0963875317089244,37.23261529888282,7.750738563157704,0.0705132462729159,0.2745312872126912,0.654955466514393,120.0,6.440140188490082,5.283277415367549
5,15,18,2.439524077669237,29.536587601628028,12.107520426626731,69.55065685035503,-4.5078256333117945,2.8535091286020604,34.54892006211529,7.723299798046265,0.0973957049218824,0.2724568175767712,0.6301474775013464,120.0,6.406868696179727,5.077776960931233
5,15,19,2.499339669440261,29.67981924029283,11.87506428325517,70.06930299139756,-4.646597438678337,3.1565130822530567,37.48379576269097,7.742928272905253,0.0639551696530157,0.2811111441182656,0.6549336862287185,120.0,6.427708080866266,5.294557740200316
5,15,20,2.643467910834178,30.58979730880701,11.571843631403883,69.87195517604458,-4.43018195868551,3.268047450934264,37.81733408221936,7.742093572610644,0.0478612809758469,0.2790233372212417,0.6731153818029114,1273.3333333333337,6.435849219907084,5.354322308964964
5,15,21,2.2799310188390587,26.80764104462285,11.758093040145273,68.03638304635521,-4.987208562756374,2.7918008598973385,32.82625426023048,7.697720211526606,0.1020552442717424,0.2798802541144843,0.6180645016137731,120.0,6.396493999410273,5.107803823544408
5,15,22,2.5268540979169067,30.04541768674379,11.89044421342439,70.95233482011962,-4.525519887134385,3.151609786932662,37.47404035400514,7.745033226381939,0.0699913788830389,0.2782922533684513,0.6517163677485096,120.0,6.425583579581334,5.237800834813423
5,15,23,2.181681359280428,26.06809621271894,11.948626733152654,69.44197932534314,-5.155119957897738,2.7549887596347755,32.91833234290715,7.72610872307928,0.1013973365812216,0.2740634572344185,0.6245392061843599,120.0,6.416221025071646,5.1420302322509
5,15,24,2.602184681900838,31.457752856985465,12.08897780230044,73.94103243865416,-4.360618814661165,3.2752379317936025,39.59427865470527,7.78040512910931,0.0583976125925364,0.2697102630115638,0.6718921243958997,120.0,6.454694321806578,5.301426008907164
5,15,25,2.281465402750526,27.39614068664553,12.008133304856102,71.57798242861152,-4.996966406767521,2.896810584452397,34.7852876570225,7.752329845128692,0.0867511585042702,0.271663123446405,0.6415857180493246,120.0,6.436864521245953,5.2088267338960055
5,15,26,2.350503095286529,28.038619024707504,11.928773495739456,70.0587953820344,-4.82037059870185,2.9279249299852075,34.92655330232235,7.750185811265115,0.0798236508443985,0.2768188666349704,0.643357482520631,120.0,6.430180019495581,5.216845043704488
5,15,27,2.532905483443475,30.675690217477968,12.110870467923853,73.69222226113928,-4.442753307739811,3.1657856717967494,38.34042020033972,7.776700047833371,0.066427527841295,0.2688481125199955,0.6647243596387095,120.0,6.448795019093847,5.255077076686376
5,15,28,2.5783658223741943,31.338636389666608,12.154456950103986,74.73092144773582,-4.389405493437252,3.232127505548871,39.28475462344074,7.787866150895139,0.0613577525878392,0.2664734027155833,0.6721688446965773,120.0,6.461669576770809,5.292509669252299
5,15,29,2.196450759799028,26.324401999099692,11.984972520626114,66.34895269797663,-4.9840911545834885,2.5531003893412287,30.598838008654457,7.666384362523294,0.1299169708209524,0.2715795586042689,0.5985034705747786,120.0,6.368024920405431,4.9514842368317975
5,15,30,2.566319141623298,30.309097907786384,11.810338556963217,70.9631905038857,-4.391943604528172,3.15317125374416,37.2400200348027,7.75457318987393,0.0686376754175924,0.2776609457934635,0.6537013787889441,120.0,6.429399130141479,5.236088495390091
5,15,31,2.626752649133881,31.866320956179635,12.131450963487906,74.15522553631092,-4.301381187999587,3.309770096557453,40.15231362680537,7.776692199494878,0.0575574361121048,0.2694400510636987,0.6730025128241964,120.0,6.449966180723406,5.29418616301367
5,15,32,2.7574696274032555,32.812133284934035,11.8993634449688,72.5135085290848,-4.167627287740632,3.397803311615172,40.431696519427504,7.768980301511037,0.0445257833947422,0.2731326893256344,0.6823415272796234,1313.3333333333337,6.446593539714212,5.337520658966085
5,15,33,2.52145458450259,29.769867694970333,11.806624588022498,69.64030130319472,-4.602403310755973,3.185908353523871,37.61482390190121,7.734229533907033,0.0643828758476178,0.2841816949806711,0.651435429171711,120.0,6.418554854840433,5.278028445098492
5,15,34,2.259627060487052,27.702080353982133,12.259580723914274,69.7225840430955,-4.77774248633947,2.589204984178528,31.742567514297843,7.677044753884793,0.1324298086191707,0.2591473414539016,0.6084228499269277,120.0,6.375637291175538,4.89715484883412
5,15,35,2.388813675900273,28.083123240842266,11.756096142684116,69.05902456250631,-4.761848486948416,2.961101953254348,34.81099925074784,7.724610438880086,0.0827895902123837,0.2804597775205664,0.63675063226705,120.0,6.411326635415422,5.1865716204400485
5,15,36,2.528547391564113,30.817802727876128,12.187947447887382,75.75961159678637,-4.46382062373045,3.230233573865257,39.36991704267119,7.793524226028617,0.057657677545323,0.2618834915758711,0.6804588308788057,1273.3333333333337,6.473597332530086,5.33244855173836
5,15,37,2.4546374586798456,29.595861575020677,12.057121295190344,72.66338714643122,-4.640247861749172,3.154227944821404,38.03090892339062,7.761943768907131,0.0631643935374407,0.271803305586472,0.6650323008760873,120.0,6.446104244097263,5.306341428146064
5,15,38,2.2612649520669623,27.14746330716391,12.005432305643412,70.32009836833686,-5.00727617374517,2.8417566984847946,34.11651767276792,7.731846116194083,0.0935397752266924,0.2738760532714527,0.6325841715018549,120.0,6.421687624993909,5.162060068932106
5,15,39,2.34471466381605,28.28265056381901,12.06229951997173,70.92592090624457,-4.869556642263716,2.946056829991637,35.536219886217566,7.76336841690474,0.0785068397847972,0.2752838062246021,0.6462093539906006,120.0,6.444472727537403,5.2466698555494204
5,15,40,2.5130509594298824,29.89946098122426,11.89767396838118,69.93741644862757,-4.652690155765999,3.182792706463723,37.86782993044692,7.744844114177735,0.0577475970777689,0.280465226600073,0.6617871763221579,1313.3333333333337,6.433224372237689,5.334657025311511
5,15,41,2.570056091225976,31.55657166269274,12.278553674538497,75.72228721911428,-4.337387694168064,3.215567252827161,39.4825151079266,7.797355947316936,0.0642264315510258,0.2630673683228967,0.6727062001260774,120.0,6.4645628704086775,5.269217409047406
5,15,42,2.348846860509888,28.40725707567121,12.09412906105959,72.69530615121666,-4.797918158497449,2.9563056456587447,35.75394202253596,7.759830763226542,0.0849072920064741,0.2687587866229741,0.6463339213705517,120.0,6.440183841200894,5.194657822704261
5,15,43,2.4377284313046537,29.411595998182133,12.065165102267471,68.60928117486642,-4.516690718954872,2.837652690734144,34.23674821660098,7.72898741029292,0.0954008275407577,0.2745639059069055,0.6300352665523368,120.0,6.409803714073092,5.091016174107928
5,15,44,2.345729005676294,28.616320487576264,12.199329256844797,71.65573318221718,-4.684833970083037,2.809180208526199,34.270114305623025,7.730286801256312,0.1033381919492439,0.2652306532765339,0.6314311547742223,120.0,6.415582853115716,5.059195193673949
5,15,45,2.279795215753795,27.194372269220267,11.928427641790922,66.6411119784062,-4.828464714152187,2.6514166637255894,31.62723182148939,7.685649131800094,0.1148866566672774,0.2726210404924253,0.6124923028402973,120.0,6.381713038967444,5.005722570215161
5,15,46,2.3093218619226312,27.037107852836986,11.707812712744674,68.18109495337593,-4.893386386636137,2.811370350970748,32.91499753532878,7.697249830217888,0.0991559160247544,0.2791440314833963,0.6217000524918491,120.0,6.393326663282849,5.101897944331956
5,15,47,2.2917226062689564,27.98795265361362,12.212626683985746,68.65893467659768,-4.686195605679939,2.584691249324199,31.565869321361166,7.69464436215321,0.1284545992579517,0.2603528292299436,0.6111925715121046,120.0,6.385857811047326,4.921948739875464
5,15,48,2.471884057732713,29.4409403274634,11.910324125180663,72.12062708719229,-4.6630967110310975,3.176479282502281,37.83289783152348,7.760390464909184,0.0603840697956284,0.2733641085898731,0.6662518216144983,120.0,6.448132645463097,5.324969055883676
5,15,49,2.3400013963456585,28.91708170350977,12.35771984951338,74.85660729229512,-4.770183399119926,2.9479226972966632,36.429602831214,7.786559279361008,0.0849852672867238,0.2623567573940413,0.6526579753192349,120.0,6.457823247474671,5.194989286454077
5,20,0,2.599518469559484,29.46951204000548,11.33652727806908,61.50343884543448,-4.759059308152929,2.542843023837273,28.827009303578915,7.602211747243201,0.1194897002095106,0.1727634553991477,0.7077468443913416,106.66666666666669,6.54564776783971,4.644359389532166
5,20,1,2.824157598128159,32.18487440012285,11.396274209858142,61.44054165250744,-4.2809415201041645,2.6244571744909373,29.90903361252824,7.639343427170993,0.1042121232772014,0.1687304913267433,0.7270573853960551,106.66666666666669,6.564838550713764,4.707472821108203
5,20,2,2.777726240389246,31.343781310469737,11.283970628465353,62.382725929300925,-4.68116946887836,2.7938444795468214,31.5256590477064,7.637452535908075,0.0876712296551995,0.1810732018550322,0.731255568489768,106.66666666666669,6.574403073291048,4.85776188256429
5,20,3,2.532014393303121,27.48156977744902,10.853638845866962,52.295592649396006,-4.518276480888044,2.1650694435659514,23.49888181668698,7.374302935474747,0.1775216792570032,0.1766965984504536,0.645781722292543,106.66666666666669,6.403543407045034,4.306160693365813
5,20,4,2.742923749005883,29.814253583234503,10.86951600241898,51.22371257320461,-3.711966510802815,2.1581729432759915,23.458295342926057,7.466139967706752,0.172220461170359,0.1684737526825169,0.6593057861471241,106.66666666666669,6.443133122737468,4.336034408333072
5,20,5,2.570571337328353,28.747535415644048,11.18332527799907,59.54127697452335,-4.739692276297246,2.4380118660969483,27.26507973018369,7.536143311657741,0.134576043812549,0.1736254263530677,0.6917985298343833,106.66666666666669,6.5087414810997775,4.551686905409026
5,20,6,2.894926939864603,32.96815290654473,11.388250408864089,61.96146996767846,-4.190327063573463,2.692796099091098,30.66623627646182,7.653232403232029,0.0972696631447379,0.1720697156300094,0.7306606212252527,106.66666666666669,6.575644467612561,4.771857628648111
5,20,7,2.7828167338625804,30.100415177960844,10.81652802057904,52.59821148868537,-4.050661789477154,2.3207187584200586,25.102119478333965,7.503005300475626,0.1403894747402471,0.1822022811368006,0.6774082441229522,106.66666666666669,6.48893621860633,4.522055155619325
5,20,8,2.7424244899766115,30.80856501541445,11.2340613672383,63.87712336938719,-5.010216239937588,2.971818939725104,33.38559634119287,7.638387490275479,0.0740825689979525,0.1871907963908039,0.7387266346112435,106.66666666666669,6.580257546310187,4.964278634137957
5,20,9,2.6694392195485226,29.565177445128867,11.07542633996708,56.586553310680166,-4.290414250738701,2.3054898011160745,25.53428246980643,7.497761697108747,0.1526551078669157,0.1668832447086764,0.680461647424408,106.66666666666669,6.475114384440671,4.418107146626056
5,20,10,2.723845250863913,30.25795869674261,11.108545423843662,53.82989489113524,-3.7676856173432594,2.201515683832087,24.45563697515298,7.482879403884398,0.1699013792034353,0.1646885858881002,0.6654100349084645,106.66666666666669,6.45337300343711,4.346634192116225
5,20,11,2.871206257941775,33.32597403745726,11.606959251108275,67.56498286592897,-4.517296907140425,3.0373490508141208,35.2543866641919,7.700783625215821,0.0722272934225414,0.167973384452042,0.7597993221254166,106.66666666666669,6.601006093344672,4.94531637943872
5,20,12,2.614330557047473,28.46913036081535,10.88964449582356,54.64885970099558,-4.442824158932639,2.288647987060732,24.922562955173564,7.500088524883285,0.1499306934368413,0.1769693940941651,0.6730999124689935,106.66666666666669,6.48095162181197,4.475373658104428
5,20,13,2.807262464787668,32.17176861709724,11.46019263272934,65.15914273531669,-4.6601990369181285,2.918282215424463,33.44407634543249,7.670407230574206,0.0797718338260096,0.1743658081591939,0.7458623580147964,106.66666666666669,6.59024712946388,4.909184689165042
5,20,14,2.868056684023478,32.483331651936645,11.32590294776431,61.71478062286993,-4.300177237382346,2.7087048378071783,30.67852810714377,7.643213341012058,0.0954434531853253,0.1740998337962807,0.730456713018394,106.66666666666669,6.57292261683739,4.786714488850794
5,20,15,2.7420419281577506,29.739637559511447,10.845799713752776,54.560672666516105,-4.310565182406366,2.41150860477806,26.154739335414245,7.539248329762749,0.1268067064461248,0.1863434984726815,0.6868497950811936,106.66666666666669,6.51615677957022,4.617270424329005
5,20,16,2.7665211643432883,31.582009627717035,11.415784572612845,60.74126391284077,-4.126543470361888,2.463010976919057,28.117202712488663,7.619387915765541,0.1272890951597397,0.163701022822432,0.7090098820178282,106.66666666666669,6.543862686340168,4.573645634627848
5,20,17,2.904579727264376,32.78974494220567,11.288980858200812,59.379082452236,-4.057340106018816,2.610761471983154,29.472836282546,7.63498162769725,0.1038990956472135,0.1758109169983988,0.7202899873543877,106.66666666666669,6.567101968161522,4.744493485649651
5,20,18,2.713593844901255,30.820251285411047,11.3577244963616,58.05781138083607,-4.016673700483892,2.300227241600924,26.12534728912909,7.533100723599138,0.1553181243834891,0.1602511337143234,0.6844307419021873,106.66666666666669,6.486267974557801,4.402747173605471
5,20,19,2.796039502869396,32.22246309215906,11.524323264779062,66.55957924707836,-4.640256876001813,2.968273939607408,34.20734841845505,7.676910620011903,0.0778524522784074,0.1693621821630781,0.7527853655585145,106.66666666666669,6.591166489020356,4.901768419242892
5,20,20,2.814960240879893,31.482538529772192,11.184008240177295,59.12407752029782,-4.33528226249795,2.592296669174201,28.99226730902842,7.607303831603776,0.106216799548676,0.1785813672701675,0.7152018331811566,106.66666666666669,6.555150478879058,4.727288710802061
5,20,21,2.6221650297539,29.119229645390813,11.1050331748661,53.4337122274482,-4.094508970849122,2.156326157559462,23.946073515529367,7.429085743794886,0.1813748917789,0.1643488685729604,0.6542762396481395,106.66666666666669,6.419903330037526,4.282133886911296
5,20,22,2.751908293518911,31.203599643283194,11.338895164774051,60.57181083895787,-4.448310652887776,2.596867668599581,29.44561025104186,7.620465235809985,0.1082394416767687,0.176294339255919,0.7154662190673122,106.66666666666669,6.560100480188742,4.7256780839738965
5,20,23,2.6952584913585493,28.991426082005656,10.756454779738949,48.45797440379829,-3.674476115331444,2.0835119300226927,22.41120185833572,7.413070754766672,0.1841501732311617,0.1711817732111002,0.644668053557738,106.66666666666669,6.408744134543147,4.299671616997718
5,20,24,2.5495734085015744,28.56773541038783,11.204907972105635,60.003770300521126,-4.708238623347147,2.4105850251930434,27.010383366223994,7.534076594980384,0.1405919689382533,0.1703625040744355,0.6890455269873111,106.66666666666669,6.50189860904201,4.512203194354923
5,20,25,2.8613734850029187,38.93591630234435,13.60742192741212,67.6154694578498,-5.2124103852623085,2.952788125142033,40.17983388105983,7.652227962681643,0.0769123235538503,0.1866722757738423,0.7364154006723073,106.66666666666669,6.596866276169618,5.034901661488314
5,20,26,2.806108935414338,31.451647236363,11.208277354962696,58.25793503921663,-4.165809089035795,2.4766817023882832,27.75933544032905,7.586275255730971,0.1217795378728266,0.1723134745958752,0.705906987531298,106.66666666666669,6.535114850876268,4.613857593119295
5,20,27,2.9062425669425926,32.42224830728235,11.156070961203698,56.32695499169424,-3.789135533626597,2.514653142533738,28.053648900920265,7.642530199819722,0.1076330172640582,0.1815391820771391,0.7108278006588025,106.66666666666669,6.570878629161116,4.764770076708368
5,20,28,2.6947406738109243,31.28581213770002,11.609952839526992,65.06396797399184,-4.539092647882796,2.6549156133600973,30.82344506403461,7.647005510285475,0.1086273588759675,0.1643987670069905,0.726973874117042,106.66666666666669,6.566494675072189,4.692878551589072
5,20,29,2.7734147096025152,31.18673765814905,11.244887953528854,58.20085997735405,-4.111753051109344,2.446299709360486,27.50836613250887,7.590174895019604,0.1271750204731898,0.1716099011252339,0.7012150784015764,106.66666666666669,6.5347814488243445,4.602360087860352
5,20,30,2.9514586890446863,33.47578004251916,11.342113703564808,61.55695308307333,-4.173632967440701,2.770336327199482,31.421469620212648,7.683058341655366,0.085699863261877,0.1761384834850734,0.7381616532530495,106.66666666666669,6.593433989165696,4.87320216257185
5,20,31,2.7275534928370337,30.81793136138301,11.298744989719006,63.39495763759139,-4.82098436726612,2.82196513045311,31.88466437886882,7.643919589168138,0.0863844979591754,0.1801189299961606,0.7334965720446639,106.66666666666669,6.576696672737612,4.866282067117414
5,20,32,2.818612529107772,31.1613106402174,11.05554960762254,52.96185841792568,-3.497010409202058,2.1983173877704663,24.303606933795585,7.523117102525427,0.1622203317436433,0.1638839449171907,0.6738957233391658,106.66666666666669,6.47510956180136,4.388263281175335
5,20,33,2.8496928074229086,32.00805458367327,11.232107018798084,56.46082777585192,-3.7692152252611937,2.406384856695753,27.028772238821794,7.600653363646293,0.1282386284171874,0.1719821189104405,0.6997792526723721,106.66666666666669,6.53759192354309,4.602817329847292
5,20,34,2.6537681120218157,29.592786492233166,11.151232980069022,56.14558241850964,-4.143772635039434,2.2413871488532826,24.9942302953956,7.477757170326273,0.1667020070647183,0.1619233521256488,0.6713746408096329,106.66666666666669,6.455851582075499,4.345611276837955
5,20,35,2.5645053778269165,27.470002709633544,10.71161828988278,49.79121576849056,-4.1153486833051565,2.0562048555614223,22.025281538577502,7.323437536034094,0.2036402272567242,0.1660878125092867,0.6302719602339891,106.66666666666669,6.351669713684058,4.174697680013183
5,20,36,2.808141178006463,30.922802125863463,11.01184027642655,53.43165135389567,-3.722162376959196,2.310640690884791,25.44440622423521,7.580996468123278,0.1361131311181353,0.1785806669598015,0.6853062019220632,106.66666666666669,6.5247400356185965,4.5765765091943535
5,20,37,2.6706218414819447,29.187942063137637,10.929268086469728,51.35425299339392,-3.880635133483111,2.099150025685933,22.94217338444137,7.371914477872394,0.1941951443545733,0.1614753882083,0.6443294674371268,106.66666666666669,6.382058173437366,4.204205298958972
5,20,38,2.802770808936087,31.635817488745563,11.287336584169116,59.01882863397425,-4.250008628645447,2.5272079838885806,28.52544713234985,7.612173165121669,0.1144427132867727,0.174807490948672,0.7107497957645552,106.66666666666669,6.550679957053147,4.673862142696832
5,20,39,2.837675189073575,31.663984445694307,11.15842453273581,58.583975452133416,-4.30869336796024,2.620455006873955,29.240149435632727,7.621256511520658,0.1012716736886069,0.1832917532344972,0.7154365730768958,106.66666666666669,6.564514633725999,4.782289917877739
5,20,40,2.936188425495304,33.49750279649308,11.408499027388682,61.74966293307909,-4.065734996970007,2.690790237879676,30.69787781175724,7.657098902011814,0.0972009498967312,0.1707401259907901,0.7320589241124786,106.66666666666669,6.577240995651421,4.769619701379746
5,20,41,2.67939324316233,29.66577332907133,11.071825087555483,53.64552132096444,-3.892740055884216,2.1739633043776045,24.069741452832982,7.447880014005398,0.1779637227561728,0.1633309167302179,0.6587053605136092,106.66666666666669,6.431235095938547,4.300349373881283
5,20,42,2.888398836964378,32.88626290942679,11.385637775699038,62.24440092849789,-4.165222018159884,2.6799037550704763,30.51241342896812,7.660721648205955,0.0979477419393692,0.1695672026898871,0.7324850553707437,106.66666666666669,6.576567112715601,4.767486199226007
5,20,43,2.938222084853178,32.67678355683056,11.121277634281824,55.59095191361181,-3.737743860135271,2.425348504154294,26.972974074590024,7.598076673170047,0.122115907965683,0.1743002033720867,0.7035838886622302,106.66666666666669,6.541040470141795,4.62092041959003
5,20,44,2.768438429207646,31.278045709720683,11.298082478457996,58.28745889332208,-4.03022760180026,2.385749874886716,26.95439885944096,7.592097868130456,0.1349226097072575,0.1662095248877446,0.6988678654049979,106.66666666666669,6.526826966760347,4.535650733646002
5,20,45,2.580365143973794,28.847364575988724,11.179566831213442,56.7977621238576,-4.398801409881278,2.2776910889677824,25.463599749974648,7.4932977200738975,0.1601891771001104,0.1664997158728872,0.6733111070270025,106.66666666666669,6.469094339635079,4.390723353926832
5,20,46,2.962765144050084,33.41856295415795,11.27951806145355,59.716271787909015,-4.028776965690679,2.675217296256484,30.175161811437945,7.659584785292306,0.0946141953100324,0.1778890692332583,0.7274967354567092,106.66666666666669,6.582451207675151,4.807525221954524
5,20,47,2.918267928220595,33.377941480870895,11.437586370358732,60.22937664173818,-3.6893927782194815,2.4840178104264394,28.41116825226179,7.6367037763547,0.1226547569912601,0.1630117778366142,0.7143334651721255,106.66666666666669,6.5535233598797085,4.600771384590898
5,20,48,2.677312953700439,29.67771290521335,11.0848875041651,56.2838256819612,-4.3064124902166485,2.351651977884504,26.06779762379708,7.524204036856255,0.1420124895729402,0.1743906896693428,0.6835968207577169,106.66666666666669,6.497063029638737,4.510325752242943
5,20,49,2.8877502005456783,32.92686360190454,11.40225480572474,58.22948820870538,-3.606105920441844,2.40469782711019,27.41897735548301,7.643443508248525,0.128086420858314,0.1667492494237216,0.7051643297179644,106.66666666666669,6.553933123805091,4.603577478356474
